Region Code,TEA Region,County Number,County Name,sy_end,demo_cat_type,ethnicity,enrolled_8th,graduated,total_enrolled,total_degrees,graduated_percent,total_enrolled_percent,total_degrees_percent
1,EDINBURG,31,CAMERON,2013,ethnicity,Hispanic,7449,6245,4014,1826,83%,53%,24%
1,EDINBURG,31,CAMERON,2013,ethnicity,Others,67,62,50,41,92%,74%,61%
1,EDINBURG,31,CAMERON,2013,ethnicity,White,182,147,115,68,80%,63%,37%
1,EDINBURG,108,HIDALGO,2013,ethnicity,Hispanic,14760,12585,8163,3703,85%,55%,25%
1,EDINBURG,108,HIDALGO,2013,ethnicity,Others,57,48,36,21,84%,63%,36%
1,EDINBURG,108,HIDALGO,2013,ethnicity,White,170,146,107,70,85%,62%,41%
1,EDINBURG,124,JIM HOGG,2013,ethnicity,Hispanic,72,64,44,21,88%,61%,29%
1,EDINBURG,214,STARR,2013,ethnicity,Hispanic,1234,1020,722,406,82%,58%,32%
1,EDINBURG,240,WEBB,2013,ethnicity,Hispanic,4813,4076,2848,1339,84%,59%,27%
1,EDINBURG,240,WEBB,2013,ethnicity,Others,16,13,10,6,81%,62%,37%
1,EDINBURG,240,WEBB,2013,ethnicity,White,31,24,22,6,77%,70%,19%
1,EDINBURG,245,WILLACY,2013,ethnicity,Hispanic,329,286,167,70,86%,50%,21%
1,EDINBURG,253,ZAPATA,2013,ethnicity,Hispanic,254,223,138,76,87%,54%,29%
2,CORPUS CHRISTI,4,ARANSAS,2013,ethnicity,Hispanic,100,82,32,13,82%,32%,13%
2,CORPUS CHRISTI,4,ARANSAS,2013,ethnicity,Others,10,9,8,5,90%,80%,50%
2,CORPUS CHRISTI,4,ARANSAS,2013,ethnicity,White,121,86,52,22,71%,42%,18%
2,CORPUS CHRISTI,13,BEE,2013,ethnicity,Hispanic,274,225,139,58,82%,50%,21%
2,CORPUS CHRISTI,13,BEE,2013,ethnicity,White,75,63,50,30,84%,66%,40%
2,CORPUS CHRISTI,24,BROOKS,2013,ethnicity,Hispanic,114,93,58,26,81%,50%,22%
2,CORPUS CHRISTI,66,DUVAL,2013,ethnicity,Hispanic,187,151,86,29,80%,45%,15%
2,CORPUS CHRISTI,125,JIM WELLS,2013,ethnicity,Hispanic,553,431,269,118,77%,48%,21%
2,CORPUS CHRISTI,125,JIM WELLS,2013,ethnicity,White,64,56,38,28,87%,59%,43%
2,CORPUS CHRISTI,137,KLEBERG,2013,ethnicity,Hispanic,291,228,149,62,78%,51%,21%
2,CORPUS CHRISTI,137,KLEBERG,2013,ethnicity,White,32,29,25,15,90%,78%,46%
2,CORPUS CHRISTI,149,LIVE OAK,2013,ethnicity,Hispanic,60,51,22,10,85%,36%,16%
2,CORPUS CHRISTI,149,LIVE OAK,2013,ethnicity,White,74,62,42,24,83%,56%,32%
2,CORPUS CHRISTI,178,NUECES,2013,ethnicity,African American,133,109,72,17,81%,54%,12%
2,CORPUS CHRISTI,178,NUECES,2013,ethnicity,Hispanic,3377,2756,1657,618,81%,49%,18%
2,CORPUS CHRISTI,178,NUECES,2013,ethnicity,Others,118,103,64,40,87%,54%,33%
2,CORPUS CHRISTI,178,NUECES,2013,ethnicity,White,906,716,502,287,79%,55%,31%
2,CORPUS CHRISTI,205,SAN PATRICIO,2013,ethnicity,Hispanic,735,602,343,133,81%,46%,18%
2,CORPUS CHRISTI,205,SAN PATRICIO,2013,ethnicity,White,292,232,147,75,79%,50%,25%
3,VICTORIA,29,CALHOUN,2013,ethnicity,Hispanic,216,187,99,29,86%,45%,13%
3,VICTORIA,29,CALHOUN,2013,ethnicity,Others,26,20,12,9,76%,46%,34%
3,VICTORIA,29,CALHOUN,2013,ethnicity,White,101,82,54,23,81%,53%,22%
3,VICTORIA,45,COLORADO,2013,ethnicity,Hispanic,91,80,37,16,87%,40%,17%
3,VICTORIA,45,COLORADO,2013,ethnicity,White,101,80,56,36,79%,55%,35%
3,VICTORIA,62,DE WITT,2013,ethnicity,Hispanic,107,88,40,15,82%,37%,14%
3,VICTORIA,62,DE WITT,2013,ethnicity,White,116,97,58,43,83%,50%,37%
3,VICTORIA,88,GOLIAD,2013,ethnicity,Hispanic,48,45,26,12,93%,54%,25%
3,VICTORIA,88,GOLIAD,2013,ethnicity,White,54,45,32,20,83%,59%,37%
3,VICTORIA,120,JACKSON,2013,ethnicity,Hispanic,33,24,13,5,72%,39%,15%
3,VICTORIA,120,JACKSON,2013,ethnicity,White,142,120,101,63,84%,71%,44%
3,VICTORIA,128,KARNES,2013,ethnicity,Hispanic,49,41,13,5,83%,26%,10%
3,VICTORIA,128,KARNES,2013,ethnicity,White,16,14,10,7,87%,62%,43%
3,VICTORIA,143,LAVACA,2013,ethnicity,White,92,85,65,47,92%,70%,51%
3,VICTORIA,158,MATAGORDA,2013,ethnicity,African American,40,34,22,8,85%,55%,20%
3,VICTORIA,158,MATAGORDA,2013,ethnicity,Hispanic,256,210,107,63,82%,41%,24%
3,VICTORIA,158,MATAGORDA,2013,ethnicity,Others,13,13,11,9,100%,84%,69%
3,VICTORIA,158,MATAGORDA,2013,ethnicity,White,162,133,96,60,82%,59%,37%
3,VICTORIA,196,REFUGIO,2013,ethnicity,Hispanic,55,49,33,15,89%,60%,27%
3,VICTORIA,196,REFUGIO,2013,ethnicity,White,16,14,9,5,87%,56%,31%
3,VICTORIA,235,VICTORIA,2013,ethnicity,African American,86,64,47,11,74%,54%,12%
3,VICTORIA,235,VICTORIA,2013,ethnicity,Hispanic,684,506,268,87,73%,39%,12%
3,VICTORIA,235,VICTORIA,2013,ethnicity,Others,28,19,14,6,67%,50%,21%
3,VICTORIA,235,VICTORIA,2013,ethnicity,White,316,247,189,87,78%,59%,27%
3,VICTORIA,241,WHARTON,2013,ethnicity,African American,87,79,49,18,90%,56%,20%
3,VICTORIA,241,WHARTON,2013,ethnicity,Hispanic,284,242,136,55,85%,47%,19%
3,VICTORIA,241,WHARTON,2013,ethnicity,White,209,190,160,116,90%,76%,55%
4,HOUSTON,20,BRAZORIA,2013,ethnicity,African American,631,550,412,153,87%,65%,24%
4,HOUSTON,20,BRAZORIA,2013,ethnicity,Hispanic,1708,1455,900,437,85%,52%,25%
4,HOUSTON,20,BRAZORIA,2013,ethnicity,Others,375,339,265,182,90%,70%,48%
4,HOUSTON,20,BRAZORIA,2013,ethnicity,White,1920,1614,1177,697,84%,61%,36%
4,HOUSTON,36,CHAMBERS,2013,ethnicity,Hispanic,65,56,47,30,86%,72%,46%
4,HOUSTON,36,CHAMBERS,2013,ethnicity,Others,17,13,12,7,76%,70%,41%
4,HOUSTON,36,CHAMBERS,2013,ethnicity,White,330,300,237,143,90%,71%,43%
4,HOUSTON,79,FORT BEND,2013,ethnicity,African American,2097,1795,1304,523,85%,62%,24%
4,HOUSTON,79,FORT BEND,2013,ethnicity,Hispanic,2399,1980,1229,510,82%,51%,21%
4,HOUSTON,79,FORT BEND,2013,ethnicity,Others,1479,1378,1093,837,93%,73%,56%
4,HOUSTON,79,FORT BEND,2013,ethnicity,White,1724,1487,1153,737,86%,66%,42%
4,HOUSTON,84,GALVESTON,2013,ethnicity,African American,740,601,430,164,81%,58%,22%
4,HOUSTON,84,GALVESTON,2013,ethnicity,Hispanic,1645,1404,953,482,85%,57%,29%
4,HOUSTON,84,GALVESTON,2013,ethnicity,Others,507,464,374,287,91%,73%,56%
4,HOUSTON,84,GALVESTON,2013,ethnicity,White,2921,2462,1889,1164,84%,64%,39%
4,HOUSTON,101,HARRIS,2013,ethnicity,African American,11867,9247,6007,1767,77%,50%,14%
4,HOUSTON,101,HARRIS,2013,ethnicity,Hispanic,30801,25352,14193,5849,82%,46%,18%
4,HOUSTON,101,HARRIS,2013,ethnicity,Others,4120,3619,2651,1745,87%,64%,42%
4,HOUSTON,101,HARRIS,2013,ethnicity,White,12143,10110,7050,4123,83%,58%,33%
4,HOUSTON,146,LIBERTY,2013,ethnicity,African American,68,56,40,12,82%,58%,17%
4,HOUSTON,146,LIBERTY,2013,ethnicity,Hispanic,265,212,89,49,80%,33%,18%
4,HOUSTON,146,LIBERTY,2013,ethnicity,White,676,508,273,113,75%,40%,16%
4,HOUSTON,237,WALLER,2013,ethnicity,African American,48,42,25,13,87%,52%,27%
4,HOUSTON,237,WALLER,2013,ethnicity,Hispanic,343,291,124,45,84%,36%,13%
4,HOUSTON,237,WALLER,2013,ethnicity,White,204,180,104,55,88%,50%,26%
5,BEAUMONT,36,CHAMBERS,2013,ethnicity,White,45,37,21,9,82%,46%,20%
5,BEAUMONT,100,HARDIN,2013,ethnicity,African American,27,23,14,7,85%,51%,25%
5,BEAUMONT,100,HARDIN,2013,ethnicity,Hispanic,20,17,12,6,85%,60%,30%
5,BEAUMONT,100,HARDIN,2013,ethnicity,White,703,546,377,207,77%,53%,29%
5,BEAUMONT,121,JASPER,2013,ethnicity,African American,81,68,29,8,83%,35%,9%
5,BEAUMONT,121,JASPER,2013,ethnicity,Hispanic,22,18,11,5,81%,50%,22%
5,BEAUMONT,121,JASPER,2013,ethnicity,White,332,268,161,92,80%,48%,27%
5,BEAUMONT,123,JEFFERSON,2013,ethnicity,African American,1102,871,519,168,79%,47%,15%
5,BEAUMONT,123,JEFFERSON,2013,ethnicity,Hispanic,697,543,316,145,77%,45%,20%
5,BEAUMONT,123,JEFFERSON,2013,ethnicity,Others,175,151,129,82,86%,73%,46%
5,BEAUMONT,123,JEFFERSON,2013,ethnicity,White,862,710,543,309,82%,62%,35%
5,BEAUMONT,176,NEWTON,2013,ethnicity,White,100,76,43,20,76%,43%,20%
5,BEAUMONT,181,ORANGE,2013,ethnicity,African American,99,81,51,10,81%,51%,10%
5,BEAUMONT,181,ORANGE,2013,ethnicity,Hispanic,83,64,43,16,77%,51%,19%
5,BEAUMONT,181,ORANGE,2013,ethnicity,White,846,689,434,217,81%,51%,25%
5,BEAUMONT,229,TYLER,2013,ethnicity,African American,16,16,11,6,100%,68%,37%
5,BEAUMONT,229,TYLER,2013,ethnicity,White,200,170,98,47,85%,49%,23%
6,HUNTSVILLE,8,AUSTIN,2013,ethnicity,Hispanic,152,132,65,28,86%,42%,18%
6,HUNTSVILLE,8,AUSTIN,2013,ethnicity,White,222,196,140,80,88%,63%,36%
6,HUNTSVILLE,21,BRAZOS,2013,ethnicity,African American,304,223,109,30,73%,35%,9%
6,HUNTSVILLE,21,BRAZOS,2013,ethnicity,Hispanic,706,567,278,117,80%,39%,16%
6,HUNTSVILLE,21,BRAZOS,2013,ethnicity,Others,86,72,46,35,83%,53%,40%
6,HUNTSVILLE,21,BRAZOS,2013,ethnicity,White,742,643,491,324,86%,66%,43%
6,HUNTSVILLE,26,BURLESON,2013,ethnicity,Hispanic,47,39,20,8,82%,42%,17%
6,HUNTSVILLE,26,BURLESON,2013,ethnicity,White,89,75,46,20,84%,51%,22%
6,HUNTSVILLE,93,GRIMES,2013,ethnicity,African American,49,38,20,9,77%,40%,18%
6,HUNTSVILLE,93,GRIMES,2013,ethnicity,Hispanic,96,87,30,9,90%,31%,9%
6,HUNTSVILLE,93,GRIMES,2013,ethnicity,White,126,106,67,38,84%,53%,30%
6,HUNTSVILLE,113,HOUSTON,2013,ethnicity,White,114,97,68,40,85%,59%,35%
6,HUNTSVILLE,145,LEON,2013,ethnicity,White,157,130,88,43,82%,56%,27%
6,HUNTSVILLE,154,MADISON,2013,ethnicity,Hispanic,44,36,14,7,81%,31%,15%
6,HUNTSVILLE,154,MADISON,2013,ethnicity,White,104,82,47,25,78%,45%,24%
6,HUNTSVILLE,166,MILAM,2013,ethnicity,Hispanic,98,83,38,14,84%,38%,14%
6,HUNTSVILLE,166,MILAM,2013,ethnicity,White,103,90,69,35,87%,66%,33%
6,HUNTSVILLE,170,MONTGOMERY,2013,ethnicity,African American,352,294,204,70,83%,57%,19%
6,HUNTSVILLE,170,MONTGOMERY,2013,ethnicity,Hispanic,2162,1743,916,362,80%,42%,16%
6,HUNTSVILLE,170,MONTGOMERY,2013,ethnicity,Others,338,283,211,134,83%,62%,39%
6,HUNTSVILLE,170,MONTGOMERY,2013,ethnicity,White,4330,3483,2359,1254,80%,54%,28%
6,HUNTSVILLE,187,POLK,2013,ethnicity,Hispanic,74,62,21,14,83%,28%,18%
6,HUNTSVILLE,187,POLK,2013,ethnicity,White,309,249,135,71,80%,43%,22%
6,HUNTSVILLE,198,ROBERTSON,2013,ethnicity,White,101,91,63,42,90%,62%,41%
6,HUNTSVILLE,204,SAN JACINTO,2013,ethnicity,White,156,112,41,14,71%,26%,8%
6,HUNTSVILLE,228,TRINITY,2013,ethnicity,White,112,87,45,24,77%,40%,21%
6,HUNTSVILLE,236,WALKER,2013,ethnicity,African American,96,77,54,18,80%,56%,18%
6,HUNTSVILLE,236,WALKER,2013,ethnicity,Hispanic,117,104,44,17,88%,37%,14%
6,HUNTSVILLE,236,WALKER,2013,ethnicity,Others,12,11,7,5,91%,58%,41%
6,HUNTSVILLE,236,WALKER,2013,ethnicity,White,227,191,123,49,84%,54%,21%
6,HUNTSVILLE,239,WASHINGTON,2013,ethnicity,African American,72,58,29,10,80%,40%,13%
6,HUNTSVILLE,239,WASHINGTON,2013,ethnicity,Hispanic,87,67,33,18,77%,37%,20%
6,HUNTSVILLE,239,WASHINGTON,2013,ethnicity,Others,12,11,9,5,91%,75%,41%
6,HUNTSVILLE,239,WASHINGTON,2013,ethnicity,White,201,170,141,93,84%,70%,46%
7,KILGORE,1,ANDERSON,2013,ethnicity,African American,82,69,50,18,84%,60%,21%
7,KILGORE,1,ANDERSON,2013,ethnicity,Hispanic,88,79,40,25,89%,45%,28%
7,KILGORE,1,ANDERSON,2013,ethnicity,White,371,290,172,88,78%,46%,23%
7,KILGORE,3,ANGELINA,2013,ethnicity,African American,143,123,92,25,86%,64%,17%
7,KILGORE,3,ANGELINA,2013,ethnicity,Hispanic,344,302,192,73,87%,55%,21%
7,KILGORE,3,ANGELINA,2013,ethnicity,Others,22,19,13,8,86%,59%,36%
7,KILGORE,3,ANGELINA,2013,ethnicity,White,677,583,386,204,86%,57%,30%
7,KILGORE,37,CHEROKEE,2013,ethnicity,African American,81,64,36,13,79%,44%,16%
7,KILGORE,37,CHEROKEE,2013,ethnicity,Hispanic,246,194,88,50,78%,35%,20%
7,KILGORE,37,CHEROKEE,2013,ethnicity,White,236,180,124,71,76%,52%,30%
7,KILGORE,92,GREGG,2013,ethnicity,African American,359,292,180,60,81%,50%,16%
7,KILGORE,92,GREGG,2013,ethnicity,Hispanic,413,341,171,89,82%,41%,21%
7,KILGORE,92,GREGG,2013,ethnicity,Others,28,21,16,7,75%,57%,25%
7,KILGORE,92,GREGG,2013,ethnicity,White,775,635,418,226,81%,53%,29%
7,KILGORE,102,HARRISON,2013,ethnicity,African American,198,159,102,32,80%,51%,16%
7,KILGORE,102,HARRISON,2013,ethnicity,Hispanic,133,106,54,27,79%,40%,20%
7,KILGORE,102,HARRISON,2013,ethnicity,White,571,477,289,144,83%,50%,25%
7,KILGORE,107,HENDERSON,2013,ethnicity,African American,17,16,8,6,94%,47%,35%
7,KILGORE,107,HENDERSON,2013,ethnicity,Hispanic,135,114,45,23,84%,33%,17%
7,KILGORE,107,HENDERSON,2013,ethnicity,White,533,415,268,144,77%,50%,27%
7,KILGORE,174,NACOGDOCHES,2013,ethnicity,African American,157,118,80,27,75%,50%,17%
7,KILGORE,174,NACOGDOCHES,2013,ethnicity,Hispanic,189,145,73,30,76%,38%,15%
7,KILGORE,174,NACOGDOCHES,2013,ethnicity,White,363,307,223,124,84%,61%,34%
7,KILGORE,183,PANOLA,2013,ethnicity,Hispanic,24,19,6,5,79%,25%,20%
7,KILGORE,183,PANOLA,2013,ethnicity,White,184,160,114,69,86%,61%,37%
7,KILGORE,190,RAINS,2013,ethnicity,White,105,76,46,17,72%,43%,16%
7,KILGORE,201,RUSK,2013,ethnicity,African American,74,69,45,18,93%,60%,24%
7,KILGORE,201,RUSK,2013,ethnicity,Hispanic,87,79,36,16,90%,41%,18%
7,KILGORE,201,RUSK,2013,ethnicity,White,329,253,179,106,76%,54%,32%
7,KILGORE,202,SABINE,2013,ethnicity,White,103,76,51,22,73%,49%,21%
7,KILGORE,203,SAN AUGUSTINE,2013,ethnicity,African American,31,28,13,5,90%,41%,16%
7,KILGORE,203,SAN AUGUSTINE,2013,ethnicity,White,32,24,12,8,75%,37%,25%
7,KILGORE,210,SHELBY,2013,ethnicity,Hispanic,67,55,27,19,82%,40%,28%
7,KILGORE,210,SHELBY,2013,ethnicity,White,173,145,102,61,83%,58%,35%
7,KILGORE,212,SMITH,2013,ethnicity,African American,524,412,279,114,78%,53%,21%
7,KILGORE,212,SMITH,2013,ethnicity,Hispanic,728,564,324,142,77%,44%,19%
7,KILGORE,212,SMITH,2013,ethnicity,Others,69,55,42,24,79%,60%,34%
7,KILGORE,212,SMITH,2013,ethnicity,White,1145,894,656,364,78%,57%,31%
7,KILGORE,230,UPSHUR,2013,ethnicity,Hispanic,24,17,10,8,70%,41%,33%
7,KILGORE,230,UPSHUR,2013,ethnicity,White,392,315,187,82,80%,47%,20%
7,KILGORE,234,VAN ZANDT,2013,ethnicity,Hispanic,25,25,14,5,100%,56%,20%
7,KILGORE,234,VAN ZANDT,2013,ethnicity,White,321,264,167,74,82%,52%,23%
7,KILGORE,250,WOOD,2013,ethnicity,Hispanic,53,50,20,10,94%,37%,18%
7,KILGORE,250,WOOD,2013,ethnicity,White,319,261,163,79,81%,51%,24%
8,MT PLEASANT,19,BOWIE,2013,ethnicity,African American,361,277,155,45,76%,42%,12%
8,MT PLEASANT,19,BOWIE,2013,ethnicity,Hispanic,56,42,22,11,75%,39%,19%
8,MT PLEASANT,19,BOWIE,2013,ethnicity,Others,39,32,24,12,82%,61%,30%
8,MT PLEASANT,19,BOWIE,2013,ethnicity,White,741,581,352,207,78%,47%,27%
8,MT PLEASANT,32,CAMP,2013,ethnicity,African American,39,37,22,8,94%,56%,20%
8,MT PLEASANT,32,CAMP,2013,ethnicity,Hispanic,67,59,28,10,88%,41%,14%
8,MT PLEASANT,32,CAMP,2013,ethnicity,White,97,76,49,25,78%,50%,25%
8,MT PLEASANT,34,CASS,2013,ethnicity,African American,42,37,16,6,88%,38%,14%
8,MT PLEASANT,34,CASS,2013,ethnicity,Hispanic,16,16,8,7,100%,50%,43%
8,MT PLEASANT,34,CASS,2013,ethnicity,White,262,206,137,65,78%,52%,24%
8,MT PLEASANT,60,DELTA,2013,ethnicity,White,38,34,26,16,89%,68%,42%
8,MT PLEASANT,80,FRANKLIN,2013,ethnicity,Hispanic,25,23,15,5,92%,60%,20%
8,MT PLEASANT,80,FRANKLIN,2013,ethnicity,White,76,65,45,26,85%,59%,34%
8,MT PLEASANT,112,HOPKINS,2013,ethnicity,Hispanic,78,66,33,15,84%,42%,19%
8,MT PLEASANT,112,HOPKINS,2013,ethnicity,White,291,244,157,87,83%,53%,29%
8,MT PLEASANT,139,LAMAR,2013,ethnicity,African American,103,87,55,15,84%,53%,14%
8,MT PLEASANT,139,LAMAR,2013,ethnicity,Hispanic,42,37,20,12,88%,47%,28%
8,MT PLEASANT,139,LAMAR,2013,ethnicity,White,419,347,241,138,82%,57%,32%
8,MT PLEASANT,155,MARION,2013,ethnicity,African American,44,39,23,6,88%,52%,13%
8,MT PLEASANT,155,MARION,2013,ethnicity,White,53,40,22,13,75%,41%,24%
8,MT PLEASANT,172,MORRIS,2013,ethnicity,White,99,84,53,28,84%,53%,28%
8,MT PLEASANT,194,RED RIVER,2013,ethnicity,African American,25,22,15,5,88%,60%,20%
8,MT PLEASANT,194,RED RIVER,2013,ethnicity,White,99,84,49,23,84%,49%,23%
8,MT PLEASANT,225,TITUS,2013,ethnicity,African American,40,35,25,7,87%,62%,17%
8,MT PLEASANT,225,TITUS,2013,ethnicity,Hispanic,205,180,104,53,87%,50%,25%
8,MT PLEASANT,225,TITUS,2013,ethnicity,White,150,119,91,55,79%,60%,36%
9,WICHITA FALLS,5,ARCHER,2013,ethnicity,White,141,127,87,54,90%,61%,38%
9,WICHITA FALLS,12,BAYLOR,2013,ethnicity,White,40,34,26,13,85%,65%,32%
9,WICHITA FALLS,39,CLAY,2013,ethnicity,White,91,82,56,31,90%,61%,34%
9,WICHITA FALLS,99,HARDEMAN,2013,ethnicity,White,24,18,14,11,75%,58%,45%
9,WICHITA FALLS,119,JACK,2013,ethnicity,White,84,71,43,15,84%,51%,17%
9,WICHITA FALLS,138,KNOX,2013,ethnicity,Hispanic,14,13,6,5,92%,42%,35%
9,WICHITA FALLS,138,KNOX,2013,ethnicity,White,24,24,21,11,100%,87%,45%
9,WICHITA FALLS,169,MONTAGUE,2013,ethnicity,Hispanic,16,16,9,6,100%,56%,37%
9,WICHITA FALLS,169,MONTAGUE,2013,ethnicity,White,165,130,80,50,78%,48%,30%
9,WICHITA FALLS,243,WICHITA,2013,ethnicity,African American,120,97,52,15,80%,43%,12%
9,WICHITA FALLS,243,WICHITA,2013,ethnicity,Hispanic,388,327,153,53,84%,39%,13%
9,WICHITA FALLS,243,WICHITA,2013,ethnicity,Others,61,51,41,23,83%,67%,37%
9,WICHITA FALLS,243,WICHITA,2013,ethnicity,White,817,660,377,202,80%,46%,24%
9,WICHITA FALLS,244,WILBARGER,2013,ethnicity,Hispanic,52,37,23,9,71%,44%,17%
9,WICHITA FALLS,244,WILBARGER,2013,ethnicity,White,52,36,27,19,69%,51%,36%
9,WICHITA FALLS,252,YOUNG,2013,ethnicity,White,194,173,111,63,89%,57%,32%
10,RICHARDSON,43,COLLIN,2013,ethnicity,African American,1495,1298,889,380,86%,59%,25%
10,RICHARDSON,43,COLLIN,2013,ethnicity,Hispanic,2492,2146,1279,603,86%,51%,24%
10,RICHARDSON,43,COLLIN,2013,ethnicity,Others,2045,1824,1373,1026,89%,67%,50%
10,RICHARDSON,43,COLLIN,2013,ethnicity,White,7471,6519,4658,2704,87%,62%,36%
10,RICHARDSON,57,DALLAS,2013,ethnicity,African American,7942,6231,4113,1336,78%,51%,16%
10,RICHARDSON,57,DALLAS,2013,ethnicity,Hispanic,17406,14282,7227,2698,82%,41%,15%
10,RICHARDSON,57,DALLAS,2013,ethnicity,Others,1952,1684,1271,805,86%,65%,41%
10,RICHARDSON,57,DALLAS,2013,ethnicity,White,4886,4070,2786,1481,83%,57%,30%
10,RICHARDSON,70,ELLIS,2013,ethnicity,African American,266,218,168,61,81%,63%,22%
10,RICHARDSON,70,ELLIS,2013,ethnicity,Hispanic,815,707,392,179,86%,48%,21%
10,RICHARDSON,70,ELLIS,2013,ethnicity,Others,48,41,28,21,85%,58%,43%
10,RICHARDSON,70,ELLIS,2013,ethnicity,White,1301,1093,798,461,84%,61%,35%
10,RICHARDSON,74,FANNIN,2013,ethnicity,White,239,207,127,75,86%,53%,31%
10,RICHARDSON,91,GRAYSON,2013,ethnicity,African American,107,82,55,17,76%,51%,15%
10,RICHARDSON,91,GRAYSON,2013,ethnicity,Hispanic,158,136,75,41,86%,47%,25%
10,RICHARDSON,91,GRAYSON,2013,ethnicity,Others,68,53,31,14,77%,45%,20%
10,RICHARDSON,91,GRAYSON,2013,ethnicity,White,1026,850,574,285,82%,55%,27%
10,RICHARDSON,116,HUNT,2013,ethnicity,African American,70,60,28,7,85%,40%,10%
10,RICHARDSON,116,HUNT,2013,ethnicity,Hispanic,230,201,80,37,87%,34%,16%
10,RICHARDSON,116,HUNT,2013,ethnicity,White,654,547,324,150,83%,49%,22%
10,RICHARDSON,129,KAUFMAN,2013,ethnicity,African American,169,140,92,32,82%,54%,18%
10,RICHARDSON,129,KAUFMAN,2013,ethnicity,Hispanic,454,372,209,96,81%,46%,21%
10,RICHARDSON,129,KAUFMAN,2013,ethnicity,Others,27,23,18,11,85%,66%,40%
10,RICHARDSON,129,KAUFMAN,2013,ethnicity,White,1197,981,615,329,81%,51%,27%
10,RICHARDSON,199,ROCKWALL,2013,ethnicity,African American,77,63,46,20,81%,59%,25%
10,RICHARDSON,199,ROCKWALL,2013,ethnicity,Hispanic,349,301,185,84,86%,53%,24%
10,RICHARDSON,199,ROCKWALL,2013,ethnicity,Others,112,98,72,39,87%,64%,34%
10,RICHARDSON,199,ROCKWALL,2013,ethnicity,White,980,820,624,371,83%,63%,37%
10,RICHARDSON,234,VAN ZANDT,2013,ethnicity,Hispanic,33,27,8,5,81%,24%,15%
10,RICHARDSON,234,VAN ZANDT,2013,ethnicity,White,293,251,152,76,85%,51%,25%
11,FORT WORTH,49,COOKE,2013,ethnicity,Hispanic,125,102,37,13,81%,29%,10%
11,FORT WORTH,49,COOKE,2013,ethnicity,White,208,177,121,69,85%,58%,33%
11,FORT WORTH,61,DENTON,2013,ethnicity,African American,803,691,428,155,86%,53%,19%
11,FORT WORTH,61,DENTON,2013,ethnicity,Hispanic,2058,1763,883,386,85%,42%,18%
11,FORT WORTH,61,DENTON,2013,ethnicity,Others,795,699,477,313,87%,60%,39%
11,FORT WORTH,61,DENTON,2013,ethnicity,White,5107,4397,2945,1609,86%,57%,31%
11,FORT WORTH,72,ERATH,2013,ethnicity,Hispanic,221,143,83,35,64%,37%,15%
11,FORT WORTH,72,ERATH,2013,ethnicity,White,331,248,175,103,74%,52%,31%
11,FORT WORTH,111,HOOD,2013,ethnicity,Hispanic,95,80,33,14,84%,34%,14%
11,FORT WORTH,111,HOOD,2013,ethnicity,White,437,374,216,99,85%,49%,22%
11,FORT WORTH,126,JOHNSON,2013,ethnicity,African American,38,34,26,13,89%,68%,34%
11,FORT WORTH,126,JOHNSON,2013,ethnicity,Hispanic,571,496,249,108,86%,43%,18%
11,FORT WORTH,126,JOHNSON,2013,ethnicity,Others,31,28,21,9,90%,67%,29%
11,FORT WORTH,126,JOHNSON,2013,ethnicity,White,1565,1311,809,391,83%,51%,24%
11,FORT WORTH,182,PALO PINTO,2013,ethnicity,Hispanic,89,72,32,15,80%,35%,16%
11,FORT WORTH,182,PALO PINTO,2013,ethnicity,White,221,168,86,42,76%,38%,19%
11,FORT WORTH,184,PARKER,2013,ethnicity,Hispanic,196,168,90,38,85%,45%,19%
11,FORT WORTH,184,PARKER,2013,ethnicity,Others,29,21,16,11,72%,55%,37%
11,FORT WORTH,184,PARKER,2013,ethnicity,White,1217,1011,700,357,83%,57%,29%
11,FORT WORTH,213,SOMERVELL,2013,ethnicity,Hispanic,34,33,17,9,97%,50%,26%
11,FORT WORTH,213,SOMERVELL,2013,ethnicity,White,79,67,41,27,84%,51%,34%
11,FORT WORTH,220,TARRANT,2013,ethnicity,African American,4928,3846,2533,847,78%,51%,17%
11,FORT WORTH,220,TARRANT,2013,ethnicity,Hispanic,9394,7606,4009,1624,80%,42%,17%
11,FORT WORTH,220,TARRANT,2013,ethnicity,Others,1977,1690,1227,802,85%,62%,40%
11,FORT WORTH,220,TARRANT,2013,ethnicity,White,9355,7781,5288,2837,83%,56%,30%
11,FORT WORTH,249,WISE,2013,ethnicity,Hispanic,146,129,67,36,88%,45%,24%
11,FORT WORTH,249,WISE,2013,ethnicity,White,389,322,219,106,82%,56%,27%
12,WACO,14,BELL,2013,ethnicity,African American,1135,800,570,181,70%,50%,15%
12,WACO,14,BELL,2013,ethnicity,Hispanic,1268,965,549,209,76%,43%,16%
12,WACO,14,BELL,2013,ethnicity,Others,395,272,191,88,68%,48%,22%
12,WACO,14,BELL,2013,ethnicity,White,1585,1183,793,407,74%,50%,25%
12,WACO,18,BOSQUE,2013,ethnicity,Hispanic,41,36,22,12,87%,53%,29%
12,WACO,18,BOSQUE,2013,ethnicity,White,136,114,81,43,83%,59%,31%
12,WACO,50,CORYELL,2013,ethnicity,African American,122,101,62,20,82%,50%,16%
12,WACO,50,CORYELL,2013,ethnicity,Hispanic,145,113,74,32,77%,51%,22%
12,WACO,50,CORYELL,2013,ethnicity,Others,56,43,32,14,76%,57%,25%
12,WACO,50,CORYELL,2013,ethnicity,White,456,359,220,102,78%,48%,22%
12,WACO,73,FALLS,2013,ethnicity,African American,27,24,16,5,88%,59%,18%
12,WACO,73,FALLS,2013,ethnicity,White,31,27,22,16,87%,70%,51%
12,WACO,81,FREESTONE,2013,ethnicity,Hispanic,20,15,8,6,75%,40%,30%
12,WACO,81,FREESTONE,2013,ethnicity,White,176,155,106,65,88%,60%,36%
12,WACO,97,HAMILTON,2013,ethnicity,White,87,71,46,27,81%,52%,31%
12,WACO,109,HILL,2013,ethnicity,Hispanic,120,101,60,28,84%,50%,23%
12,WACO,109,HILL,2013,ethnicity,White,220,194,135,82,88%,61%,37%
12,WACO,141,LAMPASAS,2013,ethnicity,Hispanic,73,57,24,8,78%,32%,10%
12,WACO,141,LAMPASAS,2013,ethnicity,White,185,154,92,47,83%,49%,25%
12,WACO,147,LIMESTONE,2013,ethnicity,Hispanic,55,49,24,14,89%,43%,25%
12,WACO,147,LIMESTONE,2013,ethnicity,White,123,107,65,32,86%,52%,26%
12,WACO,161,MCLENNAN,2013,ethnicity,African American,571,447,328,96,78%,57%,16%
12,WACO,161,MCLENNAN,2013,ethnicity,Hispanic,1185,953,618,283,80%,52%,23%
12,WACO,161,MCLENNAN,2013,ethnicity,Others,102,89,74,50,87%,72%,49%
12,WACO,161,MCLENNAN,2013,ethnicity,White,1390,1194,963,561,85%,69%,40%
12,WACO,167,MILLS,2013,ethnicity,White,36,34,24,16,94%,66%,44%
12,WACO,175,NAVARRO,2013,ethnicity,African American,90,79,50,10,87%,55%,11%
12,WACO,175,NAVARRO,2013,ethnicity,Hispanic,202,167,96,48,82%,47%,23%
12,WACO,175,NAVARRO,2013,ethnicity,Others,20,17,12,7,85%,60%,35%
12,WACO,175,NAVARRO,2013,ethnicity,White,307,240,186,99,78%,60%,32%
13,AUSTIN,11,BASTROP,2013,ethnicity,African American,84,72,43,16,85%,51%,19%
13,AUSTIN,11,BASTROP,2013,ethnicity,Hispanic,526,441,191,84,83%,36%,15%
13,AUSTIN,11,BASTROP,2013,ethnicity,White,417,351,224,123,84%,53%,29%
13,AUSTIN,16,BLANCO,2013,ethnicity,Hispanic,29,28,16,7,96%,55%,24%
13,AUSTIN,16,BLANCO,2013,ethnicity,White,85,81,52,27,95%,61%,31%
13,AUSTIN,27,BURNET,2013,ethnicity,Hispanic,177,146,68,27,82%,38%,15%
13,AUSTIN,27,BURNET,2013,ethnicity,White,348,280,187,97,80%,53%,27%
13,AUSTIN,28,CALDWELL,2013,ethnicity,Hispanic,311,273,110,38,87%,35%,12%
13,AUSTIN,28,CALDWELL,2013,ethnicity,White,143,113,60,31,79%,41%,21%
13,AUSTIN,46,COMAL,2013,ethnicity,African American,60,45,36,16,75%,60%,26%
13,AUSTIN,46,COMAL,2013,ethnicity,Hispanic,767,659,347,174,85%,45%,22%
13,AUSTIN,46,COMAL,2013,ethnicity,Others,53,48,32,19,90%,60%,35%
13,AUSTIN,46,COMAL,2013,ethnicity,White,1166,998,676,446,85%,57%,38%
13,AUSTIN,75,FAYETTE,2013,ethnicity,Hispanic,81,73,41,26,90%,50%,32%
13,AUSTIN,75,FAYETTE,2013,ethnicity,White,134,122,100,69,91%,74%,51%
13,AUSTIN,86,GILLESPIE,2013,ethnicity,Hispanic,100,75,28,9,75%,28%,9%
13,AUSTIN,86,GILLESPIE,2013,ethnicity,White,163,142,95,54,87%,58%,33%
13,AUSTIN,89,GONZALES,2013,ethnicity,Hispanic,184,152,51,18,82%,27%,9%
13,AUSTIN,89,GONZALES,2013,ethnicity,White,65,50,37,23,76%,56%,35%
13,AUSTIN,94,GUADALUPE,2013,ethnicity,Hispanic,438,362,131,60,82%,29%,13%
13,AUSTIN,94,GUADALUPE,2013,ethnicity,White,271,242,153,89,89%,56%,32%
13,AUSTIN,105,HAYS,2013,ethnicity,African American,77,61,33,15,79%,42%,19%
13,AUSTIN,105,HAYS,2013,ethnicity,Hispanic,1301,1069,555,219,82%,42%,16%
13,AUSTIN,105,HAYS,2013,ethnicity,Others,52,44,28,19,84%,53%,36%
13,AUSTIN,105,HAYS,2013,ethnicity,White,927,788,539,301,85%,58%,32%
13,AUSTIN,130,KENDALL,2013,ethnicity,Hispanic,51,47,22,9,92%,43%,17%
13,AUSTIN,130,KENDALL,2013,ethnicity,White,28,27,16,12,96%,57%,42%
13,AUSTIN,144,LEE,2013,ethnicity,Hispanic,64,57,23,11,89%,35%,17%
13,AUSTIN,144,LEE,2013,ethnicity,White,105,84,55,34,80%,52%,32%
13,AUSTIN,150,LLANO,2013,ethnicity,White,106,79,46,26,74%,43%,24%
13,AUSTIN,166,MILAM,2013,ethnicity,White,23,21,13,5,91%,56%,21%
13,AUSTIN,227,TRAVIS,2013,ethnicity,African American,1148,899,527,171,78%,45%,14%
13,AUSTIN,227,TRAVIS,2013,ethnicity,Hispanic,5678,4399,2183,822,77%,38%,14%
13,AUSTIN,227,TRAVIS,2013,ethnicity,Others,707,599,442,290,84%,62%,41%
13,AUSTIN,227,TRAVIS,2013,ethnicity,White,2946,2476,1693,1033,84%,57%,35%
13,AUSTIN,246,WILLIAMSON,2013,ethnicity,African American,521,429,277,122,82%,53%,23%
13,AUSTIN,246,WILLIAMSON,2013,ethnicity,Hispanic,2345,2028,1153,535,86%,49%,22%
13,AUSTIN,246,WILLIAMSON,2013,ethnicity,Others,781,699,520,378,89%,66%,48%
13,AUSTIN,246,WILLIAMSON,2013,ethnicity,White,4240,3642,2712,1696,85%,63%,40%
14,ABILENE,30,CALLAHAN,2013,ethnicity,Hispanic,15,12,10,6,80%,66%,40%
14,ABILENE,30,CALLAHAN,2013,ethnicity,White,112,86,65,39,76%,58%,34%
14,ABILENE,47,COMANCHE,2013,ethnicity,Hispanic,85,78,49,21,91%,57%,24%
14,ABILENE,47,COMANCHE,2013,ethnicity,White,73,59,37,22,80%,50%,30%
14,ABILENE,67,EASTLAND,2013,ethnicity,Hispanic,45,43,31,16,95%,68%,35%
14,ABILENE,67,EASTLAND,2013,ethnicity,White,112,92,62,34,82%,55%,30%
14,ABILENE,76,FISHER,2013,ethnicity,White,12,10,9,7,83%,75%,58%
14,ABILENE,104,HASKELL,2013,ethnicity,White,22,21,20,16,95%,90%,72%
14,ABILENE,127,JONES,2013,ethnicity,White,102,88,62,32,86%,60%,31%
14,ABILENE,168,MITCHELL,2013,ethnicity,Hispanic,42,37,24,13,88%,57%,30%
14,ABILENE,168,MITCHELL,2013,ethnicity,White,27,22,14,6,81%,51%,22%
14,ABILENE,177,NOLAN,2013,ethnicity,Hispanic,88,72,42,20,81%,47%,22%
14,ABILENE,177,NOLAN,2013,ethnicity,White,89,72,48,32,80%,53%,35%
14,ABILENE,208,SCURRY,2013,ethnicity,Hispanic,96,73,43,17,76%,44%,17%
14,ABILENE,208,SCURRY,2013,ethnicity,White,109,94,65,41,86%,59%,37%
14,ABILENE,209,SHACKELFORD,2013,ethnicity,White,29,25,14,10,86%,48%,34%
14,ABILENE,215,STEPHENS,2013,ethnicity,Hispanic,27,20,9,6,74%,33%,22%
14,ABILENE,215,STEPHENS,2013,ethnicity,White,69,58,34,16,84%,49%,23%
14,ABILENE,221,TAYLOR,2013,ethnicity,African American,267,173,114,38,64%,42%,14%
14,ABILENE,221,TAYLOR,2013,ethnicity,Hispanic,781,536,323,133,68%,41%,17%
14,ABILENE,221,TAYLOR,2013,ethnicity,Others,177,127,112,64,71%,63%,36%
14,ABILENE,221,TAYLOR,2013,ethnicity,White,1449,1007,693,399,69%,47%,27%
15,SAN ANGELO,25,BROWN,2013,ethnicity,Hispanic,128,100,37,20,78%,28%,15%
15,SAN ANGELO,25,BROWN,2013,ethnicity,White,288,239,149,72,82%,51%,25%
15,SAN ANGELO,41,COKE,2013,ethnicity,White,38,32,21,16,84%,55%,42%
15,SAN ANGELO,42,COLEMAN,2013,ethnicity,White,45,33,22,11,73%,48%,24%
15,SAN ANGELO,48,CONCHO,2013,ethnicity,White,11,11,8,5,100%,72%,45%
15,SAN ANGELO,53,CROCKETT,2013,ethnicity,Hispanic,38,32,15,7,84%,39%,18%
15,SAN ANGELO,53,CROCKETT,2013,ethnicity,White,18,15,10,6,83%,55%,33%
15,SAN ANGELO,69,EDWARDS,2013,ethnicity,White,13,8,6,5,61%,46%,38%
15,SAN ANGELO,118,IRION,2013,ethnicity,White,16,12,8,5,75%,50%,31%
15,SAN ANGELO,134,KIMBLE,2013,ethnicity,White,36,32,25,18,88%,69%,50%
15,SAN ANGELO,157,MASON,2013,ethnicity,White,40,38,28,20,95%,70%,50%
15,SAN ANGELO,160,MCCULLOCH,2013,ethnicity,Hispanic,51,43,21,11,84%,41%,21%
15,SAN ANGELO,160,MCCULLOCH,2013,ethnicity,White,54,48,32,20,88%,59%,37%
15,SAN ANGELO,200,RUNNELS,2013,ethnicity,Hispanic,35,29,19,10,82%,54%,28%
15,SAN ANGELO,200,RUNNELS,2013,ethnicity,White,88,80,64,38,90%,72%,43%
15,SAN ANGELO,206,SAN SABA,2013,ethnicity,White,30,25,21,13,83%,70%,43%
15,SAN ANGELO,207,SCHLEICHER,2013,ethnicity,Hispanic,28,27,17,8,96%,60%,28%
15,SAN ANGELO,207,SCHLEICHER,2013,ethnicity,White,18,16,11,8,88%,61%,44%
15,SAN ANGELO,218,SUTTON,2013,ethnicity,Hispanic,62,60,36,17,96%,58%,27%
15,SAN ANGELO,218,SUTTON,2013,ethnicity,White,20,16,12,6,80%,60%,30%
15,SAN ANGELO,226,TOM GREEN,2013,ethnicity,African American,38,27,12,5,71%,31%,13%
15,SAN ANGELO,226,TOM GREEN,2013,ethnicity,Hispanic,658,546,295,129,82%,44%,19%
15,SAN ANGELO,226,TOM GREEN,2013,ethnicity,Others,30,25,14,9,83%,46%,30%
15,SAN ANGELO,226,TOM GREEN,2013,ethnicity,White,537,459,319,170,85%,59%,31%
15,SAN ANGELO,233,VAL VERDE,2013,ethnicity,Hispanic,728,556,350,179,76%,48%,24%
15,SAN ANGELO,233,VAL VERDE,2013,ethnicity,White,48,36,29,22,75%,60%,45%
16,AMARILLO,6,ARMSTRONG,2013,ethnicity,White,24,23,17,11,95%,70%,45%
16,AMARILLO,23,BRISCOE,2013,ethnicity,White,12,11,10,6,91%,83%,50%
16,AMARILLO,33,CARSON,2013,ethnicity,White,71,60,39,26,84%,54%,36%
16,AMARILLO,35,CASTRO,2013,ethnicity,Hispanic,100,80,38,23,80%,38%,23%
16,AMARILLO,35,CASTRO,2013,ethnicity,White,17,14,14,10,82%,82%,58%
16,AMARILLO,38,CHILDRESS,2013,ethnicity,Hispanic,34,28,11,7,82%,32%,20%
16,AMARILLO,38,CHILDRESS,2013,ethnicity,White,51,43,31,22,84%,60%,43%
16,AMARILLO,44,COLLINGSWORTH,2013,ethnicity,Hispanic,23,20,10,6,86%,43%,26%
16,AMARILLO,56,DALLAM,2013,ethnicity,Hispanic,58,46,24,13,79%,41%,22%
16,AMARILLO,56,DALLAM,2013,ethnicity,White,72,59,40,26,81%,55%,36%
16,AMARILLO,59,DEAF SMITH,2013,ethnicity,Hispanic,269,208,96,42,77%,35%,15%
16,AMARILLO,59,DEAF SMITH,2013,ethnicity,White,38,35,26,16,92%,68%,42%
16,AMARILLO,65,DONLEY,2013,ethnicity,White,26,25,16,12,96%,61%,46%
16,AMARILLO,90,GRAY,2013,ethnicity,Hispanic,103,88,30,11,85%,29%,10%
16,AMARILLO,90,GRAY,2013,ethnicity,White,138,111,69,36,80%,50%,26%
16,AMARILLO,96,HALL,2013,ethnicity,Hispanic,20,20,9,5,100%,45%,25%
16,AMARILLO,96,HALL,2013,ethnicity,White,35,34,25,15,97%,71%,42%
16,AMARILLO,98,HANSFORD,2013,ethnicity,White,25,22,13,7,88%,52%,28%
16,AMARILLO,103,HARTLEY,2013,ethnicity,White,14,12,8,5,85%,57%,35%
16,AMARILLO,106,HEMPHILL,2013,ethnicity,Hispanic,34,31,15,8,91%,44%,23%
16,AMARILLO,106,HEMPHILL,2013,ethnicity,White,33,29,19,15,87%,57%,45%
16,AMARILLO,117,HUTCHINSON,2013,ethnicity,Hispanic,87,75,40,21,86%,45%,24%
16,AMARILLO,117,HUTCHINSON,2013,ethnicity,White,198,157,112,56,79%,56%,28%
16,AMARILLO,171,MOORE,2013,ethnicity,Hispanic,233,206,114,68,88%,48%,29%
16,AMARILLO,171,MOORE,2013,ethnicity,White,90,82,64,44,91%,71%,48%
16,AMARILLO,179,OCHILTREE,2013,ethnicity,Hispanic,123,108,51,30,87%,41%,24%
16,AMARILLO,179,OCHILTREE,2013,ethnicity,White,55,45,33,17,81%,60%,30%
16,AMARILLO,180,OLDHAM,2013,ethnicity,White,63,46,36,20,73%,57%,31%
16,AMARILLO,185,PARMER,2013,ethnicity,Hispanic,65,54,21,15,83%,32%,23%
16,AMARILLO,185,PARMER,2013,ethnicity,White,42,33,28,22,78%,66%,52%
16,AMARILLO,188,POTTER,2013,ethnicity,African American,218,161,116,38,73%,53%,17%
16,AMARILLO,188,POTTER,2013,ethnicity,Hispanic,1107,897,542,226,81%,48%,20%
16,AMARILLO,188,POTTER,2013,ethnicity,Others,206,148,114,51,71%,55%,24%
16,AMARILLO,188,POTTER,2013,ethnicity,White,1083,904,633,332,83%,58%,30%
16,AMARILLO,191,RANDALL,2013,ethnicity,Hispanic,134,116,79,46,86%,58%,34%
16,AMARILLO,191,RANDALL,2013,ethnicity,Others,21,15,8,5,71%,38%,23%
16,AMARILLO,191,RANDALL,2013,ethnicity,White,525,455,328,178,86%,62%,33%
16,AMARILLO,219,SWISHER,2013,ethnicity,Hispanic,43,38,16,6,88%,37%,13%
16,AMARILLO,219,SWISHER,2013,ethnicity,White,39,38,29,17,97%,74%,43%
17,LUBBOCK,9,BAILEY,2013,ethnicity,Hispanic,79,67,37,15,84%,46%,18%
17,LUBBOCK,9,BAILEY,2013,ethnicity,White,14,12,9,8,85%,64%,57%
17,LUBBOCK,17,BORDEN,2013,ethnicity,White,10,9,9,6,90%,90%,60%
17,LUBBOCK,40,COCHRAN,2013,ethnicity,Hispanic,13,13,11,7,100%,84%,53%
17,LUBBOCK,40,COCHRAN,2013,ethnicity,White,16,14,13,8,87%,81%,50%
17,LUBBOCK,54,CROSBY,2013,ethnicity,White,11,11,10,6,100%,90%,54%
17,LUBBOCK,58,DAWSON,2013,ethnicity,Hispanic,104,78,47,15,75%,45%,14%
17,LUBBOCK,58,DAWSON,2013,ethnicity,White,32,29,25,17,90%,78%,53%
17,LUBBOCK,63,DICKENS,2013,ethnicity,White,12,11,8,5,91%,66%,41%
17,LUBBOCK,77,FLOYD,2013,ethnicity,Hispanic,47,44,24,9,93%,51%,19%
17,LUBBOCK,77,FLOYD,2013,ethnicity,White,21,19,19,15,90%,90%,71%
17,LUBBOCK,83,GAINES,2013,ethnicity,Hispanic,120,101,32,17,84%,26%,14%
17,LUBBOCK,83,GAINES,2013,ethnicity,White,101,77,45,27,76%,44%,26%
17,LUBBOCK,85,GARZA,2013,ethnicity,Hispanic,31,28,14,6,90%,45%,19%
17,LUBBOCK,85,GARZA,2013,ethnicity,White,18,12,10,5,66%,55%,27%
17,LUBBOCK,95,HALE,2013,ethnicity,African American,23,22,14,5,95%,60%,21%
17,LUBBOCK,95,HALE,2013,ethnicity,Hispanic,390,329,195,76,84%,50%,19%
17,LUBBOCK,95,HALE,2013,ethnicity,White,115,101,75,46,87%,65%,40%
17,LUBBOCK,110,HOCKLEY,2013,ethnicity,Hispanic,172,128,91,43,74%,52%,25%
17,LUBBOCK,110,HOCKLEY,2013,ethnicity,White,108,89,69,41,82%,63%,37%
17,LUBBOCK,140,LAMB,2013,ethnicity,Hispanic,83,67,32,14,80%,38%,16%
17,LUBBOCK,140,LAMB,2013,ethnicity,White,34,28,26,16,82%,76%,47%
17,LUBBOCK,152,LUBBOCK,2013,ethnicity,African American,286,210,117,27,73%,40%,9%
17,LUBBOCK,152,LUBBOCK,2013,ethnicity,Hispanic,1646,1302,659,244,79%,40%,14%
17,LUBBOCK,152,LUBBOCK,2013,ethnicity,Others,119,100,78,51,84%,65%,42%
17,LUBBOCK,152,LUBBOCK,2013,ethnicity,White,1248,1048,798,437,83%,63%,35%
17,LUBBOCK,153,LYNN,2013,ethnicity,White,24,22,17,15,91%,70%,62%
17,LUBBOCK,223,TERRY,2013,ethnicity,Hispanic,108,92,39,14,85%,36%,12%
17,LUBBOCK,223,TERRY,2013,ethnicity,White,21,17,10,6,80%,47%,28%
17,LUBBOCK,251,YOAKUM,2013,ethnicity,Hispanic,119,107,60,30,89%,50%,25%
17,LUBBOCK,251,YOAKUM,2013,ethnicity,White,36,33,27,22,91%,75%,61%
18,MIDLAND,2,ANDREWS,2013,ethnicity,Hispanic,156,133,58,26,85%,37%,16%
18,MIDLAND,2,ANDREWS,2013,ethnicity,White,71,59,39,18,83%,54%,25%
18,MIDLAND,22,BREWSTER,2013,ethnicity,Hispanic,47,41,26,13,87%,55%,27%
18,MIDLAND,22,BREWSTER,2013,ethnicity,White,26,15,15,6,57%,57%,23%
18,MIDLAND,52,CRANE,2013,ethnicity,Hispanic,56,47,23,8,83%,41%,14%
18,MIDLAND,52,CRANE,2013,ethnicity,White,24,18,13,6,75%,54%,25%
18,MIDLAND,55,CULBERSON,2013,ethnicity,Hispanic,21,19,11,6,90%,52%,28%
18,MIDLAND,68,ECTOR,2013,ethnicity,African American,103,68,40,12,66%,38%,11%
18,MIDLAND,68,ECTOR,2013,ethnicity,Hispanic,1511,1095,672,252,72%,44%,16%
18,MIDLAND,68,ECTOR,2013,ethnicity,Others,64,45,27,17,70%,42%,26%
18,MIDLAND,68,ECTOR,2013,ethnicity,White,528,362,251,111,68%,47%,21%
18,MIDLAND,114,HOWARD,2013,ethnicity,Hispanic,211,155,79,31,73%,37%,14%
18,MIDLAND,114,HOWARD,2013,ethnicity,White,174,121,71,43,69%,40%,24%
18,MIDLAND,156,MARTIN,2013,ethnicity,Hispanic,44,33,16,8,75%,36%,18%
18,MIDLAND,156,MARTIN,2013,ethnicity,White,21,17,14,7,80%,66%,33%
18,MIDLAND,165,MIDLAND,2013,ethnicity,African American,153,110,66,11,71%,43%,7%
18,MIDLAND,165,MIDLAND,2013,ethnicity,Hispanic,1019,774,458,152,75%,44%,14%
18,MIDLAND,165,MIDLAND,2013,ethnicity,Others,44,34,25,13,77%,56%,29%
18,MIDLAND,165,MIDLAND,2013,ethnicity,White,586,458,329,177,78%,56%,30%
18,MIDLAND,186,PECOS,2013,ethnicity,Hispanic,162,140,60,27,86%,37%,16%
18,MIDLAND,186,PECOS,2013,ethnicity,White,18,16,11,9,88%,61%,50%
18,MIDLAND,189,PRESIDIO,2013,ethnicity,Hispanic,113,91,66,34,80%,58%,30%
18,MIDLAND,195,REEVES,2013,ethnicity,Hispanic,172,138,58,21,80%,33%,12%
18,MIDLAND,238,WARD,2013,ethnicity,Hispanic,69,57,33,8,82%,47%,11%
18,MIDLAND,238,WARD,2013,ethnicity,White,56,45,29,15,80%,51%,26%
18,MIDLAND,248,WINKLER,2013,ethnicity,Hispanic,71,58,33,13,81%,46%,18%
19,EL PASO,71,El Paso&Hudsp,2013,ethnicity,African American,286,187,129,52,65%,45%,18%
19,EL PASO,71,El Paso&Hudsp,2013,ethnicity,Hispanic,12022,9903,6879,2733,82%,57%,22%
19,EL PASO,71,El Paso&Hudsp,2013,ethnicity,Others,104,71,43,26,68%,41%,25%
19,EL PASO,71,El Paso&Hudsp,2013,ethnicity,White,699,438,296,149,62%,42%,21%
19,EL PASO,115,El Paso&Hudsp,2013,ethnicity,Hispanic,34,27,14,6,79%,41%,17%
20,SAN ANTONIO,7,ATASCOSA,2013,ethnicity,Hispanic,439,349,178,69,79%,40%,15%
20,SAN ANTONIO,7,ATASCOSA,2013,ethnicity,White,164,140,93,44,85%,56%,26%
20,SAN ANTONIO,10,BANDERA,2013,ethnicity,Hispanic,59,54,31,12,91%,52%,20%
20,SAN ANTONIO,10,BANDERA,2013,ethnicity,White,136,107,74,38,78%,54%,27%
20,SAN ANTONIO,15,BEXAR,2013,ethnicity,African American,1612,1216,754,283,75%,46%,17%
20,SAN ANTONIO,15,BEXAR,2013,ethnicity,Hispanic,17557,13632,8445,3585,77%,48%,20%
20,SAN ANTONIO,15,BEXAR,2013,ethnicity,Others,839,682,507,329,81%,60%,39%
20,SAN ANTONIO,15,BEXAR,2013,ethnicity,White,3939,3187,2326,1413,80%,59%,35%
20,SAN ANTONIO,64,DIMMIT,2013,ethnicity,Hispanic,149,103,71,36,69%,47%,24%
20,SAN ANTONIO,82,FRIO,2013,ethnicity,Hispanic,203,160,66,28,78%,32%,13%
20,SAN ANTONIO,94,GUADALUPE,2013,ethnicity,African American,148,124,89,49,83%,60%,33%
20,SAN ANTONIO,94,GUADALUPE,2013,ethnicity,Hispanic,409,346,214,103,84%,52%,25%
20,SAN ANTONIO,94,GUADALUPE,2013,ethnicity,Others,89,70,57,31,78%,64%,34%
20,SAN ANTONIO,94,GUADALUPE,2013,ethnicity,White,498,405,270,165,81%,54%,33%
20,SAN ANTONIO,128,KARNES,2013,ethnicity,White,30,28,26,15,93%,86%,50%
20,SAN ANTONIO,130,KENDALL,2013,ethnicity,Hispanic,152,129,80,47,84%,52%,30%
20,SAN ANTONIO,130,KENDALL,2013,ethnicity,Others,21,16,11,8,76%,52%,38%
20,SAN ANTONIO,130,KENDALL,2013,ethnicity,White,428,382,286,197,89%,66%,46%
20,SAN ANTONIO,133,KERR,2013,ethnicity,Hispanic,198,172,66,32,86%,33%,16%
20,SAN ANTONIO,133,KERR,2013,ethnicity,White,220,186,132,82,84%,60%,37%
20,SAN ANTONIO,136,KINNEY,2013,ethnicity,Hispanic,46,42,31,16,91%,67%,34%
20,SAN ANTONIO,142,LA SALLE,2013,ethnicity,Hispanic,78,65,35,13,83%,44%,16%
20,SAN ANTONIO,159,MAVERICK,2013,ethnicity,Hispanic,1135,950,693,367,83%,61%,32%
20,SAN ANTONIO,163,MEDINA,2013,ethnicity,Hispanic,433,340,172,90,78%,39%,20%
20,SAN ANTONIO,163,MEDINA,2013,ethnicity,White,215,178,138,83,82%,64%,38%
20,SAN ANTONIO,232,UVALDE,2013,ethnicity,Hispanic,354,279,182,102,78%,51%,28%
20,SAN ANTONIO,232,UVALDE,2013,ethnicity,White,73,60,46,27,82%,63%,36%
20,SAN ANTONIO,247,WILSON,2013,ethnicity,Hispanic,337,293,188,92,86%,55%,27%
20,SAN ANTONIO,247,WILSON,2013,ethnicity,White,312,273,190,118,87%,60%,37%
20,SAN ANTONIO,254,ZAVALA,2013,ethnicity,Hispanic,187,163,112,47,87%,59%,25%
