Region Code,TEA Region,County Number,County Name,sy_end,demo_cat_type,gender,enrolled_8th,graduated,total_enrolled,total_degrees,graduated_percent,total_enrolled_percent,total_degrees_percent
1,EDINBURG,31,CAMERON,2013,gender,Female,3798,3239,2255,1147,85%,59%,30%
1,EDINBURG,31,CAMERON,2013,gender,Male,3923,3229,1937,796,82%,49%,20%
1,EDINBURG,108,HIDALGO,2013,gender,Female,7267,6322,4349,2197,86%,59%,30%
1,EDINBURG,108,HIDALGO,2013,gender,Male,7773,6494,3981,1609,83%,51%,20%
1,EDINBURG,124,JIM HOGG,2013,gender,Female,34,29,20,7,85%,58%,20%
1,EDINBURG,124,JIM HOGG,2013,gender,Male,40,37,25,14,92%,62%,35%
1,EDINBURG,214,STARR,2013,gender,Female,616,529,404,261,85%,65%,42%
1,EDINBURG,214,STARR,2013,gender,Male,613,486,314,143,79%,51%,23%
1,EDINBURG,240,WEBB,2013,gender,Female,2388,2075,1568,799,86%,65%,33%
1,EDINBURG,240,WEBB,2013,gender,Male,2481,2044,1316,553,82%,53%,22%
1,EDINBURG,245,WILLACY,2013,gender,Female,157,139,90,41,88%,57%,26%
1,EDINBURG,245,WILLACY,2013,gender,Male,146,121,65,25,82%,44%,17%
1,EDINBURG,253,ZAPATA,2013,gender,Female,136,124,80,52,91%,58%,38%
1,EDINBURG,253,ZAPATA,2013,gender,Male,123,102,61,25,82%,49%,20%
2,CORPUS CHRISTI,4,ARANSAS,2013,gender,Female,103,83,53,26,80%,51%,25%
2,CORPUS CHRISTI,4,ARANSAS,2013,gender,Male,132,96,40,14,72%,30%,10%
2,CORPUS CHRISTI,13,BEE,2013,gender,Female,186,152,120,61,81%,64%,32%
2,CORPUS CHRISTI,13,BEE,2013,gender,Male,167,139,71,30,83%,42%,17%
2,CORPUS CHRISTI,24,BROOKS,2013,gender,Female,51,41,31,15,80%,60%,29%
2,CORPUS CHRISTI,24,BROOKS,2013,gender,Male,65,54,29,12,83%,44%,18%
2,CORPUS CHRISTI,66,DUVAL,2013,gender,Female,77,65,38,15,84%,49%,19%
2,CORPUS CHRISTI,66,DUVAL,2013,gender,Male,54,37,21,7,68%,38%,12%
2,CORPUS CHRISTI,125,JIM WELLS,2013,gender,Female,308,251,182,90,81%,59%,29%
2,CORPUS CHRISTI,125,JIM WELLS,2013,gender,Male,326,251,137,60,76%,42%,18%
2,CORPUS CHRISTI,137,KLEBERG,2013,gender,Female,160,129,97,44,80%,60%,27%
2,CORPUS CHRISTI,137,KLEBERG,2013,gender,Male,175,136,79,33,77%,45%,18%
2,CORPUS CHRISTI,149,LIVE OAK,2013,gender,Female,64,50,33,21,78%,51%,32%
2,CORPUS CHRISTI,149,LIVE OAK,2013,gender,Male,76,65,32,14,85%,42%,18%
2,CORPUS CHRISTI,178,NUECES,2013,gender,Female,2242,1849,1261,565,82%,56%,25%
2,CORPUS CHRISTI,178,NUECES,2013,gender,Male,2379,1911,1087,416,80%,45%,17%
2,CORPUS CHRISTI,205,SAN PATRICIO,2013,gender,Female,538,454,297,149,84%,55%,27%
2,CORPUS CHRISTI,205,SAN PATRICIO,2013,gender,Male,451,352,193,65,78%,42%,14%
3,VICTORIA,29,CALHOUN,2013,gender,Female,159,140,90,35,88%,56%,22%
3,VICTORIA,29,CALHOUN,2013,gender,Male,191,155,77,27,81%,40%,14%
3,VICTORIA,45,COLORADO,2013,gender,Female,118,97,54,27,82%,45%,22%
3,VICTORIA,45,COLORADO,2013,gender,Male,142,124,65,33,87%,45%,23%
3,VICTORIA,62,DE WITT,2013,gender,Female,108,94,57,34,87%,52%,31%
3,VICTORIA,62,DE WITT,2013,gender,Male,143,113,52,26,79%,36%,18%
3,VICTORIA,88,GOLIAD,2013,gender,Female,61,55,41,23,90%,67%,37%
3,VICTORIA,88,GOLIAD,2013,gender,Male,51,43,24,11,84%,47%,21%
3,VICTORIA,120,JACKSON,2013,gender,Female,113,96,67,41,84%,59%,36%
3,VICTORIA,120,JACKSON,2013,gender,Male,135,107,78,37,79%,57%,27%
3,VICTORIA,128,KARNES,2013,gender,Female,25,19,12,7,76%,48%,28%
3,VICTORIA,128,KARNES,2013,gender,Male,41,37,11,5,90%,26%,12%
3,VICTORIA,143,LAVACA,2013,gender,Female,52,50,36,23,96%,69%,44%
3,VICTORIA,143,LAVACA,2013,gender,Male,62,55,35,22,88%,56%,35%
3,VICTORIA,158,MATAGORDA,2013,gender,Female,253,206,136,85,81%,53%,33%
3,VICTORIA,158,MATAGORDA,2013,gender,Male,247,208,118,62,84%,47%,25%
3,VICTORIA,196,REFUGIO,2013,gender,Female,45,42,31,16,93%,68%,35%
3,VICTORIA,196,REFUGIO,2013,gender,Male,27,22,15,6,81%,55%,22%
3,VICTORIA,235,VICTORIA,2013,gender,Female,510,400,285,102,78%,55%,20%
3,VICTORIA,235,VICTORIA,2013,gender,Male,551,398,216,83,72%,39%,15%
3,VICTORIA,241,WHARTON,2013,gender,Female,316,288,209,112,91%,66%,35%
3,VICTORIA,241,WHARTON,2013,gender,Male,285,243,147,83,85%,51%,29%
4,HOUSTON,20,BRAZORIA,2013,gender,Female,2283,1994,1460,848,87%,63%,37%
4,HOUSTON,20,BRAZORIA,2013,gender,Male,2406,2011,1322,631,83%,54%,26%
4,HOUSTON,36,CHAMBERS,2013,gender,Female,225,197,166,104,87%,73%,46%
4,HOUSTON,36,CHAMBERS,2013,gender,Male,234,214,158,89,91%,67%,38%
4,HOUSTON,79,FORT BEND,2013,gender,Female,3833,3362,2512,1477,87%,65%,38%
4,HOUSTON,79,FORT BEND,2013,gender,Male,3883,3290,2274,1134,84%,58%,29%
4,HOUSTON,84,GALVESTON,2013,gender,Female,2905,2505,1951,1224,86%,67%,42%
4,HOUSTON,84,GALVESTON,2013,gender,Male,2988,2494,1740,897,83%,58%,30%
4,HOUSTON,101,HARRIS,2013,gender,Female,28935,24401,16244,8046,84%,56%,27%
4,HOUSTON,101,HARRIS,2013,gender,Male,29976,23920,13653,5446,79%,45%,18%
4,HOUSTON,146,LIBERTY,2013,gender,Female,539,423,256,121,78%,47%,22%
4,HOUSTON,146,LIBERTY,2013,gender,Male,551,419,187,66,76%,33%,11%
4,HOUSTON,237,WALLER,2013,gender,Female,306,262,148,67,85%,48%,21%
4,HOUSTON,237,WALLER,2013,gender,Male,357,304,138,53,85%,38%,14%
5,BEAUMONT,36,CHAMBERS,2013,gender,Female,37,29,17,7,78%,45%,18%
5,BEAUMONT,36,CHAMBERS,2013,gender,Male,50,43,19,7,86%,38%,14%
5,BEAUMONT,100,HARDIN,2013,gender,Female,387,314,234,129,81%,60%,33%
5,BEAUMONT,100,HARDIN,2013,gender,Male,411,312,195,101,75%,47%,24%
5,BEAUMONT,121,JASPER,2013,gender,Female,203,163,96,52,80%,47%,25%
5,BEAUMONT,121,JASPER,2013,gender,Male,223,179,97,47,80%,43%,21%
5,BEAUMONT,123,JEFFERSON,2013,gender,Female,1458,1192,873,415,81%,59%,28%
5,BEAUMONT,123,JEFFERSON,2013,gender,Male,1457,1146,670,301,78%,45%,20%
5,BEAUMONT,176,NEWTON,2013,gender,Female,58,50,32,11,86%,55%,18%
5,BEAUMONT,181,ORANGE,2013,gender,Female,517,422,300,146,81%,58%,28%
5,BEAUMONT,181,ORANGE,2013,gender,Male,613,489,268,116,79%,43%,18%
5,BEAUMONT,229,TYLER,2013,gender,Female,104,92,59,21,88%,56%,20%
5,BEAUMONT,229,TYLER,2013,gender,Male,120,101,57,33,84%,47%,27%
6,HUNTSVILLE,8,AUSTIN,2013,gender,Female,208,181,126,68,87%,60%,32%
6,HUNTSVILLE,8,AUSTIN,2013,gender,Male,225,197,103,48,87%,45%,21%
6,HUNTSVILLE,21,BRAZOS,2013,gender,Female,926,791,518,291,85%,55%,31%
6,HUNTSVILLE,21,BRAZOS,2013,gender,Male,920,722,412,219,78%,44%,23%
6,HUNTSVILLE,26,BURLESON,2013,gender,Female,86,73,41,21,84%,47%,24%
6,HUNTSVILLE,26,BURLESON,2013,gender,Male,73,62,32,10,84%,43%,13%
6,HUNTSVILLE,93,GRIMES,2013,gender,Female,114,93,49,34,81%,42%,29%
6,HUNTSVILLE,93,GRIMES,2013,gender,Male,160,139,68,24,86%,42%,15%
6,HUNTSVILLE,113,HOUSTON,2013,gender,Female,103,92,63,37,89%,61%,35%
6,HUNTSVILLE,113,HOUSTON,2013,gender,Male,60,53,27,16,88%,45%,26%
6,HUNTSVILLE,145,LEON,2013,gender,Female,86,72,50,24,83%,58%,27%
6,HUNTSVILLE,145,LEON,2013,gender,Male,84,72,46,21,85%,54%,25%
6,HUNTSVILLE,154,MADISON,2013,gender,Female,86,73,45,20,84%,52%,23%
6,HUNTSVILLE,154,MADISON,2013,gender,Male,72,54,25,12,75%,34%,16%
6,HUNTSVILLE,166,MILAM,2013,gender,Female,120,107,75,28,89%,62%,23%
6,HUNTSVILLE,166,MILAM,2013,gender,Male,123,101,49,22,82%,39%,17%
6,HUNTSVILLE,170,MONTGOMERY,2013,gender,Female,3531,2959,2022,1102,83%,57%,31%
6,HUNTSVILLE,170,MONTGOMERY,2013,gender,Male,3698,2882,1693,727,77%,45%,19%
6,HUNTSVILLE,187,POLK,2013,gender,Female,167,144,80,44,86%,47%,26%
6,HUNTSVILLE,187,POLK,2013,gender,Male,237,187,83,40,78%,35%,16%
6,HUNTSVILLE,198,ROBERTSON,2013,gender,Female,81,73,51,31,90%,62%,38%
6,HUNTSVILLE,198,ROBERTSON,2013,gender,Male,74,66,41,24,89%,55%,32%
6,HUNTSVILLE,204,SAN JACINTO,2013,gender,Female,105,79,40,15,75%,38%,14%
6,HUNTSVILLE,228,TRINITY,2013,gender,Female,78,64,35,19,82%,44%,24%
6,HUNTSVILLE,228,TRINITY,2013,gender,Male,25,16,9,8,64%,36%,32%
6,HUNTSVILLE,236,WALKER,2013,gender,Female,215,186,122,51,86%,56%,23%
6,HUNTSVILLE,236,WALKER,2013,gender,Male,229,189,103,38,82%,44%,16%
6,HUNTSVILLE,239,WASHINGTON,2013,gender,Female,188,158,115,72,84%,61%,38%
6,HUNTSVILLE,239,WASHINGTON,2013,gender,Male,183,145,95,54,79%,51%,29%
7,KILGORE,1,ANDERSON,2013,gender,Female,293,244,167,99,83%,56%,33%
7,KILGORE,1,ANDERSON,2013,gender,Male,293,236,115,38,80%,39%,12%
7,KILGORE,3,ANGELINA,2013,gender,Female,649,577,424,203,88%,65%,31%
7,KILGORE,3,ANGELINA,2013,gender,Male,598,502,298,114,83%,49%,19%
7,KILGORE,37,CHEROKEE,2013,gender,Female,296,233,158,82,78%,53%,27%
7,KILGORE,37,CHEROKEE,2013,gender,Male,291,225,101,56,77%,34%,19%
7,KILGORE,92,GREGG,2013,gender,Female,825,691,463,234,83%,56%,28%
7,KILGORE,92,GREGG,2013,gender,Male,880,711,395,177,80%,44%,20%
7,KILGORE,102,HARRISON,2013,gender,Female,477,396,256,116,83%,53%,24%
7,KILGORE,102,HARRISON,2013,gender,Male,479,387,209,95,80%,43%,19%
7,KILGORE,107,HENDERSON,2013,gender,Female,371,294,199,121,79%,53%,32%
7,KILGORE,107,HENDERSON,2013,gender,Male,373,300,152,65,80%,40%,17%
7,KILGORE,174,NACOGDOCHES,2013,gender,Female,396,340,233,126,85%,58%,31%
7,KILGORE,174,NACOGDOCHES,2013,gender,Male,328,232,144,61,70%,43%,18%
7,KILGORE,183,PANOLA,2013,gender,Female,148,128,95,52,86%,64%,35%
7,KILGORE,183,PANOLA,2013,gender,Male,96,86,54,27,89%,56%,28%
7,KILGORE,190,RAINS,2013,gender,Female,61,52,34,12,85%,55%,19%
7,KILGORE,190,RAINS,2013,gender,Male,74,49,28,11,66%,37%,14%
7,KILGORE,201,RUSK,2013,gender,Female,229,195,138,80,85%,60%,34%
7,KILGORE,201,RUSK,2013,gender,Male,228,191,118,54,83%,51%,23%
7,KILGORE,202,SABINE,2013,gender,Female,47,38,32,14,80%,68%,29%
7,KILGORE,202,SABINE,2013,gender,Male,33,27,16,9,81%,48%,27%
7,KILGORE,203,SAN AUGUSTINE,2013,gender,Female,24,21,15,5,87%,62%,20%
7,KILGORE,203,SAN AUGUSTINE,2013,gender,Male,21,17,7,5,80%,33%,23%
7,KILGORE,210,SHELBY,2013,gender,Female,176,155,105,57,88%,59%,32%
7,KILGORE,210,SHELBY,2013,gender,Male,156,127,65,36,81%,41%,23%
7,KILGORE,212,SMITH,2013,gender,Female,1275,1023,767,410,80%,60%,32%
7,KILGORE,212,SMITH,2013,gender,Male,1232,943,558,244,76%,45%,19%
7,KILGORE,230,UPSHUR,2013,gender,Female,253,222,147,66,87%,58%,26%
7,KILGORE,230,UPSHUR,2013,gender,Male,188,144,82,36,76%,43%,19%
7,KILGORE,234,VAN ZANDT,2013,gender,Female,195,163,122,55,83%,62%,28%
7,KILGORE,234,VAN ZANDT,2013,gender,Male,136,117,62,26,86%,45%,19%
7,KILGORE,250,WOOD,2013,gender,Female,215,176,120,61,81%,55%,28%
7,KILGORE,250,WOOD,2013,gender,Male,216,185,90,44,85%,41%,20%
8,MT PLEASANT,19,BOWIE,2013,gender,Female,644,511,337,174,79%,52%,27%
8,MT PLEASANT,19,BOWIE,2013,gender,Male,585,449,243,113,76%,41%,19%
8,MT PLEASANT,32,CAMP,2013,gender,Female,102,88,64,35,86%,62%,34%
8,MT PLEASANT,32,CAMP,2013,gender,Male,110,92,41,10,83%,37%,9%
8,MT PLEASANT,34,CASS,2013,gender,Female,184,153,109,55,83%,59%,29%
8,MT PLEASANT,34,CASS,2013,gender,Male,145,117,60,34,80%,41%,23%
8,MT PLEASANT,60,DELTA,2013,gender,Female,36,32,24,11,88%,66%,30%
8,MT PLEASANT,60,DELTA,2013,gender,Male,21,17,11,7,80%,52%,33%
8,MT PLEASANT,80,FRANKLIN,2013,gender,Female,55,49,38,20,89%,69%,36%
8,MT PLEASANT,80,FRANKLIN,2013,gender,Male,55,48,28,13,87%,50%,23%
8,MT PLEASANT,112,HOPKINS,2013,gender,Female,182,158,119,62,86%,65%,34%
8,MT PLEASANT,112,HOPKINS,2013,gender,Male,159,132,66,34,83%,41%,21%
8,MT PLEASANT,139,LAMAR,2013,gender,Female,333,279,196,105,83%,58%,31%
8,MT PLEASANT,139,LAMAR,2013,gender,Male,291,241,153,70,82%,52%,24%
8,MT PLEASANT,155,MARION,2013,gender,Female,54,44,30,15,81%,55%,27%
8,MT PLEASANT,155,MARION,2013,gender,Male,50,41,18,7,82%,36%,14%
8,MT PLEASANT,172,MORRIS,2013,gender,Female,78,72,46,25,92%,58%,32%
8,MT PLEASANT,172,MORRIS,2013,gender,Male,46,42,26,9,91%,56%,19%
8,MT PLEASANT,194,RED RIVER,2013,gender,Female,30,26,20,9,86%,66%,30%
8,MT PLEASANT,194,RED RIVER,2013,gender,Male,23,20,11,5,86%,47%,21%
8,MT PLEASANT,225,TITUS,2013,gender,Female,207,174,135,72,84%,65%,34%
8,MT PLEASANT,225,TITUS,2013,gender,Male,237,202,109,52,85%,45%,21%
9,WICHITA FALLS,5,ARCHER,2013,gender,Female,80,74,55,34,92%,68%,42%
9,WICHITA FALLS,5,ARCHER,2013,gender,Male,82,74,43,26,90%,52%,31%
9,WICHITA FALLS,12,BAYLOR,2013,gender,Female,31,28,22,10,90%,70%,32%
9,WICHITA FALLS,12,BAYLOR,2013,gender,Male,23,18,13,7,78%,56%,30%
9,WICHITA FALLS,39,CLAY,2013,gender,Female,44,42,32,21,95%,72%,47%
9,WICHITA FALLS,39,CLAY,2013,gender,Male,34,29,16,7,85%,47%,20%
9,WICHITA FALLS,99,HARDEMAN,2013,gender,Female,17,15,12,7,88%,70%,41%
9,WICHITA FALLS,99,HARDEMAN,2013,gender,Male,22,17,8,7,77%,36%,31%
9,WICHITA FALLS,119,JACK,2013,gender,Female,51,42,26,11,82%,50%,21%
9,WICHITA FALLS,138,KNOX,2013,gender,Female,14,13,8,5,92%,57%,35%
9,WICHITA FALLS,138,KNOX,2013,gender,Male,34,30,19,11,88%,55%,32%
9,WICHITA FALLS,169,MONTAGUE,2013,gender,Female,104,87,54,34,83%,51%,32%
9,WICHITA FALLS,169,MONTAGUE,2013,gender,Male,83,68,35,19,81%,42%,22%
9,WICHITA FALLS,243,WICHITA,2013,gender,Female,722,592,357,184,81%,49%,25%
9,WICHITA FALLS,243,WICHITA,2013,gender,Male,743,606,299,127,81%,40%,17%
9,WICHITA FALLS,244,WILBARGER,2013,gender,Female,51,36,31,17,70%,60%,33%
9,WICHITA FALLS,244,WILBARGER,2013,gender,Male,70,51,28,13,72%,40%,18%
9,WICHITA FALLS,252,YOUNG,2013,gender,Female,118,105,64,34,88%,54%,28%
9,WICHITA FALLS,252,YOUNG,2013,gender,Male,129,114,62,32,88%,48%,24%
10,RICHARDSON,43,COLLIN,2013,gender,Female,6706,5950,4255,2648,88%,63%,39%
10,RICHARDSON,43,COLLIN,2013,gender,Male,6923,5933,3995,2085,85%,57%,30%
10,RICHARDSON,57,DALLAS,2013,gender,Female,16059,13706,8680,3919,85%,54%,24%
10,RICHARDSON,57,DALLAS,2013,gender,Male,16260,12678,6802,2432,77%,41%,14%
10,RICHARDSON,70,ELLIS,2013,gender,Female,1202,1023,760,431,85%,63%,35%
10,RICHARDSON,70,ELLIS,2013,gender,Male,1276,1080,660,304,84%,51%,23%
10,RICHARDSON,74,FANNIN,2013,gender,Female,159,137,91,52,86%,57%,32%
10,RICHARDSON,74,FANNIN,2013,gender,Male,131,109,63,33,83%,48%,25%
10,RICHARDSON,91,GRAYSON,2013,gender,Female,734,615,427,227,83%,58%,30%
10,RICHARDSON,91,GRAYSON,2013,gender,Male,740,599,362,159,80%,48%,21%
10,RICHARDSON,116,HUNT,2013,gender,Female,518,455,276,141,87%,53%,27%
10,RICHARDSON,116,HUNT,2013,gender,Male,483,388,174,67,80%,36%,13%
10,RICHARDSON,129,KAUFMAN,2013,gender,Female,972,807,564,300,83%,58%,30%
10,RICHARDSON,129,KAUFMAN,2013,gender,Male,909,735,384,179,80%,42%,19%
10,RICHARDSON,199,ROCKWALL,2013,gender,Female,760,651,512,306,85%,67%,40%
10,RICHARDSON,199,ROCKWALL,2013,gender,Male,777,648,427,212,83%,54%,27%
10,RICHARDSON,234,VAN ZANDT,2013,gender,Female,182,152,102,51,83%,56%,28%
10,RICHARDSON,234,VAN ZANDT,2013,gender,Male,185,161,74,36,87%,40%,19%
11,FORT WORTH,49,COOKE,2013,gender,Female,211,177,116,62,83%,54%,29%
11,FORT WORTH,49,COOKE,2013,gender,Male,135,114,52,25,84%,38%,18%
11,FORT WORTH,61,DENTON,2013,gender,Female,4301,3770,2516,1404,87%,58%,32%
11,FORT WORTH,61,DENTON,2013,gender,Male,4566,3868,2266,1078,84%,49%,23%
11,FORT WORTH,72,ERATH,2013,gender,Female,299,206,156,86,68%,52%,28%
11,FORT WORTH,72,ERATH,2013,gender,Male,260,180,97,45,69%,37%,17%
11,FORT WORTH,111,HOOD,2013,gender,Female,272,225,142,79,82%,52%,29%
11,FORT WORTH,111,HOOD,2013,gender,Male,285,250,117,39,87%,41%,13%
11,FORT WORTH,126,JOHNSON,2013,gender,Female,1169,1021,650,339,87%,55%,28%
11,FORT WORTH,126,JOHNSON,2013,gender,Male,1202,983,529,208,81%,44%,17%
11,FORT WORTH,182,PALO PINTO,2013,gender,Female,148,118,61,33,79%,41%,22%
11,FORT WORTH,182,PALO PINTO,2013,gender,Male,152,113,52,23,74%,34%,15%
11,FORT WORTH,184,PARKER,2013,gender,Female,713,599,433,224,84%,60%,31%
11,FORT WORTH,184,PARKER,2013,gender,Male,760,632,392,189,83%,51%,24%
11,FORT WORTH,213,SOMERVELL,2013,gender,Female,55,50,29,20,90%,52%,36%
11,FORT WORTH,213,SOMERVELL,2013,gender,Male,65,56,31,18,86%,47%,27%
11,FORT WORTH,220,TARRANT,2013,gender,Female,12714,10700,7148,3703,84%,56%,29%
11,FORT WORTH,220,TARRANT,2013,gender,Male,13108,10351,5989,2441,78%,45%,18%
11,FORT WORTH,249,WISE,2013,gender,Female,282,234,169,84,82%,59%,29%
11,FORT WORTH,249,WISE,2013,gender,Male,272,237,137,66,87%,50%,24%
12,WACO,14,BELL,2013,gender,Female,2188,1652,1163,536,75%,53%,24%
12,WACO,14,BELL,2013,gender,Male,2300,1662,999,367,72%,43%,15%
12,WACO,18,BOSQUE,2013,gender,Female,80,67,56,34,83%,70%,42%
12,WACO,18,BOSQUE,2013,gender,Male,79,64,42,18,81%,53%,22%
12,WACO,50,CORYELL,2013,gender,Female,375,302,213,109,80%,56%,29%
12,WACO,50,CORYELL,2013,gender,Male,412,320,180,60,77%,43%,14%
12,WACO,73,FALLS,2013,gender,Female,25,25,16,8,100%,64%,32%
12,WACO,73,FALLS,2013,gender,Male,30,27,19,13,90%,63%,43%
12,WACO,81,FREESTONE,2013,gender,Female,118,102,77,43,86%,65%,36%
12,WACO,81,FREESTONE,2013,gender,Male,144,125,72,43,86%,50%,29%
12,WACO,97,HAMILTON,2013,gender,Female,40,32,28,21,80%,70%,52%
12,WACO,97,HAMILTON,2013,gender,Male,65,55,29,12,84%,44%,18%
12,WACO,109,HILL,2013,gender,Female,195,169,123,60,86%,63%,30%
12,WACO,109,HILL,2013,gender,Male,174,150,86,55,86%,49%,31%
12,WACO,141,LAMPASAS,2013,gender,Female,127,102,66,36,80%,51%,28%
12,WACO,141,LAMPASAS,2013,gender,Male,152,125,59,23,82%,38%,15%
12,WACO,147,LIMESTONE,2013,gender,Female,132,120,87,48,90%,65%,36%
12,WACO,147,LIMESTONE,2013,gender,Male,139,119,58,16,85%,41%,11%
12,WACO,161,MCLENNAN,2013,gender,Female,1638,1373,1077,557,83%,65%,34%
12,WACO,161,MCLENNAN,2013,gender,Male,1803,1465,1001,469,81%,55%,26%
12,WACO,167,MILLS,2013,gender,Female,26,22,15,9,84%,57%,34%
12,WACO,167,MILLS,2013,gender,Male,20,20,14,9,100%,70%,45%
12,WACO,175,NAVARRO,2013,gender,Female,283,241,193,100,85%,68%,35%
12,WACO,175,NAVARRO,2013,gender,Male,279,222,127,58,79%,45%,20%
13,AUSTIN,11,BASTROP,2013,gender,Female,519,455,273,135,87%,52%,26%
13,AUSTIN,11,BASTROP,2013,gender,Male,583,474,210,96,81%,36%,16%
13,AUSTIN,16,BLANCO,2013,gender,Female,56,51,34,17,91%,60%,30%
13,AUSTIN,16,BLANCO,2013,gender,Male,85,79,47,25,92%,55%,29%
13,AUSTIN,27,BURNET,2013,gender,Female,279,232,142,74,83%,50%,26%
13,AUSTIN,27,BURNET,2013,gender,Male,275,216,126,52,78%,45%,18%
13,AUSTIN,28,CALDWELL,2013,gender,Female,242,212,112,50,87%,46%,20%
13,AUSTIN,28,CALDWELL,2013,gender,Male,249,207,78,27,83%,31%,10%
13,AUSTIN,46,COMAL,2013,gender,Female,1012,876,580,380,86%,57%,37%
13,AUSTIN,46,COMAL,2013,gender,Male,1050,884,516,278,84%,49%,26%
13,AUSTIN,75,FAYETTE,2013,gender,Female,127,114,88,60,89%,69%,47%
13,AUSTIN,75,FAYETTE,2013,gender,Male,116,102,64,39,87%,55%,33%
13,AUSTIN,86,GILLESPIE,2013,gender,Female,128,111,69,35,86%,53%,27%
13,AUSTIN,86,GILLESPIE,2013,gender,Male,148,115,57,31,77%,38%,20%
13,AUSTIN,89,GONZALES,2013,gender,Female,147,133,66,33,90%,44%,22%
13,AUSTIN,89,GONZALES,2013,gender,Male,94,66,25,9,70%,26%,9%
13,AUSTIN,94,GUADALUPE,2013,gender,Female,366,311,160,84,84%,43%,22%
13,AUSTIN,94,GUADALUPE,2013,gender,Male,403,343,148,75,85%,36%,18%
13,AUSTIN,105,HAYS,2013,gender,Female,1145,985,626,321,86%,54%,28%
13,AUSTIN,105,HAYS,2013,gender,Male,1240,995,542,238,80%,43%,19%
13,AUSTIN,130,KENDALL,2013,gender,Female,33,31,17,10,93%,51%,30%
13,AUSTIN,130,KENDALL,2013,gender,Male,49,46,22,12,93%,44%,24%
13,AUSTIN,144,LEE,2013,gender,Female,93,77,50,28,82%,53%,30%
13,AUSTIN,144,LEE,2013,gender,Male,110,91,43,23,82%,39%,20%
13,AUSTIN,150,LLANO,2013,gender,Female,61,49,35,19,80%,57%,31%
13,AUSTIN,150,LLANO,2013,gender,Male,68,49,21,11,72%,30%,16%
13,AUSTIN,166,MILAM,2013,gender,Male,21,20,12,6,95%,57%,28%
13,AUSTIN,227,TRAVIS,2013,gender,Female,5142,4231,2575,1322,82%,50%,25%
13,AUSTIN,227,TRAVIS,2013,gender,Male,5407,4201,2308,1007,77%,42%,18%
13,AUSTIN,246,WILLIAMSON,2013,gender,Female,3857,3369,2403,1512,87%,62%,39%
13,AUSTIN,246,WILLIAMSON,2013,gender,Male,4114,3499,2299,1228,85%,55%,29%
14,ABILENE,30,CALLAHAN,2013,gender,Female,74,62,49,31,83%,66%,41%
14,ABILENE,30,CALLAHAN,2013,gender,Male,50,36,27,16,72%,54%,32%
14,ABILENE,47,COMANCHE,2013,gender,Female,72,66,43,20,91%,59%,27%
14,ABILENE,47,COMANCHE,2013,gender,Male,77,63,37,18,81%,48%,23%
14,ABILENE,67,EASTLAND,2013,gender,Female,81,71,55,28,87%,67%,34%
14,ABILENE,67,EASTLAND,2013,gender,Male,82,69,40,23,84%,48%,28%
14,ABILENE,104,HASKELL,2013,gender,Female,20,17,12,7,85%,60%,35%
14,ABILENE,104,HASKELL,2013,gender,Male,20,16,13,10,80%,65%,50%
14,ABILENE,127,JONES,2013,gender,Female,61,53,37,19,86%,60%,31%
14,ABILENE,127,JONES,2013,gender,Male,73,63,39,20,86%,53%,27%
14,ABILENE,168,MITCHELL,2013,gender,Female,39,31,22,12,79%,56%,30%
14,ABILENE,168,MITCHELL,2013,gender,Male,38,34,18,8,89%,47%,21%
14,ABILENE,177,NOLAN,2013,gender,Female,75,65,38,23,86%,50%,30%
14,ABILENE,177,NOLAN,2013,gender,Male,105,81,52,27,77%,49%,25%
14,ABILENE,208,SCURRY,2013,gender,Female,108,88,63,30,81%,58%,27%
14,ABILENE,208,SCURRY,2013,gender,Male,103,80,46,24,77%,44%,23%
14,ABILENE,209,SHACKELFORD,2013,gender,Female,18,15,9,6,83%,50%,33%
14,ABILENE,215,STEPHENS,2013,gender,Female,48,38,26,17,79%,54%,35%
14,ABILENE,215,STEPHENS,2013,gender,Male,55,46,22,7,83%,40%,12%
14,ABILENE,221,TAYLOR,2013,gender,Female,1368,946,676,373,69%,49%,27%
14,ABILENE,221,TAYLOR,2013,gender,Male,1305,897,570,265,68%,43%,20%
15,SAN ANGELO,25,BROWN,2013,gender,Female,213,170,99,54,79%,46%,25%
15,SAN ANGELO,25,BROWN,2013,gender,Male,212,176,87,34,83%,41%,16%
15,SAN ANGELO,41,COKE,2013,gender,Female,14,13,10,9,92%,71%,64%
15,SAN ANGELO,41,COKE,2013,gender,Male,17,13,7,6,76%,41%,35%
15,SAN ANGELO,42,COLEMAN,2013,gender,Female,28,21,10,5,75%,35%,17%
15,SAN ANGELO,42,COLEMAN,2013,gender,Male,43,35,23,11,81%,53%,25%
15,SAN ANGELO,48,CONCHO,2013,gender,Female,14,14,10,7,100%,71%,50%
15,SAN ANGELO,53,CROCKETT,2013,gender,Female,30,24,13,8,80%,43%,26%
15,SAN ANGELO,53,CROCKETT,2013,gender,Male,26,23,12,5,88%,46%,19%
15,SAN ANGELO,69,EDWARDS,2013,gender,Female,16,13,9,6,81%,56%,37%
15,SAN ANGELO,118,IRION,2013,gender,Female,11,10,10,5,90%,90%,45%
15,SAN ANGELO,134,KIMBLE,2013,gender,Female,23,17,14,10,73%,60%,43%
15,SAN ANGELO,134,KIMBLE,2013,gender,Male,33,30,20,9,90%,60%,27%
15,SAN ANGELO,157,MASON,2013,gender,Female,25,25,19,14,100%,76%,56%
15,SAN ANGELO,157,MASON,2013,gender,Male,30,26,16,9,86%,53%,30%
15,SAN ANGELO,160,MCCULLOCH,2013,gender,Female,45,38,22,15,84%,48%,33%
15,SAN ANGELO,160,MCCULLOCH,2013,gender,Male,61,54,31,16,88%,50%,26%
15,SAN ANGELO,200,RUNNELS,2013,gender,Female,74,66,51,25,89%,68%,33%
15,SAN ANGELO,200,RUNNELS,2013,gender,Male,93,78,57,31,83%,61%,33%
15,SAN ANGELO,206,SAN SABA,2013,gender,Female,31,26,15,11,83%,48%,35%
15,SAN ANGELO,206,SAN SABA,2013,gender,Male,24,22,13,6,91%,54%,25%
15,SAN ANGELO,207,SCHLEICHER,2013,gender,Female,21,20,13,9,95%,61%,42%
15,SAN ANGELO,207,SCHLEICHER,2013,gender,Male,26,24,15,7,92%,57%,26%
15,SAN ANGELO,218,SUTTON,2013,gender,Female,32,30,18,14,93%,56%,43%
15,SAN ANGELO,218,SUTTON,2013,gender,Male,50,46,30,9,92%,60%,18%
15,SAN ANGELO,226,TOM GREEN,2013,gender,Female,640,555,363,192,86%,56%,30%
15,SAN ANGELO,226,TOM GREEN,2013,gender,Male,670,546,311,141,81%,46%,21%
15,SAN ANGELO,233,VAL VERDE,2013,gender,Female,385,306,225,118,79%,58%,30%
15,SAN ANGELO,233,VAL VERDE,2013,gender,Male,404,294,159,85,72%,39%,21%
16,AMARILLO,6,ARMSTRONG,2013,gender,Female,10,10,8,6,100%,80%,60%
16,AMARILLO,6,ARMSTRONG,2013,gender,Male,17,15,10,5,88%,58%,29%
16,AMARILLO,23,BRISCOE,2013,gender,Female,9,9,8,6,100%,88%,66%
16,AMARILLO,33,CARSON,2013,gender,Female,52,44,36,23,84%,69%,44%
16,AMARILLO,33,CARSON,2013,gender,Male,24,22,11,7,91%,45%,29%
16,AMARILLO,35,CASTRO,2013,gender,Female,65,55,38,26,84%,58%,40%
16,AMARILLO,35,CASTRO,2013,gender,Male,50,38,16,8,76%,32%,16%
16,AMARILLO,38,CHILDRESS,2013,gender,Female,34,30,19,11,88%,55%,32%
16,AMARILLO,38,CHILDRESS,2013,gender,Male,61,50,28,20,81%,45%,32%
16,AMARILLO,44,COLLINGSWORTH,2013,gender,Male,24,21,9,6,87%,37%,25%
16,AMARILLO,56,DALLAM,2013,gender,Female,73,65,44,29,89%,60%,39%
16,AMARILLO,56,DALLAM,2013,gender,Male,61,43,22,11,70%,36%,18%
16,AMARILLO,59,DEAF SMITH,2013,gender,Female,154,129,77,34,83%,50%,22%
16,AMARILLO,59,DEAF SMITH,2013,gender,Male,157,117,47,24,74%,29%,15%
16,AMARILLO,65,DONLEY,2013,gender,Female,14,14,12,7,100%,85%,50%
16,AMARILLO,65,DONLEY,2013,gender,Male,19,17,9,6,89%,47%,31%
16,AMARILLO,90,GRAY,2013,gender,Female,130,109,61,29,83%,46%,22%
16,AMARILLO,90,GRAY,2013,gender,Male,125,101,43,20,80%,34%,16%
16,AMARILLO,96,HALL,2013,gender,Female,20,20,11,9,100%,55%,45%
16,AMARILLO,96,HALL,2013,gender,Male,21,21,11,6,100%,52%,28%
16,AMARILLO,98,HANSFORD,2013,gender,Female,14,14,11,5,100%,78%,35%
16,AMARILLO,98,HANSFORD,2013,gender,Male,34,25,9,6,73%,26%,17%
16,AMARILLO,106,HEMPHILL,2013,gender,Female,33,31,19,14,93%,57%,42%
16,AMARILLO,106,HEMPHILL,2013,gender,Male,34,29,15,9,85%,44%,26%
16,AMARILLO,117,HUTCHINSON,2013,gender,Female,166,135,92,51,81%,55%,30%
16,AMARILLO,117,HUTCHINSON,2013,gender,Male,166,134,77,33,80%,46%,19%
16,AMARILLO,171,MOORE,2013,gender,Female,188,159,117,77,84%,62%,40%
16,AMARILLO,171,MOORE,2013,gender,Male,189,157,75,44,83%,39%,23%
16,AMARILLO,179,OCHILTREE,2013,gender,Female,87,79,48,31,90%,55%,35%
16,AMARILLO,179,OCHILTREE,2013,gender,Male,97,80,41,19,82%,42%,19%
16,AMARILLO,180,OLDHAM,2013,gender,Female,12,10,9,6,83%,75%,50%
16,AMARILLO,180,OLDHAM,2013,gender,Male,18,18,15,9,100%,83%,50%
16,AMARILLO,185,PARMER,2013,gender,Female,70,60,35,26,85%,50%,37%
16,AMARILLO,185,PARMER,2013,gender,Male,60,45,20,14,75%,33%,23%
16,AMARILLO,188,POTTER,2013,gender,Female,1315,1102,821,402,83%,62%,30%
16,AMARILLO,188,POTTER,2013,gender,Male,1314,1021,594,250,77%,45%,19%
16,AMARILLO,191,RANDALL,2013,gender,Female,330,285,233,148,86%,70%,44%
16,AMARILLO,191,RANDALL,2013,gender,Male,372,321,194,85,86%,52%,22%
16,AMARILLO,219,SWISHER,2013,gender,Female,49,45,27,15,91%,55%,30%
16,AMARILLO,219,SWISHER,2013,gender,Male,38,34,16,6,89%,42%,15%
16,AMARILLO,242,WHEELER,2013,gender,Female,21,19,9,5,90%,42%,23%
17,LUBBOCK,9,BAILEY,2013,gender,Female,50,40,21,12,80%,42%,24%
17,LUBBOCK,9,BAILEY,2013,gender,Male,44,40,26,12,90%,59%,27%
17,LUBBOCK,17,BORDEN,2013,gender,Male,9,8,8,6,88%,88%,66%
17,LUBBOCK,40,COCHRAN,2013,gender,Female,14,12,12,9,85%,85%,64%
17,LUBBOCK,40,COCHRAN,2013,gender,Male,16,15,12,6,93%,75%,37%
17,LUBBOCK,54,CROSBY,2013,gender,Female,32,31,25,14,96%,78%,43%
17,LUBBOCK,58,DAWSON,2013,gender,Female,74,63,41,20,85%,55%,27%
17,LUBBOCK,58,DAWSON,2013,gender,Male,68,54,36,13,79%,52%,19%
17,LUBBOCK,77,FLOYD,2013,gender,Female,44,39,26,17,88%,59%,38%
17,LUBBOCK,77,FLOYD,2013,gender,Male,33,31,18,7,93%,54%,21%
17,LUBBOCK,83,GAINES,2013,gender,Female,103,85,43,25,82%,41%,24%
17,LUBBOCK,83,GAINES,2013,gender,Male,93,73,29,15,78%,31%,16%
17,LUBBOCK,85,GARZA,2013,gender,Female,28,25,12,8,89%,42%,28%
17,LUBBOCK,95,HALE,2013,gender,Female,249,219,155,80,87%,62%,32%
17,LUBBOCK,95,HALE,2013,gender,Male,292,241,134,50,82%,45%,17%
17,LUBBOCK,110,HOCKLEY,2013,gender,Female,142,108,94,52,76%,66%,36%
17,LUBBOCK,110,HOCKLEY,2013,gender,Male,167,133,82,38,79%,49%,22%
17,LUBBOCK,140,LAMB,2013,gender,Female,75,65,43,27,86%,57%,36%
17,LUBBOCK,140,LAMB,2013,gender,Male,42,33,21,6,78%,50%,14%
17,LUBBOCK,152,LUBBOCK,2013,gender,Female,1676,1380,942,461,82%,56%,27%
17,LUBBOCK,152,LUBBOCK,2013,gender,Male,1665,1320,736,310,79%,44%,18%
17,LUBBOCK,153,LYNN,2013,gender,Female,37,34,26,19,91%,70%,51%
17,LUBBOCK,153,LYNN,2013,gender,Male,26,22,11,7,84%,42%,26%
17,LUBBOCK,223,TERRY,2013,gender,Female,77,71,36,20,92%,46%,25%
17,LUBBOCK,223,TERRY,2013,gender,Male,83,67,32,14,80%,38%,16%
17,LUBBOCK,251,YOAKUM,2013,gender,Female,72,65,42,27,90%,58%,37%
17,LUBBOCK,251,YOAKUM,2013,gender,Male,84,75,45,25,89%,53%,29%
18,MIDLAND,2,ANDREWS,2013,gender,Female,110,96,52,28,87%,47%,25%
18,MIDLAND,2,ANDREWS,2013,gender,Male,127,104,49,17,81%,38%,13%
18,MIDLAND,22,BREWSTER,2013,gender,Female,36,25,23,11,69%,63%,30%
18,MIDLAND,22,BREWSTER,2013,gender,Male,38,32,19,8,84%,50%,21%
18,MIDLAND,52,CRANE,2013,gender,Female,39,32,17,7,82%,43%,17%
18,MIDLAND,52,CRANE,2013,gender,Male,42,34,20,7,80%,47%,16%
18,MIDLAND,68,ECTOR,2013,gender,Female,1079,836,590,253,77%,54%,23%
18,MIDLAND,68,ECTOR,2013,gender,Male,1127,734,400,139,65%,35%,12%
18,MIDLAND,114,HOWARD,2013,gender,Female,212,155,96,48,73%,45%,22%
18,MIDLAND,114,HOWARD,2013,gender,Male,204,144,68,34,70%,33%,16%
18,MIDLAND,156,MARTIN,2013,gender,Female,33,28,14,8,84%,42%,24%
18,MIDLAND,156,MARTIN,2013,gender,Male,36,26,18,7,72%,50%,19%
18,MIDLAND,165,MIDLAND,2013,gender,Female,863,683,480,212,79%,55%,24%
18,MIDLAND,165,MIDLAND,2013,gender,Male,940,694,399,142,73%,42%,15%
18,MIDLAND,186,PECOS,2013,gender,Female,103,83,46,24,80%,44%,23%
18,MIDLAND,186,PECOS,2013,gender,Male,112,95,39,20,84%,34%,17%
18,MIDLAND,189,PRESIDIO,2013,gender,Female,64,50,35,20,78%,54%,31%
18,MIDLAND,189,PRESIDIO,2013,gender,Male,54,45,32,15,83%,59%,27%
18,MIDLAND,195,REEVES,2013,gender,Female,91,77,35,15,84%,38%,16%
18,MIDLAND,195,REEVES,2013,gender,Male,92,69,29,9,75%,31%,9%
18,MIDLAND,238,WARD,2013,gender,Female,77,65,41,19,84%,53%,24%
18,MIDLAND,238,WARD,2013,gender,Male,59,45,26,7,76%,44%,11%
18,MIDLAND,248,WINKLER,2013,gender,Female,41,36,23,11,87%,56%,26%
19,EL PASO,71,El Paso&Hudsp,2013,gender,Female,6558,5449,3998,1833,83%,60%,27%
19,EL PASO,71,El Paso&Hudsp,2013,gender,Male,6669,5221,3400,1146,78%,50%,17%
20,SAN ANTONIO,7,ATASCOSA,2013,gender,Female,293,250,174,76,85%,59%,25%
20,SAN ANTONIO,7,ATASCOSA,2013,gender,Male,268,209,95,38,77%,35%,14%
20,SAN ANTONIO,10,BANDERA,2013,gender,Female,91,74,51,25,81%,56%,27%
20,SAN ANTONIO,10,BANDERA,2013,gender,Male,90,77,43,20,85%,47%,22%
20,SAN ANTONIO,15,BEXAR,2013,gender,Female,11766,9483,6724,3415,80%,57%,29%
20,SAN ANTONIO,15,BEXAR,2013,gender,Male,12431,9399,5426,2250,75%,43%,18%
20,SAN ANTONIO,64,DIMMIT,2013,gender,Female,80,63,50,27,78%,62%,33%
20,SAN ANTONIO,64,DIMMIT,2013,gender,Male,79,50,29,15,63%,36%,18%
20,SAN ANTONIO,82,FRIO,2013,gender,Female,104,82,41,24,78%,39%,23%
20,SAN ANTONIO,82,FRIO,2013,gender,Male,89,70,26,8,78%,29%,8%
20,SAN ANTONIO,94,GUADALUPE,2013,gender,Female,571,487,359,217,85%,62%,38%
20,SAN ANTONIO,94,GUADALUPE,2013,gender,Male,573,458,271,131,79%,47%,22%
20,SAN ANTONIO,128,KARNES,2013,gender,Female,13,12,12,7,92%,92%,53%
20,SAN ANTONIO,128,KARNES,2013,gender,Male,22,21,19,10,95%,86%,45%
20,SAN ANTONIO,130,KENDALL,2013,gender,Female,299,261,196,147,87%,65%,49%
20,SAN ANTONIO,130,KENDALL,2013,gender,Male,304,267,182,105,87%,59%,34%
20,SAN ANTONIO,133,KERR,2013,gender,Female,221,196,127,69,88%,57%,31%
20,SAN ANTONIO,133,KERR,2013,gender,Male,219,182,81,49,83%,36%,22%
20,SAN ANTONIO,136,KINNEY,2013,gender,Female,30,26,23,13,86%,76%,43%
20,SAN ANTONIO,136,KINNEY,2013,gender,Male,28,26,16,7,92%,57%,25%
20,SAN ANTONIO,142,LA SALLE,2013,gender,Female,49,43,28,10,87%,57%,20%
20,SAN ANTONIO,142,LA SALLE,2013,gender,Male,38,28,11,5,73%,28%,13%
20,SAN ANTONIO,159,MAVERICK,2013,gender,Female,555,479,365,222,86%,65%,40%
20,SAN ANTONIO,159,MAVERICK,2013,gender,Male,610,494,343,152,80%,56%,24%
20,SAN ANTONIO,163,MEDINA,2013,gender,Female,342,273,182,103,79%,53%,30%
20,SAN ANTONIO,163,MEDINA,2013,gender,Male,351,285,146,80,81%,41%,22%
20,SAN ANTONIO,232,UVALDE,2013,gender,Female,219,178,142,92,81%,64%,42%
20,SAN ANTONIO,232,UVALDE,2013,gender,Male,225,177,97,42,78%,43%,18%
20,SAN ANTONIO,247,WILSON,2013,gender,Female,332,295,217,137,88%,65%,41%
20,SAN ANTONIO,247,WILSON,2013,gender,Male,331,285,171,82,86%,51%,24%
20,SAN ANTONIO,254,ZAVALA,2013,gender,Female,92,84,59,27,91%,64%,29%
20,SAN ANTONIO,254,ZAVALA,2013,gender,Male,81,67,44,17,82%,54%,20%
