sy_end,Region Code,TEA Region,County Number,County Name,district_id,district_name,demo_cat_type,enrolled_8th,graduated,total_enrolled,total_degrees,has_any_masked,gender,economic_status,ethnicity,graduated_percent,total_enrolled_percent,total_degrees_percent
2013,,,999.0,STATEWIDE,999999,STATEWIDE,gender,179448,151074,103408,53555,False,Female,,,84.19%,57.63%,29.84%
2013,,,999.0,STATEWIDE,999999,STATEWIDE,gender,187338,149663,87234,37231,False,Male,,,79.89%,46.57%,19.87%
2013,,,999.0,STATEWIDE,999999,STATEWIDE,ethnicity,47322,37416,24401,8013,False,,,African American,79.07%,51.56%,16.93%
2013,,,999.0,STATEWIDE,999999,STATEWIDE,ethnicity,182300,149287,86652,36804,False,,,Hispanic,81.89%,47.53%,20.19%
2013,,,999.0,STATEWIDE,999999,STATEWIDE,ethnicity,21117,18048,13211,8628,False,,,Others,85.47%,62.56%,40.86%
2013,,,999.0,STATEWIDE,999999,STATEWIDE,ethnicity,116047,95986,66378,37341,False,,,White,82.71%,57.2%,32.18%
2013,,,999.0,STATEWIDE,999999,STATEWIDE,econ_status,211814,166032,91453,34189,False,,Economically Disadvantaged,,78.39%,43.18%,16.14%
2013,,,999.0,STATEWIDE,999999,STATEWIDE,econ_status,154972,134705,99189,56597,False,,Not Economically Disadvantaged,,86.92%,64.0%,36.52%
2013,,,999.0,STATEWIDE,999999,STATEWIDE,total,366786,300737,190642,90786,False,,,,81.99%,51.98%,24.75%
2013,1.0,EDINBURG,,,,,econ_status,24956,20852,13090,5676,,,Economically Disadvantaged,,83.55505690014425%,52.45231607629428%,22.744029491905753%
2013,1.0,EDINBURG,,,,,econ_status,4593,4164,3397,1995,,,Not Economically Disadvantaged,,90.65969954278249%,73.96037448290878%,43.43566296538211%
2013,1.0,EDINBURG,,,,,ethnicity,28911,24499,16096,7441,,,,Hispanic,84.73937255715818%,55.67431081595241%,25.73760852270762%
2013,1.0,EDINBURG,,,,,ethnicity,140,123,96,68,,,,Others,87.85714285714286%,68.57142857142857%,48.57142857142857%
2013,1.0,EDINBURG,,,,,ethnicity,383,317,244,144,,,,White,82.76762402088774%,63.70757180156657%,37.59791122715404%
2013,1.0,EDINBURG,,,,,gender,14396,12457,8766,4504,,Female,,,86.53098082800777%,60.89191442067241%,31.286468463462075%
2013,1.0,EDINBURG,,,,,gender,15099,12513,7699,3165,,Male,,,82.87303794953309%,50.99013179680774%,20.961653089608586%
2013,1.0,EDINBURG,,,,,total,29495,24970,16465,7669,,,,,84.65841668079335%,55.82302085099169%,26.001017121546028%
2013,2.0,CORPUS CHRISTI,,,,,econ_status,2967,2602,1961,1048,,,Not Economically Disadvantaged,,87.69801145938658%,66.09369733737782%,35.32187394674756%
2013,2.0,CORPUS CHRISTI,,,,,ethnicity,133,109,72,17,,,,African American,81.95488721804512%,54.13533834586466%,12.781954887218044%
2013,2.0,CORPUS CHRISTI,,,,,ethnicity,5691,4619,2755,1067,,,,Hispanic,81.16324020383061%,48.409769811983836%,18.748901774732033%
2013,2.0,CORPUS CHRISTI,,,,,ethnicity,128,112,72,45,,,,Others,87.5%,56.25%,35.15625%
2013,2.0,CORPUS CHRISTI,,,,,ethnicity,1564,1244,856,481,,,,White,79.53964194373401%,54.73145780051151%,30.754475703324808%
2013,2.0,CORPUS CHRISTI,,,,,gender,3729,3074,2112,986,,Female,,,82.43496916063287%,56.63716814159292%,26.44140520246715%
2013,2.0,CORPUS CHRISTI,,,,,gender,3825,3041,1689,651,,Male,,,79.50326797385621%,44.15686274509804%,17.019607843137255%
2013,2.0,CORPUS CHRISTI,,,,,econ_status,4554,3492,1825,582,,,Economically Disadvantaged,,76.6798418972332%,40.074659639877034%,12.779973649538867%
2013,2.0,CORPUS CHRISTI,,,,,total,7554,6115,3801,1637,,,,,80.95048980672492%,50.31771247021446%,21.67063807254435%
2013,3.0,VICTORIA,,,,,ethnicity,213,177,118,37,,,,African American,83.09859154929578%,55.39906103286385%,17.370892018779344%
2013,3.0,VICTORIA,,,,,econ_status,1530,1363,1069,634,,,Not Economically Disadvantaged,,89.08496732026144%,69.86928104575163%,41.43790849673203%
2013,3.0,VICTORIA,,,,,ethnicity,67,52,37,24,,,,Others,77.61194029850746%,55.223880597014926%,35.82089552238806%
2013,3.0,VICTORIA,,,,,ethnicity,1325,1107,830,507,,,,White,83.54716981132076%,62.64150943396226%,38.264150943396224%
2013,3.0,VICTORIA,,,,,gender,1760,1487,1018,505,,Female,,,84.48863636363636%,57.840909090909086%,28.693181818181817%
2013,3.0,VICTORIA,,,,,ethnicity,1823,1472,772,302,,,,Hispanic,80.74602303894679%,42.34777838727373%,16.566099835436095%
2013,3.0,VICTORIA,,,,,econ_status,1946,1507,728,258,,,Economically Disadvantaged,,77.44090441932168%,37.410071942446045%,13.257965056526208%
2013,3.0,VICTORIA,,,,,gender,1875,1505,838,395,,Male,,,80.26666666666667%,44.693333333333335%,21.066666666666666%
2013,3.0,VICTORIA,,,,,total,3635,2992,1856,900,,,,,82.31086657496562%,51.059147180192575%,24.759284731774414%
2013,4.0,HOUSTON,,,,,econ_status,33772,29421,21623,12570,,,Not Economically Disadvantaged,,87.11654625133247%,64.02641241264953%,37.22018239962099%
2013,4.0,HOUSTON,,,,,ethnicity,6498,5813,4395,3058,,,,Others,89.45829485995691%,67.63619575253924%,47.06063404124346%
2013,4.0,HOUSTON,,,,,ethnicity,19918,16661,11883,7032,,,,White,83.64795662215082%,59.65960437794959%,35.30474947283864%
2013,4.0,HOUSTON,,,,,ethnicity,15451,12291,8218,2632,,,,African American,79.54824930425215%,53.187495954954365%,17.034496149116563%
2013,4.0,HOUSTON,,,,,ethnicity,37226,30750,17535,7402,,,,Hispanic,82.60355665395154%,47.10417450169236%,19.88395207650567%
2013,4.0,HOUSTON,,,,,econ_status,45782,36460,20641,7649,,,Economically Disadvantaged,,79.63828578917479%,45.085404744222615%,16.707439605084968%
2013,4.0,HOUSTON,,,,,total,79421,65796,42209,20203,,,,,82.84458770350412%,53.14589340350789%,25.43785648631974%
2013,4.0,HOUSTON,,,,,gender,39026,33144,22737,11887,,Female,,,84.9279967201353%,58.26115922718188%,30.459181058781326%
2013,4.0,HOUSTON,,,,,gender,40395,32652,19472,8316,,Male,,,80.8317861121426%,48.20398564178735%,20.58670627552915%
2013,5.0,BEAUMONT,,,,,ethnicity,175,151,129,82,,,,Others,86.28571428571429%,73.71428571428571%,46.85714285714286%
2013,5.0,BEAUMONT,,,,,econ_status,2618,2250,1705,973,,,Not Economically Disadvantaged,,85.94346829640948%,65.12605042016807%,37.16577540106952%
2013,5.0,BEAUMONT,,,,,ethnicity,1325,1059,624,199,,,,African American,79.9245283018868%,47.094339622641506%,15.018867924528301%
2013,5.0,BEAUMONT,,,,,ethnicity,822,642,382,172,,,,Hispanic,78.1021897810219%,46.47201946472019%,20.92457420924574%
2013,5.0,BEAUMONT,,,,,econ_status,2702,2055,1125,395,,,Economically Disadvantaged,,76.05477424130274%,41.635825314581794%,14.61880088823094%
2013,5.0,BEAUMONT,,,,,ethnicity,3088,2496,1677,901,,,,White,80.82901554404145%,54.30699481865285%,29.177461139896373%
2013,5.0,BEAUMONT,,,,,gender,2764,2262,1611,781,,Female,,,81.83791606367583%,58.28509406657019%,28.256150506512302%
2013,5.0,BEAUMONT,,,,,gender,2874,2270,1306,605,,Male,,,78.9839944328462%,45.44189283228949%,21.05080027835769%
2013,5.0,BEAUMONT,,,,,total,5638,4532,2917,1386,,,,,80.38311457963817%,51.738205037247255%,24.583185526782547%
2013,6.0,HUNTSVILLE,,,,,econ_status,6622,5725,4172,2434,,,Not Economically Disadvantaged,,86.45424343098762%,63.00211416490487%,36.756266988825125%
2013,6.0,HUNTSVILLE,,,,,ethnicity,873,690,416,137,,,,African American,79.03780068728523%,47.65177548682703%,15.693012600229094%
2013,6.0,HUNTSVILLE,,,,,ethnicity,3583,2920,1459,594,,,,Hispanic,81.49595311191739%,40.72006698297516%,16.57828635221881%
2013,6.0,HUNTSVILLE,,,,,econ_status,5527,4222,2005,675,,,Economically Disadvantaged,,76.38863759724987%,36.27646100958929%,12.212773656594898%
2013,6.0,HUNTSVILLE,,,,,ethnicity,7093,5802,3923,2152,,,,White,81.79895671789087%,55.308050190328494%,30.33977160580854%
2013,6.0,HUNTSVILLE,,,,,gender,6094,5145,3432,1857,,Female,,,84.42730554643913%,56.317689530685925%,30.472595996061703%
2013,6.0,HUNTSVILLE,,,,,total,12257,10030,6218,3120,,,,,81.83079056865465%,50.730194990617605%,25.454842131027167%
2013,6.0,HUNTSVILLE,,,,,ethnicity,448,377,273,179,,,,Others,84.15178571428571%,60.9375%,39.955357142857146%
2013,6.0,HUNTSVILLE,,,,,gender,6163,4885,2786,1263,,Male,,,79.26334577316241%,45.20525717994483%,20.493266266428687%
2013,7.0,KILGORE,,,,,ethnicity,1666,1350,885,318,,,,African American,81.03241296518607%,53.12124849939976%,19.08763505402161%
2013,7.0,KILGORE,,,,,econ_status,4963,4346,3246,1836,,,Not Economically Disadvantaged,,87.56800322385654%,65.40398952246626%,36.99375377795688%
2013,7.0,KILGORE,,,,,econ_status,6639,5112,2749,1076,,,Economically Disadvantaged,,76.99954812471758%,41.406838379273985%,16.20726012953758%
2013,7.0,KILGORE,,,,,ethnicity,6629,5355,3557,1883,,,,White,80.78141499472017%,53.658168652888826%,28.405491024287223%
2013,7.0,KILGORE,,,,,total,11552,9427,5969,2891,,,,,81.60491689750693%,51.67070637119113%,25.025969529085874%
2013,7.0,KILGORE,,,,,ethnicity,2556,2090,1100,522,,,,Hispanic,81.76838810641628%,43.03599374021909%,20.422535211267608%
2013,7.0,KILGORE,,,,,ethnicity,119,95,71,39,,,,Others,79.83193277310924%,59.66386554621849%,32.773109243697476%
2013,7.0,KILGORE,,,,,gender,5622,4479,2494,1098,,Male,,,79.66915688367129%,44.36143721095696%,19.530416221985057%
2013,7.0,KILGORE,,,,,gender,5930,4948,3475,1793,,Female,,,83.44013490725126%,58.600337268128165%,30.23608768971332%
2013,8.0,MT PLEASANT,,,,,econ_status,1590,1401,1023,606,,,Not Economically Disadvantaged,,88.11320754716981%,64.33962264150944%,38.113207547169814%
2013,8.0,MT PLEASANT,,,,,econ_status,2223,1739,921,354,,,Economically Disadvantaged,,78.22762033288349%,41.43049932523617%,15.92442645074224%
2013,8.0,MT PLEASANT,,,,,total,3627,2987,1884,937,,,,,82.3545629997243%,51.943755169561626%,25.834022608216156%
2013,8.0,MT PLEASANT,,,,,ethnicity,654,534,311,92,,,,African American,81.65137614678899%,47.55351681957187%,14.067278287461773%
2013,8.0,MT PLEASANT,,,,,ethnicity,489,423,230,113,,,,Hispanic,86.50306748466258%,47.034764826175866%,23.108384458077712%
2013,8.0,MT PLEASANT,,,,,ethnicity,39,32,24,12,,,,Others,82.05128205128204%,61.53846153846154%,30.76923076923077%
2013,8.0,MT PLEASANT,,,,,ethnicity,2325,1880,1222,683,,,,White,80.86021505376344%,52.55913978494624%,29.376344086021504%
2013,8.0,MT PLEASANT,,,,,gender,1905,1586,1118,583,,Female,,,83.25459317585302%,58.68766404199475%,30.603674540682412%
2013,8.0,MT PLEASANT,,,,,gender,1722,1401,766,354,,Male,,,81.3588850174216%,44.48315911730546%,20.557491289198605%
2013,9.0,WICHITA FALLS,,,,,total,2452,2041,1184,606,,,,,83.23817292006525%,48.28711256117455%,24.71451876019576%
2013,9.0,WICHITA FALLS,,,,,econ_status,1259,1094,756,436,,,Not Economically Disadvantaged,,86.8943606036537%,60.04765687053217%,34.6306592533757%
2013,9.0,WICHITA FALLS,,,,,ethnicity,120,97,52,15,,,,African American,80.83333333333333%,43.333333333333336%,12.5%
2013,9.0,WICHITA FALLS,,,,,ethnicity,470,393,191,73,,,,Hispanic,83.61702127659575%,40.638297872340424%,15.53191489361702%
2013,9.0,WICHITA FALLS,,,,,ethnicity,61,51,41,23,,,,Others,83.60655737704919%,67.21311475409836%,37.704918032786885%
2013,9.0,WICHITA FALLS,,,,,ethnicity,1632,1355,842,469,,,,White,83.02696078431373%,51.59313725490197%,28.737745098039213%
2013,9.0,WICHITA FALLS,,,,,gender,1232,1034,661,357,,Female,,,83.92857142857143%,53.6525974025974%,28.97727272727273%
2013,9.0,WICHITA FALLS,,,,,gender,1220,1007,523,249,,Male,,,82.54098360655738%,42.868852459016395%,20.40983606557377%
2013,9.0,WICHITA FALLS,,,,,econ_status,1125,897,428,178,,,Economically Disadvantaged,,79.73333333333333%,38.044444444444444%,15.822222222222221%
2013,10.0,RICHARDSON,,,,,econ_status,24803,21723,15760,8985,,,Not Economically Disadvantaged,,87.58214732088861%,63.540700721686896%,36.22545659799218%
2013,10.0,RICHARDSON,,,,,ethnicity,10126,8092,5391,1853,,,,African American,79.91309500296268%,53.23918625320956%,18.29942721706498%
2013,10.0,RICHARDSON,,,,,ethnicity,21937,18172,9455,3743,,,,Hispanic,82.83721566303505%,43.10069745179377%,17.062497150932217%
2013,10.0,RICHARDSON,,,,,ethnicity,4252,3723,2793,1916,,,,Others,87.5587958607714%,65.68673565380998%,45.06114769520226%
2013,10.0,RICHARDSON,,,,,ethnicity,18047,15338,10658,5932,,,,White,84.98919488003547%,59.05690696514656%,32.86972904083781%
2013,10.0,RICHARDSON,,,,,gender,27292,23496,15667,8075,,Female,,,86.09116224534662%,57.40510039572035%,29.5874248864136%
2013,10.0,RICHARDSON,,,,,total,54976,45827,28608,13582,,,,,83.35819266589057%,52.03725261932479%,24.705325960419092%
2013,10.0,RICHARDSON,,,,,econ_status,29868,23844,12709,4565,,,Economically Disadvantaged,,79.83125753314584%,42.55055577875987%,15.283915896611758%
2013,10.0,RICHARDSON,,,,,gender,27684,22331,12941,5507,,Male,,,80.66392139864182%,46.74541251264268%,19.89235659586765%
2013,11.0,FORT WORTH,,,,,ethnicity,5769,4571,2987,1015,,,,African American,79.23383602010747%,51.776737736176116%,17.594037094817125%
2013,11.0,FORT WORTH,,,,,econ_status,21784,19059,13445,7326,,,Not Economically Disadvantaged,,87.49081894968785%,61.719610723466765%,33.63018729342637%
2013,11.0,FORT WORTH,,,,,ethnicity,2832,2438,1741,1135,,,,Others,86.08757062146893%,61.475988700564976%,40.07768361581921%
2013,11.0,FORT WORTH,,,,,ethnicity,18909,15856,10600,5640,,,,White,83.85424929927548%,56.057961817124124%,29.827066476281132%
2013,11.0,FORT WORTH,,,,,gender,20164,17100,11420,6034,,Female,,,84.80460226145607%,56.635588176949014%,29.92461813132315%
2013,11.0,FORT WORTH,,,,,ethnicity,12929,10592,5500,2278,,,,Hispanic,81.92435609869287%,42.5400262974708%,17.619305437388817%
2013,11.0,FORT WORTH,,,,,econ_status,18982,14671,7582,2829,,,Economically Disadvantaged,,77.28901064166051%,39.94310399325677%,14.90359287746286%
2013,11.0,FORT WORTH,,,,,gender,20805,16784,9662,4132,,Male,,,80.67291516462389%,46.44075943282865%,19.86061043018505%
2013,11.0,FORT WORTH,,,,,total,40969,33884,21082,10166,,,,,82.70643657399496%,51.45841978080988%,24.813883668139326%
2013,12.0,WACO,,,,,econ_status,4796,4033,3218,1784,,,Not Economically Disadvantaged,,84.0909090909091%,67.0975813177648%,37.1976647206005%
2013,12.0,WACO,,,,,ethnicity,573,421,309,159,,,,Others,73.47294938917976%,53.92670157068062%,27.748691099476442%
2013,12.0,WACO,,,,,total,10824,8561,5800,2704,,,,,79.09275683665928%,53.584626755358464%,24.98152254249815%
2013,12.0,WACO,,,,,ethnicity,1945,1451,1026,312,,,,African American,74.60154241645243%,52.75064267352185%,16.041131105398456%
2013,12.0,WACO,,,,,ethnicity,3109,2456,1475,640,,,,Hispanic,78.99646188485043%,47.44290768735928%,20.585397233837245%
2013,12.0,WACO,,,,,econ_status,6006,4504,2581,907,,,Economically Disadvantaged,,74.991674991675%,42.97369297369297%,15.1015651015651%
2013,12.0,WACO,,,,,ethnicity,4732,3832,2733,1497,,,,White,80.98055790363483%,57.75570583262891%,31.6356720202874%
2013,12.0,WACO,,,,,gender,5227,4207,3114,1561,,Female,,,80.48593839678591%,59.575282188635924%,29.86416682609527%
2013,12.0,WACO,,,,,gender,5597,4354,2686,1143,,Male,,,77.79167411113096%,47.9899946399857%,20.42165445774522%
2013,13.0,AUSTIN,,,,,ethnicity,1593,1390,1022,706,,,,Others,87.25674827369743%,64.15568110483365%,44.318895166352796%
2013,13.0,AUSTIN,,,,,econ_status,14542,12819,9337,5736,,,Not Economically Disadvantaged,,88.15156099573649%,64.2071241919956%,39.444368037408886%
2013,13.0,AUSTIN,,,,,ethnicity,1890,1506,916,340,,,,African American,79.68253968253968%,48.46560846560847%,17.989417989417987%
2013,13.0,AUSTIN,,,,,ethnicity,12052,9809,4919,2039,,,,Hispanic,81.3889810819781%,40.81480252240292%,16.91835380019914%
2013,13.0,AUSTIN,,,,,econ_status,12702,9779,4392,1498,,,Economically Disadvantaged,,76.98787592505117%,34.57723193197921%,11.793418359313494%
2013,13.0,AUSTIN,,,,,ethnicity,11167,9496,6658,4066,,,,White,85.03626757410227%,59.622100832810965%,36.410853407360975%
2013,13.0,AUSTIN,,,,,gender,13207,11237,7230,4080,,Female,,,85.08366775194972%,54.7436965245703%,30.89270841220565%
2013,13.0,AUSTIN,,,,,gender,14012,11387,6518,3157,,Male,,,81.26605766485869%,46.517270910648016%,22.530687981729947%
2013,13.0,AUSTIN,,,,,total,27219,22624,13748,7237,,,,,83.11840993423712%,50.50883573974062%,26.58804511554429%
2013,14.0,ABILENE,,,,,econ_status,1963,1584,1225,730,,,Not Economically Disadvantaged,,80.69281711665818%,62.40448293428425%,37.18797758532858%
2013,14.0,ABILENE,,,,,ethnicity,267,173,114,38,,,,African American,64.7940074906367%,42.69662921348314%,14.232209737827715%
2013,14.0,ABILENE,,,,,total,3872,2837,1894,984,,,,,73.26962809917356%,48.91528925619835%,25.413223140495866%
2013,14.0,ABILENE,,,,,econ_status,1850,1215,647,250,,,Economically Disadvantaged,,65.67567567567568%,34.97297297297297%,13.513513513513514%
2013,14.0,ABILENE,,,,,ethnicity,2205,1634,1123,654,,,,White,74.10430839002268%,50.929705215419496%,29.65986394557823%
2013,14.0,ABILENE,,,,,gender,1964,1452,1030,566,,Female,,,73.93075356415478%,52.443991853360494%,28.818737270875765%
2013,14.0,ABILENE,,,,,ethnicity,1179,871,531,232,,,,Hispanic,73.87616624257845%,45.038167938931295%,19.67769296013571%
2013,14.0,ABILENE,,,,,ethnicity,177,127,112,64,,,,Others,71.75141242937853%,63.2768361581921%,36.15819209039548%
2013,14.0,ABILENE,,,,,gender,1908,1385,864,418,,Male,,,72.58909853249476%,45.28301886792453%,21.90775681341719%
2013,15.0,SAN ANGELO,,,,,ethnicity,38,27,12,5,,,,African American,71.05263157894737%,31.57894736842105%,13.157894736842104%
2013,15.0,SAN ANGELO,,,,,econ_status,1429,1288,985,577,,,Not Economically Disadvantaged,,90.13296011196641%,68.9293212036389%,40.3778866340098%
2013,15.0,SAN ANGELO,,,,,econ_status,1678,1274,617,260,,,Economically Disadvantaged,,75.92371871275327%,36.7699642431466%,15.494636471990464%
2013,15.0,SAN ANGELO,,,,,ethnicity,30,25,14,9,,,,Others,83.33333333333334%,46.666666666666664%,30.0%
2013,15.0,SAN ANGELO,,,,,gender,1689,1367,781,369,,Male,,,80.93546477205447%,46.24037892243931%,21.847246891651864%
2013,15.0,SAN ANGELO,,,,,gender,1602,1348,901,502,,Female,,,84.14481897627965%,56.24219725343321%,31.335830212234704%
2013,15.0,SAN ANGELO,,,,,ethnicity,1300,1100,765,435,,,,White,84.61538461538461%,58.84615384615385%,33.46153846153846%
2013,15.0,SAN ANGELO,,,,,total,3291,2715,1682,871,,,,,82.49772105742935%,51.10908538438165%,26.46611972044971%
2013,15.0,SAN ANGELO,,,,,ethnicity,1728,1393,790,381,,,,Hispanic,80.61342592592592%,45.717592592592595%,22.04861111111111%
2013,16.0,AMARILLO,,,,,econ_status,3051,2353,1238,520,,,Economically Disadvantaged,,77.1222549983612%,40.57686004588659%,17.043592264831204%
2013,16.0,AMARILLO,,,,,econ_status,2567,2288,1737,1010,,,Not Economically Disadvantaged,,89.13128165173354%,67.66653681340085%,39.34553954031944%
2013,16.0,AMARILLO,,,,,ethnicity,227,163,122,56,,,,Others,71.80616740088107%,53.74449339207048%,24.669603524229075%
2013,16.0,AMARILLO,,,,,gender,2881,2309,1262,588,,Male,,,80.1457827143353%,43.80423464074974%,20.409580006942036%
2013,16.0,AMARILLO,,,,,gender,2846,2424,1735,960,,Female,,,85.17217146872804%,60.962754743499644%,33.731553056921996%
2013,16.0,AMARILLO,,,,,ethnicity,2651,2238,1590,893,,,,White,84.42097321765371%,59.97736703130894%,33.68540173519426%
2013,16.0,AMARILLO,,,,,ethnicity,218,161,116,38,,,,African American,73.85321100917432%,53.21100917431193%,17.431192660550458%
2013,16.0,AMARILLO,,,,,ethnicity,2433,2015,1096,527,,,,Hispanic,82.81956432387997%,45.04726674886971%,21.660501438553226%
2013,16.0,AMARILLO,,,,,total,5727,4733,2997,1548,,,,,82.64361795006111%,52.331063383970665%,27.029858564693555%
2013,17.0,LUBBOCK,,,,,econ_status,2802,2146,1070,344,,,Economically Disadvantaged,,76.58815132048537%,38.18700927908637%,12.276945039257674%
2013,17.0,LUBBOCK,,,,,total,5295,4349,2708,1300,,,,,82.13408876298395%,51.14258734655335%,24.551463644948065%
2013,17.0,LUBBOCK,,,,,econ_status,2343,2067,1585,938,,,Not Economically Disadvantaged,,88.2202304737516%,67.64831412718738%,40.03414425949637%
2013,17.0,LUBBOCK,,,,,ethnicity,2912,2356,1241,490,,,,Hispanic,80.9065934065934%,42.61675824175824%,16.826923076923077%
2013,17.0,LUBBOCK,,,,,ethnicity,309,232,131,32,,,,African American,75.08090614886731%,42.394822006472495%,10.355987055016183%
2013,17.0,LUBBOCK,,,,,ethnicity,1821,1532,1170,680,,,,White,84.12959912136189%,64.2504118616145%,37.34211971444261%
2013,17.0,LUBBOCK,,,,,gender,2673,2237,1518,791,,Female,,,83.6887392442948%,56.79012345679012%,29.59221848110737%
2013,17.0,LUBBOCK,,,,,gender,2622,2112,1190,509,,Male,,,80.54919908466819%,45.385202135774215%,19.41266209000763%
2013,17.0,LUBBOCK,,,,,ethnicity,119,100,78,51,,,,Others,84.03361344537815%,65.54621848739495%,42.857142857142854%
2013,18.0,MIDLAND,,,,,econ_status,2880,2319,1583,725,,,Not Economically Disadvantaged,,80.52083333333333%,54.96527777777778%,25.17361111111111%
2013,18.0,MIDLAND,,,,,ethnicity,256,178,106,23,,,,African American,69.53125%,41.40625%,8.984375%
2013,18.0,MIDLAND,,,,,ethnicity,3652,2781,1593,599,,,,Hispanic,76.1500547645126%,43.61993428258488%,16.40197152245345%
2013,18.0,MIDLAND,,,,,ethnicity,108,79,52,30,,,,Others,73.14814814814815%,48.148148148148145%,27.77777777777778%
2013,18.0,MIDLAND,,,,,ethnicity,1504,1111,772,392,,,,White,73.86968085106383%,51.329787234042556%,26.063829787234045%
2013,18.0,MIDLAND,,,,,gender,2748,2166,1452,656,,Female,,,78.82096069868996%,52.838427947598255%,23.871906841339154%
2013,18.0,MIDLAND,,,,,gender,2831,2022,1099,405,,Male,,,71.42352525609326%,38.82020487460262%,14.305898975626988%
2013,18.0,MIDLAND,,,,,econ_status,2636,1822,940,329,,,Economically Disadvantaged,,69.11987860394537%,35.66009104704097%,12.48103186646434%
2013,18.0,MIDLAND,,,,,total,5579,4188,2551,1061,,,,,75.0672163470156%,45.72504032980821%,19.017745115612115%
2013,19.0,EL PASO,,,,,total,13227,10670,7398,2979,,,,,80.66832993120133%,55.93105012474484%,22.522113858017693%
2013,19.0,EL PASO,,,,,gender,6558,5449,3998,1833,,Female,,,83.08935651113144%,60.96370844769747%,27.950594693504115%
2013,19.0,EL PASO,,,,,ethnicity,699,438,296,149,,,,White,62.66094420600859%,42.34620886981402%,21.316165951359086%
2013,19.0,EL PASO,,,,,ethnicity,286,187,129,52,,,,African American,65.38461538461539%,45.10489510489511%,18.181818181818183%
2013,19.0,EL PASO,,,,,ethnicity,12056,9930,6893,2739,,,,Hispanic,82.36562707365627%,57.1748506967485%,22.71897810218978%
2013,19.0,EL PASO,,,,,econ_status,3424,2816,2143,1098,,,Not Economically Disadvantaged,,82.2429906542056%,62.5876168224299%,32.06775700934579%
2013,19.0,EL PASO,,,,,econ_status,9836,7879,5267,1882,,,Economically Disadvantaged,,80.10370069133795%,53.548190321268805%,19.133794225294835%
2013,19.0,EL PASO,,,,,ethnicity,104,71,43,26,,,,Others,68.26923076923077%,41.34615384615385%,25.0%
2013,19.0,EL PASO,,,,,gender,6669,5221,3400,1146,,Male,,,78.28759934023091%,50.98215624531414%,17.183985605038238%
2013,20.0,SAN ANTONIO,,,,,ethnicity,6015,4946,3581,2182,,,,White,82.22776392352452%,59.53449709060682%,36.27597672485453%
2013,20.0,SAN ANTONIO,,,,,ethnicity,949,768,575,368,,,,Others,80.927291886196%,60.59009483667018%,38.77766069546891%
2013,20.0,SAN ANTONIO,,,,,ethnicity,1760,1340,843,332,,,,African American,76.13636363636364%,47.89772727272727%,18.863636363636363%
2013,20.0,SAN ANTONIO,,,,,ethnicity,21736,17077,10564,4639,,,,Hispanic,78.56551343393448%,48.6013986013986%,21.342473316157527%
2013,20.0,SAN ANTONIO,,,,,econ_status,11864,10152,7753,4543,,,Not Economically Disadvantaged,,85.56979096426163%,65.34895482130815%,38.29231287929872%
2013,20.0,SAN ANTONIO,,,,,econ_status,19023,14290,8009,3073,,,Economically Disadvantaged,,75.11959207275403%,42.10166640382695%,16.154129212006517%
2013,20.0,SAN ANTONIO,,,,,gender,15739,12095,7000,3011,,Male,,,76.8473219391321%,44.475506703094226%,19.130821526145244%
2013,20.0,SAN ANTONIO,,,,,gender,15057,12286,8750,4611,,Female,,,81.59659958823138%,58.11250581125058%,30.623630205220167%
2013,20.0,SAN ANTONIO,,,,,total,30796,24381,15750,7622,,,,,79.16937264579815%,51.14300558514093%,24.749967528250423%
