REGION,RA0GH13N,RA0GR13N,RA0GM13N,RB0GR13N,RH0GR13N,RW0GR13N,RI0GR13N,R30GR13N,R40GR13N,R20GR13N,RS0GR13N,RA0GR13R,RA0GH13R,RA0GM13R,RB0GR13R,RH0GR13R,RW0GR13R,RI0GR13R,R30GR13R,R40GR13R,R20GR13R,RS0GR13R,RPETALLC,RPETSPEC,RPETLEPC,RPETECOC,RPETNEDC,RPETGIFC,RPETVOCC,RPETBILC,RPETRSKC,RPETGEEC,RPETGPKC,RPETGKNC,RPETG01C,RPETG02C,RPETG03C,RPETG04C,RPETG05C,RPETG06C,RPETG07C,RPETG08C,RPETG09C,RPETG10C,RPETG11C,RPETG12C,RPETHISC,RPETBLAC,RPETWHIC,RPETINDC,RPETASIC,RPETPCIC,RPETTWOC,RAPID14D,RAPID14N,RAUND13C,RAUND13D,RAUND13R,RPETDISD,RPETDISC,RPETDISP,RPERRAKR,RPERRA1R,RPERRA2R,RPERRA3R,RPERRA4R,RPERRA5R,RPERRA6R,RPERRA7R,RPERRA8R,RPERSAKR,RPERSA1R,RPERSA2R,RPERSA3R,RPERSA4R,RPERSA5R,RPERSA6R,RPERSA7R,RPERSA8R,RPETWHIP,RPETBLAP,RPETHISP,RPETINDP,RPETASIP,RPETPCIP,RPETTWOP,RPETECOP,RPETNEDP,RPETRSKP,RPETLEPP,RPETSPEP,RPETVOCP,RPETBILP,RPETGIFP,RPETGEEP,RPETGPKP,RPETGKNP,RPETG01P,RPETG02P,RPETG03P,RPETG04P,RPETG05P,RPETG06P,RPETG07P,RPETG08P,RPETG09P,RPETG10P,RPETG11P,RPETG12P,RAPID14R,RPSTTOFC,RPSUTOFC,RPSSTOFC,RPSCTOFC,RPSETOFC,RPSTTOST,RPSUTOST,RPSSTOST,RPSCTOST,RPST00FC,RPST01FC,RPST06FC,RPST11FC,RPST20FC,RPST00ST,RPST01ST,RPST06ST,RPST11ST,RPST20ST,RPSTNOFC,RPSTBAFC,RPSTMSFC,RPSTPHFC,RPSPCOFC,RPSECOFC,RPSPTOFC,RPSXTOFC,RPSATOFC,RPSOTOFC,RPSTINFC,RPSTPIFC,RPSTASFC,RPSTBLFC,RPSTHIFC,RPSTWHFC,RPSTTWFC,RPSTMAFC,RPSTFEFC,RPSXCOFC,RPSTREFC,RPSTVOFC,RPSTBIFC,RPSTCOFC,RPSTGIFC,RPSTSPFC,RPSTOPFC,RPSTURNN,RPSTURND,RPSTURNR,RPSTTENA,RPSTEXPA,RPSAMIFC,RPCTSOCS,RPCTSOCC,RPCTSCIS,RPCTSCIC,RPCTMATS,RPCTMATC,RPCTG06S,RPCTG06C,RPCTG05S,RPCTG05C,RPCTG04S,RPCTG04C,RPCTG03S,RPCTG03C,RPCTG02S,RPCTG02C,RPCTG01S,RPCTG01C,RPCTGMES,RPCTGMEC,RPCTGKGS,RPCTGKGC,RPCTFLAS,RPCTFLAC,RPCTENGS,RPCTENGC,RPCTSOCA,RPCTSCIA,RPCTMATA,RPCTGMEA,RPCTGKGA,RPCTG06A,RPCTG05A,RPCTG04A,RPCTG03A,RPCTG02A,RPCTG01A,RPCTFLAA,RPCTENGA,RPSPTOFP,RPSTTOFP,RPSUTOFP,RPSSTOFP,RPSCTOFP,RPSETOFP,RPSXTOFP,RPSAMIFP,RPSTNOFP,RPSTBAFP,RPSTMSFP,RPSTPHFP,RPST00FP,RPST01FP,RPST06FP,RPST11FP,RPST20FP,RPSTREFP,RPSTVOFP,RPSTBIFP,RPSTCOFP,RPSTGIFP,RPSTSPFP,RPSTOPFP,RPSTBLFP,RPSTWHFP,RPSTHIFP,RPSTPIFP,RPSTINFP,RPSTASFP,RPSTTWFP,RPSTMAFP,RPSTFEFP,RPSTKIDR,RPST00SA,RPST01SA,RPST06SA,RPST11SA,RPST20SA,RPSTTOSA,RPSUTOSA,RPSSTOSA,RPSCTOSA,RPFEIERP,RPSAINHP
"01",22485,24655,2170,49,23882,524,14,161,6,19,1943,100,91.2,8.8,0.2,96.9,2.1,0.1,0.7,0,0.1,7.9,421443,30471,149251,362028,59415,35621,101506,149235,274129,391,24574,30532,32735,32031,31319,30753,30650,31200,31948,30814,34785,29125,25711,24875,411212,807,6944,248,1870,42,320,460618,358,892,186402,0.5,433642,7464,1.7,1.6,6.2,4.6,2.7,1.4,1,0.8,1.2,1.5,5.4,9.2,5.2,1.8,0.7,0.9,1.7,1.2,1.8,1.6,0.2,97.6,0.1,0.4,0,0.1,85.9,14.1,65,35.4,7.2,24.1,35.4,8.5,0.1,5.8,7.2,7.8,7.6,7.4,7.3,7.3,7.4,7.6,7.3,8.3,6.9,6.1,5.9,0.1,26720.5917,5366.2343,1515.2075,508.8671,5791.684,1327021597.2,314089919.9,108455329.8,46575131.683,1847.0042,6190.9665,6836.3811,7132.8067,4713.4332,78330482.98,275545751.23,321471662,366769294.8,284904406.15,368.4588,22052.1329,4228.7661,71.2339,50.9964,4.5476,34110.9006,19679.6894,59582.274,76.33,29.6412,19.9492,233.6714,88.817,23692.7097,2575.1719,80.6313,7893.0856,18827.5061,36.843017298,17342.8749,1341.9447,4020.7661,415.9805,1067.7458,2195.4694,335.8103,2864.0178,26375.866,10.858478732,8.8397991484,11.737478454,55386.4407,163635,8705,157390,8520,180324,10236,24800.964,1190.5965,19514.4126,885.1695,17531.7235,883.2569,17077.7126,859.8603,16882.4363,840.6527,16916.8356,842.4515,867.6474,60.1973,16378.3178,812.3924,72652,4036,221357,12859,18.8,18.5,17.6,14.4,20.2,20.8,22,19.8,19.9,20.1,20.1,18,17.2,57.250081794,44.846545635,9.0064274821,2.5430508074,0.8540578696,9.7204816318,33.029436574,92.957916813,1.3789320391,82.528609948,15.825869979,0.2665880337,6.9122877994,23.169271734,25.584692049,26.694044728,17.63970369,64.904531661,5.0221369162,15.047444103,1.5567787745,3.9959661522,8.2163951482,1.2567472449,0.3323915915,9.6374059711,88.668357221,0.0746585264,0.1109301782,0.8744993473,0.3017571651,29.539336885,70.460663115,15.772218098,42409.477456,44507.711555,47023.660223,51420.052473,60445.198662,49662.882172,58530.787576,71577.872864,91527.103409,62,59.8
"02",5097,6507,1410,189,4555,1599,14,67,8,75,667,100,78.3,21.7,2.9,70,24.6,0.2,1,0.1,1.2,10.3,105841,9542,4349,66437,39404,5691,24533,4043,55418,144,3824,7977,8540,8114,8085,7884,7808,7912,8191,8224,8627,7407,6754,6350,78534,2751,21952,252,1248,88,1016,116890,33,63,47789,0.1,111542,2698,2.4,2.3,7.5,4.4,3.4,1.6,2.6,1.9,1.7,2.3,9.5,10.2,5.1,2.4,1,2.2,1.6,2.3,1.1,20.7,2.6,74.2,0.2,1.2,0.1,1,62.8,37.2,52.4,4.1,9,23.2,3.8,5.4,0.1,3.6,7.5,8.1,7.7,7.6,7.4,7.4,7.5,7.7,7.8,8.2,7,6.4,6,0,6874.5843,1178.7949,414.1966,249.5269,1521.9079,324179783.7,63681865.433,28245422.041,20795837.073,562.2271,1475.2518,1405.9874,1863.3558,1567.7622,21651540.289,60690582.533,62607608.062,91533889.527,87696163.286,67.1157,4899.4486,1867.4401,40.5799,9,0.9947,8717.1027,4152.8647,14391.8753,29.44,25.2251,4,37.9212,145.8303,3292.8504,3318.7738,49.9835,1549.4909,5325.0934,26.225860668,5348.7412,295.3746,47.8691,214.9875,94.4432,699.4312,173.7375,1204.2343,6820.591,17.655864426,8.774913368,12.710422978,9016.1486,43693,2385,42549,2364,45560,2601,6095.3584,295.7199,6890.018,337.1052,7266.0334,384.5126,7389.8867,392.8273,7520.9463,393.9165,7849.6494,409.5873,72.4996,4.4824,7237.2518,373.9192,18684,987,51474,3036,18.3,18,17.5,16.2,19.4,20.6,20.4,18.9,18.8,19.1,19.2,18.9,17,60.569609716,47.767119689,8.1906970108,2.8779890832,1.7338039331,10.574771309,28.855618976,62.647489726,0.9762873953,71.269016223,27.164407599,0.590288783,8.1783432345,21.459505559,20.451962455,27.104996007,22.805192745,77.804576489,4.2966176151,0.6963199215,3.1272800015,1.3738023403,10.174159912,2.52724372,2.1212962651,48.275992484,47.898902047,0.0581853364,0.3669327322,0.5516144445,0.7270766903,22.53941231,77.46058769,15.395985471,38510.310672,41139.134711,44529.281032,49123.140909,55937.158892,47156.274409,54022.854555,68193.273535,83341.062921,59.6,61.9
"03",2444,3149,705,316,1427,1311,7,49,1,38,292,100,77.6,22.4,10,45.3,41.6,0.2,1.6,0,1.2,9.3,53773,4718,3873,32920,20853,3007,13692,3748,24802,108,2401,4263,4377,4102,4066,3898,3989,3967,4110,3948,4306,3737,3363,3138,29752,4842,17764,95,599,24,697,58956,19,167,27316,0.6,56610,1264,2.2,2.9,5.7,4.2,2.7,1.5,1.9,1,1.4,1.1,14.6,11.1,4.9,1.9,0.2,2.1,0.8,0.5,1.6,33,9,55.3,0.2,1.1,0,1.3,61.2,38.8,46.1,7.2,8.8,25.5,7,5.6,0.2,4.5,7.9,8.1,7.6,7.6,7.2,7.4,7.4,7.6,7.3,8,6.9,6.3,5.8,0,3930.1873,530.0796,239.4809,118.0598,1013.046,180378302.19,27207961.792,16223415.498,9876672.4428,317.3601,845.0868,768.2225,1073.5693,925.9486,11971151.186,33722774.575,33032602.077,51500019.955,50151754.4,31.0993,3342.4326,543.0356,13.6198,85.3667,6.3904,4817.8076,2204.1793,8035.0329,10.47,7.0003,0,14.4498,136.9902,575.5152,3177.2703,18.9615,817.8748,3112.3125,43.180808455,3033.8757,202.4012,65.3119,170.6283,40.7196,321.7996,95.451,735.5798,3863.5081,19.039168056,8.3762771659,12.823138189,2689.7179,22710,1428,21798,1353,23844,1565,2825.3609,154.285,3482.05,178.5544,3403.2566,186.2567,3599.5649,190.1892,3587.8409,189.879,3671.0462,192.1898,115.8124,8.0556,3619.0863,197.7634,7733,491,31344,2136,15.9,16.1,15.2,14.4,18.3,18.3,19.5,18.3,18.9,18.9,19.1,15.7,14.7,59.960023312,48.913145085,6.5971055327,2.9804594826,1.4693132121,12.607863746,27.432112941,33.474883469,0.7912930765,85.045122404,13.817041239,0.3465432805,8.0749357671,21.50245613,19.546714733,27.315983134,23.559910236,77.194175962,5.149912321,1.6618012073,4.3414801122,1.0360727592,8.1878947601,2.4286628782,3.4855896054,80.842719633,14.643454779,0,0.1781161931,0.3676618669,0.4824579226,20.810071825,79.189928175,13.682045128,37721.0342,39904.509898,42998.743303,47970.838915,54162.568418,45895.599477,51328.068071,67744.089395,83658.217639,61.1,64.3
"04",51385,64889,13504,12680,27617,18405,271,4769,83,1064,4661,100,79.2,20.8,19.5,42.6,28.4,0.4,7.3,0.1,1.6,7.2,1143084,88475,237034,684937,458147,88209,237927,225774,586074,3160,54813,86724,91624,87476,86730,85232,85153,83611,84936,83931,90454,79886,73299,66055,565733,219421,261230,4775,72128,1191,18606,1248154,1506,1347,500898,0.3,1153165,14971,1.3,1.4,4.7,3.2,2.9,1.7,1.4,0.9,1.1,0.8,6.4,8.3,4,1.6,0.9,0.6,0.8,0.9,0.9,22.9,19.2,49.5,0.4,6.3,0.1,1.6,59.9,40.1,51.3,20.7,7.7,20.8,19.8,7.7,0.3,4.8,7.6,8,7.7,7.6,7.5,7.4,7.3,7.4,7.3,7.9,7,6.4,5.8,0.1,69280.131,13356.6267,3872.3584,1140.7473,11449.7671,3617974211,824334288.01,296514234.29,116022393.18,6570.0581,18654.8903,16589.8146,17529.3098,9936.0582,301579527.69,899595802.01,837127824.97,950681184.05,628989872.29,604.7699,51141.456,16927.8948,606.0103,56.5513,4,87649.8634,38878.1382,137977.7687,994.93,206.6792,62.5004,1958.5328,13775.477,12999.2696,39486.4629,791.2091,15195.5959,54084.5351,21.731216529,50474.0328,2434.6624,4616.9242,1277.2433,1732.1726,5950.2348,2794.8609,11573.3962,66610.1131,17.374833432,7.3445740832,10.435427955,69048.5298,472727,22594,454168,22316,485632,24966,60107.6874,2805.4507,68610.1585,3240.0096,70750.3843,3590.8655,70802.4073,3559.939,71230.1787,3570.9381,73009.951,3648.981,9973.0949,398.1746,69681.7151,3453.5256,195208,9370,588416,31230,20.9,20.4,19.5,25,20.2,21.4,21.2,19.7,19.9,19.9,20,20.8,18.8,63.524627355,50.211082302,9.6802744571,2.80650893,0.8267616666,8.2982695023,28.177103142,50.043228305,0.8729341173,73.818359264,24.433982089,0.8747245296,9.4833222818,26.92675379,23.945991961,25.302073693,14.341858274,72.854990416,3.5142289208,6.6641389578,1.8435925013,2.5002444063,8.5886598569,4.0341449412,19.883734054,56.995364082,18.763344428,0.0902140326,0.2983239163,2.8269761788,1.1420433082,21.93355538,78.06644462,16.499449171,45902.109707,48223.055056,50460.348422,54233.805831,63303.762884,52222.392752,61717.251408,76572.001777,101707.35725,64.9,63.3
"05",3938,5016,1078,1418,580,2812,26,126,5,49,490,100,78.5,21.5,28.3,11.6,56.1,0.5,2.5,0.1,1,9.8,81446,7329,5680,49085,32361,4496,21023,4590,34758,279,3952,6203,6576,6165,5981,5924,5811,5861,6018,5989,6309,5864,5330,5184,14513,22084,40763,499,1937,69,1581,89678,54,197,37440,0.5,85784,1685,2,2.6,4.5,3.2,2.3,1.3,1.4,0.9,1,1.1,10.5,9.4,4.2,2.4,1.5,1.5,1.5,1.1,2.4,50,27.1,17.8,0.6,2.4,0.1,1.9,60.3,39.7,42.7,7,9,25.8,5.6,5.5,0.3,4.9,7.6,8.1,7.6,7.3,7.3,7.1,7.2,7.4,7.4,7.7,7.2,6.5,6.4,0.1,5683.3334,815.2343,317.3245,137.396,1234.9565,261322859.13,44453749.132,22069492.71,12243308.329,377.0991,1226.2395,1097.121,1590.8294,1392.0444,14209698.271,48573920.116,46348647.445,75047640.301,77142953.002,71.185,4556.9619,1043.1873,11.9992,23.8139,10,6953.2882,3011.0377,11199.2824,39.2,14.2404,1,26.4647,1006.1501,233.7951,4355.8852,45.7979,1149.2168,4534.1166,12.308358988,4316.7147,324.8914,74.1317,235.9214,77.9955,490.1723,163.5064,924.791,5745.4275,16.096121655,9.4265365214,13.157465122,3426.3315,33819,1820,31590,1752,35166,2083,4390.2786,233.5545,4757.5387,242.7239,4905.0054,263.7191,5127.2585,261.0399,4930.8539,255.0681,5406.6199,277.3756,171.0571,5.0571,4140.6445,214.1264,12215,668,40747,2492,18.6,18,16.9,33.8,19.3,18.8,19.6,18.6,19.6,19.3,19.5,18.3,16.4,62.086908354,50.747299666,7.2793440765,2.8334360066,1.2268286047,11.027103844,26.885987802,30.59420575,1.2525219794,80.18114686,18.355201544,0.2111296163,6.6351747022,21.57606133,19.304181592,27.991132809,24.493449566,75.953923449,5.7165641558,1.3043700727,4.1511096287,1.3723548226,8.6247324501,2.8769454208,17.703520613,76.64314045,4.1136967259,0.0175953077,0.2505642199,0.46565454,0.805828143,20.220823223,79.779176777,14.330674319,37681.602185,39612.09871,42245.702566,47175.165546,55417.020464,45980.561185,54528.801268,69548.65669,89109.641688,59,63.8
"06",8773,10769,1996,1104,2949,6187,52,224,10,243,980,100,81.5,18.5,10.3,27.4,57.5,0.5,2.1,0.1,2.3,9.1,180519,14534,22060,92185,88334,12425,40191,22717,77182,381,6714,13643,14522,13869,13784,13391,13588,13331,13845,13723,14407,13028,11423,10870,60311,19769,91954,837,3601,175,3872,198095,102,252,81025,0.3,187903,3101,1.7,3.1,5.8,3.6,2.5,1.3,1.6,0.7,1,0.9,10.4,11.6,5,2.4,1.4,1,1.2,1.7,1.9,50.9,11,33.4,0.5,2,0.1,2.1,51.1,48.9,42.8,12.2,8.1,22.3,12.6,6.9,0.2,3.7,7.6,8,7.7,7.6,7.4,7.5,7.4,7.7,7.6,8,7.2,6.3,6,0.1,12064.5561,1952.0111,702.7633,258.643,2320.185,581039477.39,111838613.89,50804217.81,23729817.846,991.1891,3007.1648,2661.2685,3205.9439,2198.9898,40110569.419,130372663.7,123917398.02,160582721.94,126056124.31,222.8428,9325.0609,2452.3686,64.2838,69.8258,2,14977.9735,6425.8774,23724.0359,63.08,29.4799,1.0002,67.2435,604.3927,1061.8523,10211.3916,89.1959,2445.8957,9618.6604,19.122011889,8906.9428,639.418,467.1213,312.9645,106.2038,1146.1507,485.755,2128.6077,11795.6841,18.045648578,7.246049965,11.641274307,5538.339,76622,3839,71432,3720,77788,4292,11428.4069,529.2784,11799.5336,563.3234,11826.0432,634.0012,11844.3863,636.2061,11656.9072,630.0709,12334.3596,647.9665,242.392,16.197,11652.3807,626.9434,31657,1657,88539,5107,20,19.2,18.1,15,18.6,21.6,20.9,18.7,18.6,18.5,19,19.1,17.3,63.13417145,50.853725525,8.2279891509,2.962241766,1.0902150085,9.7798916246,27.085936925,23.344843278,1.8470866077,77.293029455,20.327052066,0.532831871,8.2157113099,24.925614959,22.058569565,26.573243752,18.226860415,73.827356151,5.2999712107,3.871848215,2.5940821809,0.8802959605,9.500148124,4.0262981578,5.0096555148,84.639596479,8.8014203855,0.0082904003,0.2443513027,0.5573640625,0.7393218554,20.273399864,79.726600136,14.96275524,40467.121177,43354.013623,46563.282894,50089.061738,57324.560719,48160.866639,57294.04607,72292.075881,91747.380929,62.5,63.4
"07",7877,10163,2286,1802,2098,5896,52,99,5,211,1045,100,77.5,22.5,17.7,20.6,58,0.5,1,0,2.1,10.3,170664,14726,19917,105850,64814,11269,43552,19272,84156,296,8079,13056,13792,13194,12915,12564,12690,12513,12755,12715,12990,11967,10921,10217,44973,30059,88879,739,1637,129,4248,187611,248,291,77475,0.4,178627,3021,1.7,2.8,5,3.6,2.2,1.3,2.2,0.6,0.8,1.4,14,12.2,5.2,2.2,1.2,1.9,0.5,1,1.4,52.1,17.6,26.4,0.4,1,0.1,2.5,62,38,49.3,11.7,8.6,25.5,11.3,6.6,0.2,4.7,7.7,8.1,7.7,7.6,7.4,7.4,7.3,7.5,7.5,7.6,7,6.4,6,0.1,12429.8488,1833.4826,763.7264,385.8627,2739.7566,545290908.6,93496296.946,51581001.155,33652212.124,961.5809,2915.2428,2425.8215,3460.8428,2666.3608,34845036.884,109393179.12,98790608.917,161057228.73,141204854.96,87.1224,10002.35,2313.1239,27.2525,148.2445,70.3992,15412.9205,6207.8062,24360.4833,63.49,46.7864,6,28.6741,1068.0526,608.4119,10567.9368,103.987,2632.1098,9797.739,46.006686022,9007.8006,708.649,546.4388,710.461,186.4917,977.0905,292.9172,2286.6293,12290.418,18.604975844,7.6932504288,12.562414276,5600.2204,68945,4181,65251,3982,71082,4699,10554.708,573.1326,11047.6798,567.7058,10653.1053,568.1835,10863.0818,580.6298,11034.8766,581.6728,11485.0661,598.1638,1099.4451,57.3558,10806.5254,579.4756,25044,1637,82952,5690,16.5,16.4,15.1,19.2,18.6,18.4,19.5,18.7,18.7,19,19.2,15.3,14.6,63.27017535,51.024639565,7.5264623342,3.1351036455,1.5839698057,11.246725142,25.483099508,22.98895441,0.7009127899,80.470407653,18.609429103,0.2192504546,7.7360627267,23.453566064,19.516098217,27.842999989,21.451273003,72.469108393,5.7011876122,4.3961821965,5.7157654243,1.5003537292,7.8608397875,2.356562857,8.5926435404,85.020638385,4.8947650916,0.0482709009,0.3764036132,0.2306874401,0.8365910292,21.175718565,78.824281435,13.730175061,36237.238993,37524.551684,40724.599447,46536.996343,52957.894879,43869.472379,50993.828328,67538.586011,87212.918285,61.3,65.1
"08",2707,3647,940,808,560,2164,27,26,1,61,462,100,74.2,25.8,22.2,15.4,59.3,0.7,0.7,0,1.7,12.7,56611,5671,4929,36618,19993,3817,14739,4585,27246,196,3392,4386,4442,4149,4108,4003,4040,4069,4185,4106,4384,3928,3744,3479,11198,11491,31169,385,397,43,1928,62390,10,119,25788,0.5,59968,1137,1.9,4.9,4.9,3.1,1.9,1,2.3,0.8,0.6,0.8,15.3,10.8,4.6,2.2,0.7,0.5,0.9,0.2,0.6,55.1,20.3,19.8,0.7,0.7,0.1,3.4,64.7,35.3,48.1,8.7,10,26,8.1,6.7,0.3,6,7.7,7.8,7.3,7.3,7.1,7.1,7.2,7.4,7.3,7.7,6.9,6.6,6.1,0,4491.7759,615.6862,268.5322,137.0449,1138.1746,192867608.11,30758393.672,17581469.078,11264911.273,219.9436,998.9544,860.018,1331.3951,1081.4648,7375013.7831,35498790.52,33998545.9,60757658.787,55237599.117,15.2779,3558.2312,905.1181,13.1487,33.2824,8,5513.0392,2001.2296,8652.4434,90.59,19.3382,3.9999,14.0009,309.409,151.7142,3953.2286,40.0851,931.272,3560.5039,27.685715866,3216.7531,283.6504,110.3275,304.3888,38.2694,382.923,155.4637,695.6065,4469.3774,15.563834462,8.7589049767,13.330571284,1739.5742,23459,1474,21588,1363,24202,1679,3462.1359,196.0113,3873.5702,209.6908,3813.8827,213.4353,3716.194,205.9261,3676.8444,205.6134,4050.0694,220.0826,161.3647,8.6101,3732.6055,200.9955,9241,566,28883,2099,15.9,15.8,14.4,18.7,18.6,17.7,18.5,17.9,18,17.9,18.4,16.3,13.8,63.716558955,51.913380907,7.1157495234,3.1035418273,1.5838866973,13.154372093,23.129068952,20.105005252,0.3401305038,79.216578904,20.150562275,0.2927283171,4.8965844445,22.239631323,19.146502834,29.640728515,24.076552884,71.614282894,6.3148831624,2.4562111391,6.7765802831,0.8519881858,8.5249800641,3.4610742713,6.888344541,88.010370241,3.3775994924,0.0890494114,0.430524595,0.3117007685,0.8924109504,20.732824182,79.267175818,12.603255652,33531.386151,35535.946906,39532.365486,45634.581941,51076.650037,42937.940895,49957.906596,65472.479942,82198.690162,62.2,66.5
"09",1902,2347,445,177,506,1546,25,29,2,62,270,100,81,19,7.5,21.6,65.9,1.1,1.2,0.1,2.6,11.5,38304,4223,1910,22264,16040,1770,9021,1767,18109,155,2111,2996,2958,2892,2760,2833,2772,2826,2781,2759,2813,2682,2551,2415,10113,2901,23065,331,516,51,1327,42251,62,54,17552,0.3,41000,680,1.7,3.5,3.2,1.6,0.8,0.8,2.9,0.5,0.7,1.6,11.8,7.1,2.2,1.1,1.8,0.6,0.6,0.6,1.7,60.2,7.6,26.4,0.9,1.3,0.1,3.5,58.1,41.9,47.3,5,11,23.6,4.6,4.6,0.4,5.5,7.8,7.7,7.6,7.2,7.4,7.2,7.4,7.3,7.2,7.3,7,6.7,6.3,0.1,2964.0763,383.6611,164.7586,74.1791,757.7199,132288859.08,19204432.037,10847402.533,6353361.4131,167.6185,654.5953,525.886,901.8024,714.1741,5873350.2353,24612321.321,21429590.472,42100428.722,38273168.334,26.0679,2422.6822,507.9761,7.3501,58.4803,3.9626,3586.6751,1179.6128,5524.0078,10.67,14.4999,0.9999,13.0005,60.0008,150.9495,2705.7228,18.9029,697.6996,2266.3767,14.453918555,2163.2602,143.2037,43.332,229.4824,9.9228,287.2343,87.6409,491.9145,3007.2218,16.35777248,9.2167261263,13.272706334,712.8307,16235,1022,15263,980,16504,1144,2295.6532,129.7428,2567.0199,136.7956,2602.7051,148.2872,2489.2333,144.8877,2632.1552,146.0644,2638.9358,144.4049,743.508,23.8872,2819.1766,152.0193,6775,433,20157,1382,15.9,15.6,14.4,31.1,18.5,17.7,18.8,17.6,17.2,18,18.3,15.6,14.6,64.928856545,53.658075935,6.9453395775,2.9825917335,1.3428492987,13.716850653,21.354292802,12.904230512,0.8794611664,81.734812292,17.137753843,0.2479726989,5.6549995019,22.084293174,17.741985927,30.424398994,24.094322403,72.982608444,4.8313095044,1.4619056871,7.742121888,0.3347687102,9.6905164013,2.9567693652,2.0242663794,91.283844481,5.0926320621,0.0337339494,0.4891878121,0.4386020697,0.6377332459,23.538516873,76.461483127,12.922744263,35039.98804,37599.294284,40749.497937,46684.760122,53590.809767,44630.719892,50055.718541,65838.156754,85648.941725,62.6,68.1
"10",37827,46333,8506,8935,16916,16663,302,2643,57,817,3584,100,81.6,18.4,19.3,36.5,36,0.7,5.7,0.1,1.8,7.7,793963,68663,164877,455151,338812,73614,172111,160449,371067,2029,30123,61505,63536,62177,61212,60058,59870,58371,59677,58161,61830,55758,51859,47797,341684,146832,236154,4292,48088,882,16031,872555,957,1200,351879,0.3,809727,11017,1.4,1.8,2.5,1.8,1.4,0.8,1.4,0.9,1.1,1.3,9.7,6.8,4.1,2,1,1.5,1.2,1.5,2,29.7,18.5,43,0.5,6.1,0.1,2,57.3,42.7,46.7,20.8,8.6,21.7,20.2,9.3,0.3,3.8,7.7,8,7.8,7.7,7.6,7.5,7.4,7.5,7.3,7.8,7,6.5,6,0.1,51133.8256,10026.111,2850.3384,1040.25,8042.0646,2600153098.9,599158408.88,216494050.77,103317082.93,4969.9683,13737.338,12428.786,13329.5286,6668.2047,226346719.61,650580278.17,614351021.77,703133096.74,405741982.63,525.4777,35993.9754,14195.6066,418.7659,48.623,7.5134,65050.525,21184.4791,94277.0687,254.29,277.2131,41.9053,946.5071,8054.718,7098.0628,33936.2853,779.134,11996.4708,39137.3548,19.417772575,37189.081,1972.1311,2601.47,1411.8983,826.4722,5210.8173,1921.9557,8852.5266,49866.0428,17.752615012,6.8401813186,10.321400847,36506.1163,329223,16299,309471,15847,330681,17711,44469.6933,2158.6176,51787.8002,2411.9263,51673.41,2688.0736,52347.1704,2683.7618,52128.3337,2679.3356,49876.7425,2553.6026,4441.6432,165.9465,50174.1753,2622.3416,140738,7386,387093,21909,20.2,19.5,18.7,26.8,19.1,20.6,21.5,19.2,19.5,19.5,19.5,19.1,17.7,68.999307994,54.237818703,10.634729249,3.023363411,1.1033966312,8.5302446405,22.470447366,38.722158849,1.0276518407,70.391712292,27.761675238,0.8189606295,9.7195315267,26.86546105,24.306387903,26.067927529,13.040691992,72.728923689,3.8568033525,5.0875716211,2.7611826094,1.6162925232,10.190548505,3.7586777,15.752230359,66.367585257,13.881345111,0.0819522097,0.5421325253,1.8510390899,1.5237154484,23.46092955,76.53907045,15.527158211,45542.890005,47358.54051,49429.68861,52750.034742,60847.259627,50849.9622,59759.802068,75953.806318,99319.474096,65.2,67.9
"11",27815,34397,6582,4534,10188,16964,202,1719,77,713,2447,100,80.9,19.1,13.2,29.6,49.3,0.6,5,0.2,2.1,7.1,566895,47045,88484,283116,283779,46808,122083,87561,257353,1394,19209,42503,44427,43698,43012,42852,42674,42035,42930,42375,46299,41096,37952,34439,199653,80752,242260,2903,25615,1441,14271,625303,1000,933,262442,0.4,590679,10095,1.7,2.2,3.7,2.4,1.7,1.1,1.3,0.4,0.7,0.8,8.7,6.7,3,1.3,1,1.1,0.6,0.8,1.4,42.7,14.2,35.2,0.5,4.5,0.3,2.5,49.9,50.1,45.4,15.6,8.3,21.5,15.4,8.3,0.2,3.4,7.5,7.8,7.7,7.6,7.6,7.5,7.4,7.6,7.5,8.2,7.2,6.7,6.1,0.2,36855.2174,6567.7416,2085.6571,645.0596,6165.6618,1924128335.8,397570010.15,155600385.75,65637342.78,2547.768,9219.9899,8304.2646,11086.6392,5696.5557,117123901.69,444849506.5,417650721.17,590634153.54,353870052.95,219.6936,27733.6788,8685.9186,215.9264,120.5434,31.1052,46153.6757,15620.5292,67939.8667,80.8,185.5086,22.2169,364.2674,2949.3227,3948.2193,28914.4665,471.216,8211.1832,28644.0342,33.333667153,27212.9712,1363.3492,1831.0789,1201.2315,788.2551,3178.2942,1280.0373,5312.9099,35886.4921,14.80476243,7.4013044056,11.251257892,18991.2607,239397,10849,227581,10612,245398,12119,33020.3638,1495.2464,37092.3341,1687.1881,37595.4837,1908.8969,36855.4015,1906.3026,37630.9234,1931.7238,36331.1764,1863.6264,3132.3107,121.6687,30117.7082,1550.3366,101234,4996,278105,14149,22.1,21.4,20.2,25.7,19.4,22.1,22,19.7,19.3,19.5,19.5,20.3,19.7,67.933126663,54.246820299,9.6669921785,3.0698575097,0.9494566759,9.0751750033,22.991698334,27.953043805,0.5960990478,75.250346509,23.567677015,0.5858774286,6.9129099751,25.016783377,22.532127568,30.081600333,15.456578748,73.837500142,3.6992027077,4.9683030767,3.2593255033,2.1387883605,8.6237293502,3.4731508598,8.0024563903,78.45420144,10.712782554,0.06028156,0.5033442022,0.9883740368,1.2785598166,22.27956794,77.72043206,15.381675648,45971.180142,48248.372431,50293.522821,53274.409213,62120.002258,52207.759758,60533.74727,74604.970177,101753.91976,65.3,67.1
"12",7076,9375,2299,1899,2588,4413,49,159,27,240,1034,100,75.5,24.5,20.3,27.6,47.1,0.5,1.7,0.3,2.6,11,161671,15594,14064,96810,64861,10033,35489,13691,80101,354,8825,12775,13322,12574,12156,11658,11918,11785,11999,11874,12425,11044,9804,9158,52304,31506,67322,897,2415,1012,6215,178603,70,225,72094,0.3,173128,3247,1.9,2.3,4.8,3.3,3,1.6,1.8,0.8,0.9,1.2,10.8,10.3,5.1,2.5,1.3,1.6,1.3,1.6,1.7,41.6,19.5,32.4,0.6,1.5,0.6,3.8,59.9,40.1,49.5,8.7,9.6,22,8.5,6.2,0.2,5.5,7.9,8.2,7.8,7.5,7.2,7.4,7.3,7.4,7.3,7.7,6.8,6.1,5.7,0,11309.6689,1706.0216,756.7077,283.9242,2576.6987,523630938.7,93933360.137,51202482.908,25039209.839,1004.1263,3011.8399,2283.2214,3038.1158,1972.3655,40000725.306,125712473.3,101287111.19,147906886.87,108723742.03,74.3989,9171.6158,2025.7266,37.9276,112.1165,32.4911,14056.3224,5967.3846,22600.4057,69.75,79.1986,16.0008,81.9815,937.0474,876.5694,9146.191,172.6802,2630.8596,8678.8093,70.629872672,8712.2182,479.4568,265.8608,397.2603,145.5805,1013.6852,295.6071,2088.6009,11114.1926,18.792196385,7.1077729294,11.349265582,6176.0369,64155,3627,60770,3454,65620,3982,8962.9608,458.2095,10698.6663,500.1515,9905.4577,502.1292,9996.3141,518.9223,9969.7234,526.6223,10591.4342,551.6036,1273.3312,53.7005,9907.0763,517.2873,27236,1585,76909,4953,17.7,17.6,16.5,23.7,19.2,19.6,21.4,19.7,19.3,18.9,19.2,17.2,15.5,62.195000331,50.041884425,7.5486326336,3.3482040546,1.256279218,11.401117016,26.403882652,27.327106345,0.6578344659,81.09535196,17.911458045,0.3353555293,8.8784765397,26.630663785,20.188224962,26.862995078,17.439639634,77.033362135,4.2393531079,2.3507390212,3.5125723265,1.2872215914,8.9629962554,2.6137555627,8.285365454,80.870546086,7.7506194722,0.1414789429,0.7002733741,0.7248797531,1.5268369174,23.262039086,76.737960914,14.29493661,39836.348581,41739.42755,44361.493452,48683.755527,55123.526565,46299.404812,55059.889123,67664.810214,88189.769801,62.4,64.8
"13",18640,22524,3884,1868,8960,10220,91,823,31,531,1778,100,82.8,17.2,8.3,39.8,45.4,0.4,3.7,0.1,2.4,7.9,387191,35494,59660,185956,201235,32991,84859,59601,175277,1322,13662,30401,30750,30188,29795,29769,29292,28732,29086,28676,30053,27478,24927,23060,179788,27726,151846,1154,15740,399,10538,423169,271,573,178769,0.3,397638,6264,1.6,1.5,2,1.4,0.9,0.5,0.8,0.4,0.5,0.5,7,4.7,2.3,1.1,0.5,0.9,0.4,0.6,0.8,39.2,7.2,46.4,0.3,4.1,0.1,2.7,48,52,45.3,15.4,9.2,21.9,15.4,8.5,0.3,3.5,7.9,7.9,7.8,7.7,7.7,7.6,7.4,7.5,7.4,7.8,7.1,6.4,6,0.1,26092.9402,4870.4138,1670.9338,549.8709,4469.9272,1242650649.6,272167458.53,111763873.84,50405257.058,1867.2863,6851.8264,6089.0677,7100.3019,4184.4579,78528155.559,300206505.29,277647997.32,348410249.79,237857741.6,147.5851,19343.3926,6448.8575,153.105,42.7057,4.9733,33184.1587,12336.2159,49990.3018,31.05,81.8253,30.0006,328.7456,996.6529,4839.5247,19574.1051,242.086,5945.5658,20147.3744,11.711462331,18815.3963,956.0488,1304.817,885.0864,345.4065,2575.0091,1211.1761,4166.8016,25439.7371,16.379106371,6.9124691506,11.158612993,17225.6496,160836,7785,156228,7897,168312,9107,21056.3367,1002.2864,25224.5506,1183.0566,26092.6584,1344.3597,25248.2502,1340.0419,25543.8364,1333.3904,26301.9188,1350.8536,1749.562,59.7721,25506.4181,1321.2757,76057,3866,189907,10869,20.7,19.8,18.5,29.3,19.3,21,21.3,19.4,18.8,19.2,19.5,19.7,17.5,66.381192962,52.196004546,9.7427173364,3.3425159278,1.0999551517,8.9415887463,24.677218292,34.457982808,0.5656131462,74.132667502,24.714951441,0.5867679105,7.1562893476,26.259311321,23.336073487,27.211582311,16.036743533,72.109145829,3.6640133027,5.0006514789,3.3920531501,1.3237546147,9.8686046121,4.6417770122,3.819626659,75.016862607,18.547257085,0.1149759275,0.3135917201,1.2599024774,0.9277835236,22.786109018,77.213890982,14.838918,42054.694858,43814.085145,45597.784586,49069.779666,56843.143673,47624.017839,55881.793562,66887.074666,91667.438772,63.3,64.9
"14",2235,2963,728,202,869,1764,11,34,2,81,362,100,75.4,24.6,6.8,29.3,59.5,0.4,1.1,0.1,2.7,12.2,57845,5440,2270,31241,26604,2378,12654,2232,20841,103,2309,4672,4647,4455,4538,4353,4358,4313,4586,4541,4713,3892,3477,2888,19899,4390,30568,238,978,45,1727,64656,7,75,26517,0.3,62132,928,1.5,5.6,6,2.9,2.6,1.3,2.4,1.7,2.5,2.5,17,12.5,5.8,1.6,2.3,2.4,1.8,2.3,1.9,52.8,7.6,34.4,0.4,1.7,0.1,3,54,46,36,3.9,9.4,21.9,3.9,4.1,0.2,4,8.1,8,7.7,7.8,7.5,7.5,7.5,7.9,7.9,8.1,6.7,6,5,0,3887.6487,463.607,201.8202,87.422,951.5796,169199392.86,23643359.043,13380576.351,7996218.3589,348.5076,932.4821,682.354,1014.5491,909.7559,12839177.692,34660473.319,27410724.798,46816595.927,47472421.122,13.3327,3271.6225,592.9292,9.7643,61.3264,0.5,4640.4979,1639.7614,7231.8389,2.5,11.0002,1,24.0004,96.371,286.7066,3426.5758,41.9947,868.9832,3018.6655,21.160455907,3005.3577,216.4877,24.6842,232.098,5.6821,314.7739,88.5651,670.8114,3791.4508,17.692736511,8.4000114307,12.56692262,1357.1828,18114,1102,17811,1096,19522,1349,3276.1055,173.2028,3621.2009,183.8573,3956.3978,208.0971,4116.1913,214.4584,4423.264,229.0365,4408.0832,232.409,52.7953,3.1462,4551.2686,241.4314,6894,454,22868,1752,16.4,16.3,14.5,16.8,18.9,18.9,19.7,19,19.2,19.3,19,15.2,13.1,64.167606112,53.757401869,6.4106378255,2.7907175864,1.208848831,13.158196873,22.674197015,18.766773137,0.3429502259,84.154272993,15.251614684,0.251162097,8.9644828248,23.985760339,17.551843097,26.096727824,23.401185915,77.305279667,5.5686024306,0.6349390571,5.9701381969,0.1461577534,8.0967681056,2.2781147895,2.4789019646,88.140057511,7.3748072968,0.0257224888,0.2829525209,0.6173500193,1.0802081989,22.352410597,77.647589403,14.879173625,36840.452522,37170.121892,40170.827457,46145.224442,52181.492993,43522.294815,50998.710208,66299.490096,91466.888871,63.5,67.7
"15",2255,2997,742,72,1601,1247,13,21,1,42,306,100,75.2,24.8,2.4,53.4,41.6,0.4,0.7,0,1.4,10.2,48397,4476,3379,29400,18997,2780,11880,3489,22676,148,1771,3917,3862,3680,3811,3674,3614,3476,3551,3554,3819,3436,3144,2940,27818,1159,18342,124,284,25,645,53476,8,60,21946,0.3,51189,569,1.1,4.4,4.5,2.7,1.9,1.4,1.9,0.6,1.2,1.2,14.9,9.1,3.2,1.3,0.6,2.1,0,3.3,2,37.9,2.4,57.5,0.3,0.6,0.1,1.3,60.7,39.3,46.9,7,9.2,24.5,7.2,5.7,0.3,3.7,8.1,8,7.6,7.9,7.6,7.5,7.2,7.3,7.3,7.9,7.1,6.5,6.1,0,3569.5635,508.269,189.452,105.4451,894.4127,154438381.51,26232613.449,12578478.287,8890684.4524,253.0239,788.8459,656.372,1030.4125,840.9092,8582650.446,28713960.725,26442637.798,47355918.829,43343213.716,28.2873,2966.423,570.8527,4.0005,43.5013,9.0522,4372.7296,1832.7227,7099.865,3.14,15.9989,4.0004,7.9528,40.4674,775.7629,2704.5706,20.8105,824.6013,2744.9622,18.573378762,2837.7463,179.8714,54.1179,138.4492,33.3571,278.2241,47.7975,567.4172,3566.5014,15.909630654,8.82345241,13.059331831,2537.194,19621,1201,19042,1180,20853,1367,2628.7482,145.2367,3089.652,164.873,3201.4113,182.0023,3374.2499,193.2253,3273.6756,189.7159,3501.7096,197.8641,81.264,2.8954,3620.4205,202.0454,7936,485,26909,1771,16.3,16.1,15.3,28.1,17.9,18.1,18.7,17.6,17.5,17.3,17.7,16.4,15.2,61.588911902,50.276498215,7.1588544289,2.6683887651,1.4851704927,12.597601504,25.813486594,35.735806244,0.7924582375,83.103242175,15.992227061,0.1120725265,7.088370889,22.099225858,18.388018591,28.866624729,23.557759933,79.498412061,5.0390306826,1.5160929341,3.8786030841,0.9344868077,7.7943451629,1.3390292679,1.13367923,75.767544127,21.732710456,0.1120697251,0.4482032607,0.2227947479,0.5829984535,23.100900152,76.899099848,13.558240384,33920.315219,36399.961925,40286.053942,45958.214626,51543.274489,43265.34085,51611.673048,66394.011605,84315.766711,60.3,63.4
"16",3919,5047,1128,228,2018,2592,37,90,3,79,440,100,77.7,22.3,4.5,40,51.4,0.7,1.8,0.1,1.6,8.7,86101,7513,10901,50835,35266,4055,21196,10763,39060,177,4614,6777,6862,6542,6572,6389,6442,6077,6208,6118,6755,5830,5454,5284,39433,4299,37770,444,2366,66,1723,95082,14,97,38446,0.3,90482,1235,1.4,3.9,3.6,2.3,1.8,1.3,2.4,0.7,0.9,1.1,17.3,8.8,3.5,2,2.5,1.3,2.4,0.4,2.6,43.9,5,45.8,0.5,2.7,0.1,2,59,41,45.4,12.7,8.7,24.6,12.5,4.7,0.2,5.4,7.9,8,7.6,7.6,7.4,7.5,7.1,7.2,7.1,7.8,6.8,6.3,6.1,0,6516.5552,842.0839,353.7148,156.1329,1440.4758,306508548.85,46196431.172,25060890.836,13992317.086,433.6652,1674.9424,1307.467,1743.155,1357.3256,16487266.468,70290617.803,58621320.874,85445009.596,75664334.112,73.6074,5439.6795,991.2091,12.0592,37.472,0,7868.4868,2728.9776,12037.9402,23.82,31.8449,3.9998,30.727,59.9084,675.6422,5650.523,63.9099,1394.5633,5121.9919,8.38,4884.1808,339.0545,213.4265,311.3075,6.945,566.5959,195.045,970.8665,6462.3207,15.023496126,8.3461514897,12.156685607,2713.1651,34741,1982,32209,2060,34261,2351,5032.3779,269.5624,5646.4773,289.1522,5477.2473,319.4569,5732.3935,325.6986,5594.0341,315.1425,5944.0115,332.2804,41.1375,3.767,5626.6918,307.8623,13275,811,41948,2790,17.5,15.6,14.6,10.9,18.3,18.7,19.5,17.1,17.6,17.8,17.9,16.4,15,65.364062865,54.133473765,6.9952490709,2.9383332541,1.2970067753,11.96613188,22.669805255,22.538449726,1.1295446404,83.474770535,15.210629997,0.1850548277,6.6548227812,25.702880565,20.063775413,26.749639134,20.828882106,74.950348,5.202971349,3.2751429774,4.7771788997,0.106574713,8.6947149623,2.9930690988,0.9193262109,86.710276006,10.368088342,0.061379055,0.4886769009,0.4715221318,0.9807313533,21.400314387,78.599685613,13.212655668,38018.42174,41965.991071,44835.793847,49017.448016,55745.161007,47035.364459,54859.653738,70850.557669,89617.992659,65,68.4
"17",3790,4671,881,302,2388,1831,19,55,3,73,475,100,81.1,18.9,6.5,51.1,39.2,0.4,1.2,0.1,1.6,10.2,83704,7862,4370,51335,32369,3997,21093,4526,37633,214,4362,7018,7295,6451,6388,6206,6250,5990,6126,6048,5983,5621,5044,4708,47936,5713,27575,286,906,51,1237,92081,28,49,36174,0.1,87611,1500,1.7,4.4,6.3,3.4,2.5,1.6,1.9,0.5,0.5,0.6,17.9,14.2,3.5,2.2,0.7,1.6,1.8,1.2,2.4,32.9,6.8,57.3,0.3,1.1,0.1,1.5,61.3,38.7,45,5.2,9.4,25.2,5.4,4.8,0.3,5.2,8.4,8.7,7.7,7.6,7.4,7.5,7.2,7.3,7.2,7.1,6.7,6,5.6,0,6334.5203,950.3053,370.7353,161.1859,1641.8299,284775758.97,51285427.991,26819859.792,15467826.391,553.7836,1531.1006,1232.2028,1657.2918,1360.1415,20823746.459,59059836.486,51399771.49,78462329.602,75030074.938,21.0869,5056.2958,1234.1714,22.9662,66.9718,7.5803,7816.7468,2108.6738,11567.2505,10.13,16.9246,3.9984,21.9676,122.111,866.1152,5241.4686,61.9349,1459.9443,4874.576,20.756347234,4763.5566,342.4516,127.5159,326.1964,24.9584,542.9394,206.902,1127.5558,6255.5485,18.024891023,8.1135822371,12.313468326,3375.7823,32575,2020,31083,1997,34659,2406,4454.0059,248.1124,5893.8244,309.0547,5747.2595,317.2055,5845.4204,326.2929,5922.8682,326.5529,6531.1768,351.6551,636.3379,19.5962,6517.8668,352.8296,14275,874,40487,2850,16.1,15.6,14.4,32.5,18.5,18,19.1,18.1,17.9,18.1,18.6,16.3,14.2,67.576532556,54.76254102,8.2154812849,3.2050425466,1.3934677044,14.193778375,18.229689069,29.183964677,0.332888664,79.821289704,19.483265371,0.3625562618,8.7423131314,24.170742653,19.452188037,26.16286193,21.471894249,75.199957919,5.4061173346,2.0130316734,5.1495043753,0.394006157,8.571121005,3.2662615352,1.9277071383,82.744522896,13.672940633,0.0631208017,0.2671804525,0.3467918478,0.9777362305,23.047432652,76.952567348,13.213944551,37602.67812,38573.452643,41713.727229,47343.702299,55163.433318,44956.168027,53967.317651,72342.341806,95962.651762,61.6,71.4
"18",3525,4439,914,194,2600,1542,21,40,4,38,334,100,79.4,20.6,4.4,58.6,34.7,0.5,0.9,0.1,0.9,7.5,85303,6101,10037,43297,42006,4962,16114,10021,47782,129,3377,7100,7321,6822,6723,6552,6631,6194,6465,5986,6556,5978,5142,4327,56938,3826,22433,255,832,87,932,94068,13,181,36660,0.5,88838,1708,1.9,2.4,4.2,2.3,1.5,0.9,2.9,0.7,1.6,1.8,6.7,9.3,3,2.5,0.4,0.9,1.8,2,5,26.3,4.5,66.7,0.3,1,0.1,1.1,50.8,49.2,56,11.8,7.2,18.9,11.7,5.8,0.2,4,8.3,8.6,8,7.9,7.7,7.8,7.3,7.6,7,7.7,7,6,5.1,0,5526.5935,919.3172,321.0519,133.8902,985.2333,271430855.21,53100576.715,23220793.635,13212246.61,556.4651,1515.0797,986.5618,1498.8691,969.6178,23813448.044,67028162.441,46318653.518,77837105.95,56433485.259,18.3597,4408.1777,1079.6398,20.4163,22.7345,4,6900.8528,2675.5142,10561.6003,1.7,29.6828,3.9996,58.5653,158.9993,1533.4388,3702.6175,39.2902,1207.8552,4318.7383,4.3528930236,3914.4014,208.87,423.5574,236.3108,132.8534,442.169,168.4315,1107.3188,5401.8467,20.498893462,7.5546555221,11.286775773,4716.2982,32121,2053,30541,1913,33258,2163,4966.0245,245.8655,5320.6049,251.9176,5250.6285,274.6099,5460.7323,290.7113,5587.6923,291.1633,6040.4188,299.4567,79.5682,4.2565,5734.3143,291.5853,13060,875,40186,2815,15.6,16,15.4,18.7,19.7,20.2,21.1,19.1,18.8,19.2,20.2,14.9,14.3,65.339083131,52.327235864,8.7043362169,3.0398035419,1.2677075083,9.3284471294,25.332469739,44.655147573,0.3322064487,79.763016766,19.53535754,0.3694192453,10.068862492,27.414350268,17.851173603,27.121030342,17.544583295,70.828466034,3.779362459,7.6639868664,4.2758853171,2.4038931034,8.0007512765,3.0476549433,2.8769856151,66.996378511,27.74654586,0.0723700775,0.5370903433,1.0596997952,0.7109297979,21.855329146,78.144670854,15.435005307,42794.144761,44240.684131,46949.571247,51930.556144,58201.783485,49113.59144,57760.886792,72327.226954,98679.713747,62.1,64.3
"19",11065,11789,724,289,10557,777,18,74,19,55,861,100,93.9,6.1,2.5,89.5,6.6,0.2,0.6,0.2,0.5,7.3,179666,16026,45000,135430,44236,14682,49824,43304,102303,364,7408,12746,13728,13125,12998,13042,12933,12613,13473,13326,15518,13627,12493,12272,160558,4344,11658,377,1124,306,1299,199751,318,219,86932,0.3,190527,3334,1.7,1.1,5.4,3.1,2.1,1.5,1.2,0.5,0.6,0.7,8.2,11,5.6,2.1,0.8,1.3,0.6,0.4,0.9,6.5,2.4,89.4,0.2,0.6,0.2,0.7,75.4,24.6,56.9,25,8.9,27.7,24.1,8.2,0.2,4.1,7.1,7.6,7.3,7.2,7.3,7.2,7,7.5,7.4,8.6,7.6,7,6.8,0.2,11364.4952,2601.0238,641.2339,195.6757,1614.1127,574002404.05,151728236.62,49049526.535,17442360.334,589.3387,2577.5874,3037.0122,3316.7315,1843.8254,25621270.046,119013757.2,147475958.62,172115746.38,109775671.79,177.0141,8163.2744,2976.4151,47.7916,0,0,14802.4286,7022.6452,23439.1865,21.19,18.0023,6.0006,82.6343,227.2363,8690.4461,2257.8484,82.3272,3308.626,8055.8692,1,8426.9601,532.2829,1076.8261,48.7298,189.3834,930.2216,160.0913,1098.4006,11417.0276,9.620722998,9.7285292928,11.500995674,19718.3046,82988,4215,76702,4131,84800,4714,9531.0222,485.6991,9199.8945,457.2793,8508.9852,481.3499,8308.6102,455.8956,8194.2,448.2086,7684.1337,408.9116,0.6404,0.2365,5840.9574,314.8419,36419,1972,111119,6850,19.7,18.6,18,2.7,18.6,19.6,20.1,17.7,18.2,18.3,18.8,18.5,16.2,63.152484409,48.485024,11.096903043,2.7357344505,0.834822915,6.8863853274,29.961130264,84.125379522,1.5576063598,71.831385876,26.190473467,0.420534297,5.1857886305,22.68105494,26.723687648,29.185031465,16.224437316,74.151644677,4.6837355345,9.4753535555,0.4287898331,1.6664479739,8.1853314523,1.4086969741,1.9995283204,19.867564377,76.47014625,0.0528012894,0.1584082679,0.7271268855,0.7244246097,29.113708456,70.886291544,15.809413162,43474.60984,46172.53995,48559.55423,51893.180495,59536.912656,50508.394253,58334.043933,76492.410234,89139.12322,64.4,60.9
"20",21265,25741,4476,1732,16926,6009,60,442,49,523,2313,100,82.6,17.4,6.7,65.8,23.3,0.2,1.7,0.2,2,9,433459,40922,47735,277230,156229,29327,87111,47201,226490,960,20144,32227,33892,32513,32860,32353,32259,31580,32517,32729,34994,30972,27672,25787,308113,26247,82052,1011,7202,652,8182,480601,33,447,194381,0.2,451664,7208,1.6,1.9,5.1,3.2,2.6,1.5,2.4,0.8,1,1.6,6.3,7.2,3.4,1.9,0.9,1.4,1,1.3,1.3,18.9,6.1,71.1,0.2,1.7,0.2,1.9,64,36,52.3,11,9.4,20.1,10.9,6.8,0.2,4.6,7.4,7.8,7.5,7.6,7.5,7.4,7.3,7.5,7.6,8.1,7.1,6.4,5.9,0,27480.36,5588.494,1507.1055,416.2336,5260.3243,1409248745.5,331926215.62,110095608.81,40191463.277,2645.7514,6913.6736,6229.5669,7489.0479,4202.3202,121932119.38,326570210.5,309107416.17,396519178.06,255119821.44,155.4622,19248.6761,7970.353,105.8687,57.7664,23.4664,34992.1931,16096.3849,56348.9023,107.48,79.1975,51.9816,211.1547,1235.5366,12055.2987,13528.2128,318.9781,6650.5663,20829.7937,108.24104758,19513.7024,1017.4536,1554.2216,1015.1049,593.9976,2916.3901,869.4898,4191.1557,26677.2096,15.710622523,7.6088950774,10.876645864,33754.4277,180295,9313,170409,8962,186489,10387,21094.6186,1033.3303,28204.3385,1205.182,27141.1731,1338.7685,27089.9286,1357.2266,25966.4825,1327.4006,27081.7664,1382.3913,484.395,20.0888,27525.4275,1410.2627,74952,3970,231426,13063,19.4,19,18,24.1,19.5,20.4,23.4,20.3,20,19.6,19.6,18.9,17.7,62.099156633,48.768225961,9.9176625842,2.6745960231,0.7386720646,9.3352737769,28.565569591,59.902547028,0.5657211186,70.045210834,29.003815816,0.385252231,9.6277901745,25.158599087,22.669160448,27.252364598,15.292085693,71.009631606,3.7024755134,5.6557541459,3.6939286822,2.1615350017,10.61263426,3.1640407913,4.4960713761,49.228659304,43.868780103,0.189159094,0.288196734,0.7683840386,1.1607493497,24.201161484,75.798838516,15.773410538,46086.007696,47235.410491,49619.407116,52946.540515,60709.277088,51282.033625,59394.57314,73051.029815,96559.872333,63.7,61.9
