REGION,R22C414R,R23C414R,R2DC414R,R2EC414R,R2GC414R,R2NC414R,R32C414R,R33C414R,R3DC414R,R3EC414R,R3GC414R,R3NC414R,R42C414R,R43C414R,R4DC414R,R4EC414R,R4GC414R,R4NC414R,RA2C414R,RA3C414R,RADC414R,RAEC414R,RAGC414R,RANC414R,RB2C414R,RB3C414R,RBDC414R,RBEC414R,RBGC414R,RBNC414R,RE2C414R,RE3C414R,REDC414R,REEC414R,REGC414R,RENC414R,RF2C414R,RF3C414R,RFDC414R,RFEC414R,RFGC414R,RFNC414R,RH2C414R,RH3C414R,RHDC414R,RHEC414R,RHGC414R,RHNC414R,RI2C414R,RI3C414R,RIDC414R,RIEC414R,RIGC414R,RINC414R,RL2C414R,RL3C414R,RLDC414R,RLEC414R,RLGC414R,RLNC414R,RM2C414R,RM3C414R,RMDC414R,RMEC414R,RMGC414R,RMNC414R,RR2C414R,RR3C414R,RRDC414R,RREC414R,RRGC414R,RRNC414R,RS2C414R,RS3C414R,RSDC414R,RSEC414R,RSGC414R,RSNC414R,RW2C414R,RW3C414R,RWDC414R,RWEC414R,RWGC414R,RWNC414R,R22C413R,R23C413R,R2DC413R,R2EC413R,R2GC413R,R2NC413R,R32C413R,R33C413R,R3DC413R,R3EC413R,R3GC413R,R3NC413R,R42C413R,R43C413R,R4DC413R,R4EC413R,R4GC413R,R4NC413R,RA2C413R,RA3C413R,RADC413R,RAEC413R,RAGC413R,RANC413R,RB2C413R,RB3C413R,RBDC413R,RBEC413R,RBGC413R,RBNC413R,RE2C413R,RE3C413R,REDC413R,REEC413R,REGC413R,RENC413R,RF2C413R,RF3C413R,RFDC413R,RFEC413R,RFGC413R,RFNC413R,RH2C413R,RH3C413R,RHDC413R,RHEC413R,RHGC413R,RHNC413R,RI2C413R,RI3C413R,RIDC413R,RIEC413R,RIGC413R,RINC413R,RL2C413R,RL3C413R,RLDC413R,RLEC413R,RLGC413R,RLNC413R,RM2C413R,RM3C413R,RMDC413R,RMEC413R,RMGC413R,RMNC413R,RR2C413R,RR3C413R,RRDC413R,RREC413R,RRGC413R,RRNC413R,RS2C413R,RS3C413R,RSDC413R,RSEC413R,RSGC413R,RSNC413R,RW2C413R,RW3C413R,RWDC413R,RWEC413R,RWGC413R,RWNC413R,RE0BTA14R,RF0BTA14R,RM0BTA14R,RB0BTA14R,RI0BTA14R,R30BTA14R,RH0BTA14R,R20BTA14R,R40BTA14R,RW0BTA14R,RA0BTA14R,RE0BTE14R,RF0BTE14R,RM0BTE14R,RB0BTE14R,RI0BTE14R,R30BTE14R,RH0BTE14R,R20BTE14R,R40BTE14R,RW0BTE14R,RA0BTE14R,RE0BTM14R,RF0BTM14R,RM0BTM14R,RB0BTM14R,RI0BTM14R,R30BTM14R,RH0BTM14R,R20BTM14R,R40BTM14R,RW0BTM14R,RA0BTM14R,RE0BTS14R,RF0BTS14R,RM0BTS14R,RB0BTS14R,RI0BTS14R,R30BTS14R,RH0BTS14R,R20BTS14R,R40BTS14R,RW0BTS14R,RA0BTS14R,RE0BTC14R,RF0BTC14R,RM0BTC14R,RB0BTC14R,RI0BTC14R,R30BTC14R,RH0BTC14R,R20BTC14R,R40BTC14R,RW0BTC14R,RA0BTC14R,RE0BKA14R,RF0BKA14R,RM0BKA14R,RB0BKA14R,RI0BKA14R,R30BKA14R,RH0BKA14R,R20BKA14R,R40BKA14R,RW0BKA14R,RA0BKA14R,RE0BKE14R,RF0BKE14R,RM0BKE14R,RB0BKE14R,RI0BKE14R,R30BKE14R,RH0BKE14R,R20BKE14R,R40BKE14R,RW0BKE14R,RA0BKE14R,RE0BKM14R,RF0BKM14R,RM0BKM14R,RB0BKM14R,RI0BKM14R,R30BKM14R,RH0BKM14R,R20BKM14R,R40BKM14R,RW0BKM14R,RA0BKM14R,RE0BKS14R,RF0BKS14R,RM0BKS14R,RB0BKS14R,RI0BKS14R,R30BKS14R,RH0BKS14R,R20BKS14R,R40BKS14R,RW0BKS14R,RA0BKS14R,RE0BKC14R,RF0BKC14R,RM0BKC14R,RB0BKC14R,RI0BKC14R,R30BKC14R,RH0BKC14R,R20BKC14R,R40BKC14R,RW0BKC14R,RA0BKC14R,RA0BTA13R,RB0BTA13R,RH0BTA13R,RW0BTA13R,RI0BTA13R,R20BTA13R,R30BTA13R,R40BTA13R,RF0BTA13R,RM0BTA13R,RE0BTA13R,RA0BTE13R,RB0BTE13R,RH0BTE13R,RW0BTE13R,RI0BTE13R,R20BTE13R,R30BTE13R,R40BTE13R,RF0BTE13R,RM0BTE13R,RE0BTE13R,RA0BTM13R,RB0BTM13R,RH0BTM13R,RW0BTM13R,RI0BTM13R,R20BTM13R,R30BTM13R,R40BTM13R,RF0BTM13R,RM0BTM13R,RE0BTM13R,RA0BTC13R,RB0BTC13R,RH0BTC13R,RW0BTC13R,RI0BTC13R,R20BTC13R,R30BTC13R,R40BTC13R,RF0BTC13R,RM0BTC13R,RE0BTC13R,RA0BTS13R,RB0BTS13R,RH0BTS13R,RW0BTS13R,RI0BTS13R,R20BTS13R,R30BTS13R,R40BTS13R,RF0BTS13R,RM0BTS13R,RE0BTS13R,RA0BKA13R,RB0BKA13R,RH0BKA13R,RW0BKA13R,RI0BKA13R,R20BKA13R,R30BKA13R,R40BKA13R,RF0BKA13R,RM0BKA13R,RE0BKA13R,RA0BKE13R,RB0BKE13R,RH0BKE13R,RW0BKE13R,RI0BKE13R,R20BKE13R,R30BKE13R,R40BKE13R,RF0BKE13R,RM0BKE13R,RE0BKE13R,RA0BKM13R,RB0BKM13R,RH0BKM13R,RW0BKM13R,RI0BKM13R,R20BKM13R,R30BKM13R,R40BKM13R,RF0BKM13R,RM0BKM13R,RE0BKM13R,RA0BKC13R,RB0BKC13R,RH0BKC13R,RW0BKC13R,RI0BKC13R,R20BKC13R,R30BKC13R,R40BKC13R,RF0BKC13R,RM0BKC13R,RE0BKC13R,RA0BKS13R,RB0BKS13R,RH0BKS13R,RW0BKS13R,RI0BKS13R,R20BKS13R,R30BKS13R,R40BKS13R,RF0BKS13R,RM0BKS13R,RE0BKS13R,RA0GP14R,RB0GP14R,RH0GP14R,RW0GP14R,RI0GP14R,R30GP14R,R40GP14R,R20GP14R,RM0GP14R,RF0GP14R,RE0GP14R,RS0GP14R,RL0GP14R,RR0GP14R,RA0GV14R,RB0GV14R,RH0GV14R,RW0GV14R,RI0GV14R,R30GV14R,R40GV14R,R20GV14R,RM0GV14R,RF0GV14R,RE0GV14R,RS0GV14R,RL0GV14R,RR0GV14R,RACRM14R,RACRR14R,RACRB14R,RICRM14R,RICRR14R,RICRB14R,R4CRM14R,R4CRR14R,R4CRB14R,RBCRM14R,RBCRR14R,RBCRB14R,RHCRM14R,RHCRR14R,RHCRB14R,RWCRM14R,RWCRR14R,RWCRB14R,R2CRM14R,R2CRR14R,R2CRB14R,R3CRM14R,R3CRR14R,R3CRB14R,RMCRM14R,RMCRR14R,RMCRB14R,RFCRM14R,RFCRR14R,RFCRB14R,RSCRM14R,RSCRR14R,RSCRB14R,RECRM14R,RECRR14R,RECRB14R,RLCRM14R,RLCRR14R,RLCRB14R,RRCRM14R,RRCRR14R,RRCRB14R,RACRM13R,RACRR13R,RACRB13R,RICRM13R,RICRR13R,RICRB13R,R4CRM13R,R4CRR13R,R4CRB13R,RBCRM13R,RBCRR13R,RBCRB13R,RHCRM13R,RHCRR13R,RHCRB13R,RWCRM13R,RWCRR13R,RWCRB13R,R2CRM13R,R2CRR13R,R2CRB13R,R3CRM13R,R3CRR13R,R3CRB13R,RMCRM13R,RMCRR13R,RMCRB13R,RFCRM13R,RFCRR13R,RFCRB13R,RSCRM13R,RSCRR13R,RSCRB13R,RECRM13R,RECRR13R,RECRB13R,RLCRM13R,RLCRR13R,RLCRB13R,RRCRM13R,RRCRR13R,RRCRB13R,RA0AT14R,R20AT14R,R30AT14R,R40AT14R,RB0AT14R,RH0AT14R,RW0AT14R,RI0AT14R,RE0AT14R,RS0AT14R,RF0AT14R,RM0AT14R,RL0AT14R,RR0AT14R,RA0AT13R,R20AT13R,R30AT13R,R40AT13R,RB0AT13R,RH0AT13R,RW0AT13R,RI0AT13R,RE0AT13R,RS0AT13R,RF0AT13R,RM0AT13R,RL0AT13R,RR0AT13R,RA0708DR14R,RM0708DR14R,RF0708DR14R,R30708DR14R,RB0708DR14R,RH0708DR14R,RI0708DR14R,R40708DR14R,R20708DR14R,RW0708DR14R,RE0708DR14R,RS0708DR14R,RR0708DR14R,RL0708DR14R,R20708DR13R,R30708DR13R,R40708DR13R,RA0708DR13R,RB0708DR13R,RE0708DR13R,RF0708DR13R,RH0708DR13R,RI0708DR13R,RL0708DR13R,RM0708DR13R,RR0708DR13R,RS0708DR13R,RW0708DR13R,RA0912DR14R,RM0912DR14R,RF0912DR14R,R30912DR14R,RB0912DR14R,RH0912DR14R,RI0912DR14R,R40912DR14R,R20912DR14R,RW0912DR14R,RE0912DR14R,RS0912DR14R,RR0912DR14R,RL0912DR14R,R20912DR13R,R30912DR13R,R40912DR13R,RA0912DR13R,RB0912DR13R,RE0912DR13R,RF0912DR13R,RH0912DR13R,RI0912DR13R,RL0912DR13R,RM0912DR13R,RR0912DR13R,RS0912DR13R,RW0912DR13R,RAHEE14R,RAHEC14R,RAHEE13R,RAHEC13R,RB0CC14R,RI0CC14R,R30CC14R,RE0CC14R,RF0CC14R,RH0CC14R,RM0CC14R,R20CC14R,R40CC14R,RA0CC14R,RW0CC14R,RB0CT14R,RI0CT14R,RW0CT14R,RH0CT14R,R30CT14R,R40CT14R,R20CT14R,RE0CT14R,RM0CT14R,RF0CT14R,RA0CT14R,RE0CT13R,RF0CT13R,RM0CT13R,RB0CT13R,RI0CT13R,R30CT13R,RH0CT13R,R20CT13R,R40CT13R,RW0CT13R,RA0CT13R,RE0CC13R,RF0CC13R,RM0CC13R,RB0CC13R,RI0CC13R,R30CC13R,RH0CC13R,R20CC13R,R40CC13R,RW0CC13R,RA0CC13R,RB0CSA14R,RI0CSA14R,R30CSA14R,RE0CSA14R,RF0CSA14R,RH0CSA14R,RM0CSA14R,R20CSA14R,R40CSA14R,RA0CSA14R,RW0CSA14R,RB0CSM14R,RI0CSM14R,R30CSM14R,RE0CSM14R,RF0CSM14R,RH0CSM14R,RM0CSM14R,R20CSM14R,R40CSM14R,RA0CSM14R,RW0CSM14R,RB0CSE14R,RI0CSE14R,R30CSE14R,RE0CSE14R,RF0CSE14R,RH0CSE14R,RM0CSE14R,R20CSE14R,R40CSE14R,RA0CSE14R,RW0CSE14R,RB0CSA13R,RI0CSA13R,R30CSA13R,RE0CSA13R,RF0CSA13R,RH0CSA13R,RM0CSA13R,R20CSA13R,R40CSA13R,RA0CSA13R,RW0CSA13R,RB0CSM13R,RI0CSM13R,R30CSM13R,RE0CSM13R,RF0CSM13R,RH0CSM13R,RM0CSM13R,R20CSM13R,R40CSM13R,RA0CSM13R,RW0CSM13R,RB0CSE13R,RI0CSE13R,R30CSE13R,RE0CSE13R,RF0CSE13R,RH0CSE13R,RM0CSE13R,R20CSE13R,R40CSE13R,RA0CSE13R,RW0CSE13R,RB0CAA14R,RI0CAA14R,R30CAA14R,RE0CAA14R,RF0CAA14R,RH0CAA14R,RM0CAA14R,R20CAA14R,R40CAA14R,RA0CAA14R,RW0CAA14R,RB0CAM14R,RI0CAM14R,R30CAM14R,RE0CAM14R,RF0CAM14R,RH0CAM14R,RM0CAM14R,R20CAM14R,R40CAM14R,RA0CAM14R,RW0CAM14R,RB0CAE14R,RI0CAE14R,R30CAE14R,RE0CAE14R,RF0CAE14R,RH0CAE14R,RM0CAE14R,R20CAE14R,R40CAE14R,RA0CAE14R,RW0CAE14R,RB0CAC14R,RI0CAC14R,R30CAC14R,RE0CAC14R,RF0CAC14R,RH0CAC14R,RM0CAC14R,R20CAC14R,R40CAC14R,RA0CAC14R,RW0CAC14R,RB0CAA13R,RI0CAA13R,R30CAA13R,RE0CAA13R,RF0CAA13R,RH0CAA13R,RM0CAA13R,R20CAA13R,R40CAA13R,RA0CAA13R,RW0CAA13R,RB0CAM13R,RI0CAM13R,R30CAM13R,RE0CAM13R,RF0CAM13R,RH0CAM13R,RM0CAM13R,R20CAM13R,R40CAM13R,RA0CAM13R,RW0CAM13R,RB0CAE13R,RI0CAE13R,R30CAE13R,RE0CAE13R,RF0CAE13R,RH0CAE13R,RM0CAE13R,R20CAE13R,R40CAE13R,RA0CAE13R,RW0CAE13R,RB0CAC13R,RI0CAC13R,R30CAC13R,RE0CAC13R,RF0CAC13R,RH0CAC13R,RM0CAC13R,R20CAC13R,R40CAC13R,RA0CAC13R,RW0CAC13R
'01,100,100,0,5.9,94.1,0,97.7,97.2,2.3,0,97.2,0.6,-1,-1,-1,-1,-1,-1,93.1,87.8,6.9,0.5,87.3,5.3,97.5,92.5,2.5,5,87.5,5,92.6,87.4,7.4,0.4,87,5.2,94.2,89.3,5.8,0.4,89,4.9,93,87.6,7,0.4,87.2,5.3,100,100,0,0,100,0,73.7,59.5,26.3,0.4,59.1,14.2,91.9,86.3,8.1,0.5,85.7,5.6,90.4,82.1,9.6,0.5,81.6,8.4,89.2,78.6,10.8,0.3,78.2,10.7,95.6,92.2,4.4,0.9,91.2,3.5,95.7,91.3,4.3,4.3,87,4.3,97,95.3,3,0,95.3,1.8,100,100,0,0,100,0,93.5,87.8,6.5,0.6,87.3,5.6,91.2,87.7,8.8,3.5,84.2,3.5,93.3,87.3,6.7,0.5,86.8,6,94.6,89.8,5.4,0.4,89.3,4.9,93.4,87.7,6.6,0.5,87.2,5.7,88.2,82.4,11.8,5.9,76.5,5.9,76.4,63.4,23.6,0.5,62.9,13,92.4,86,7.6,0.7,85.4,6.3,91.4,82.8,8.6,0.6,82.2,8.6,89.8,78.6,10.2,0.3,78.3,11.2,96.4,92,3.6,1.3,90.8,4.3,23.9,29.4,23.1,42.4,22.6,77.7,25.6,36.8,42.9,38.9,26.2,15.1,19.7,14.1,29.4,19.4,64.3,16.3,31.6,28.6,29.3,16.9,3.6,4.2,4.7,10.6,6.5,35.1,4.1,10.5,28.6,9.5,4.5,13.5,16.3,13.9,28.2,16.1,63.4,14.5,28.9,42.9,26.5,15.1,6.3,7.8,6.9,10.6,0,50.3,6.9,15.8,28.6,13.9,7.4,32.9,34.5,35.2,27.8,71.4,58.8,33.9,64.3,-1,47,34.8,11.6,16,16.7,24,50,54,14.3,41.7,-1,41.6,16.3,18.7,20.5,29.1,22.2,-1,52.2,22.5,-1,-1,43.6,25,8.8,10.5,14.4,16.7,20,39.9,10.7,45.5,-1,32.3,12.3,13.6,14,25.4,11.1,.,47.3,17.2,66.7,-1,38.4,19.4,24.3,44.8,23.6,37.7,27.3,37.8,76,60,27.9,20.8,22.3,14.8,35.6,14.2,28.3,6.1,28.9,57.4,40,17.6,12.1,13.2,3.9,16.1,3.6,7,9.1,11.1,31.2,40,3.8,4,3.1,6.6,19.5,6.1,12.8,12.1,11.1,45.3,50,7.2,6,5.6,14.1,34.5,13.5,25,15.2,31.1,62.2,30,15.9,12.4,12.6,31.9,35.9,31.2,36.2,44.4,64.7,54.2,66.7,31,33.1,30.3,16,32.3,14.2,30.7,-1,69.2,49.7,-1,15.4,16.8,11.2,23.6,35.7,21.5,40.8,-1,100,40.4,-1,21.8,25.3,16,18.8,35.3,16.6,36.4,-1,20,42.4,40,12.9,25.7,13,11.6,16.7,10.1,27.5,20,50,35.7,-1,9.8,13.8,7.9,83.3,89.2,83.1,87.6,63.6,98.2,-1,84.2,81.6,85,82.1,60.4,61.7,75.5,68,0.1,66,1.3,0,0.5,-1,0.1,33.4,34.6,54.7,4.2,3.3,30.8,63,60,46,11,33,0,-1,-1,-1,51,63,43,62,59,46,75,74,63,65,65,53,93,85,82,64,54,43,62,66,49,13,11,5,61,57,43,32,9,6,43,41,24,70,56,48,85,54,54,83,67,67,64,71,61,70,56,47,79,73,65,83,72,72,93,83,80,71,50,44,69,62,51,13,7,3,69,53,45,38,8,6,51,38,25,95.7,96.8,98.2,96.5,97.1,95.6,95.8,95.2,95.6,94,95.7,95.7,96,95.1,95.5,96.7,98.1,96.1,97,95.5,95.7,95.5,95.4,93.7,95.5,95.5,95.9,94.8,0.3,0.3,0.2,0,0,0.3,0,0,1.8,0.2,0.3,0.3,0.3,0.5,0,0.3,0,0.2,0,0.2,0.2,0.2,0,0.5,0.2,0.3,0.2,0,2.6,3,2.1,0.3,2.2,2.6,0,7.7,0,2.1,2.5,3.2,2.8,5.4,0,0.7,0,2.6,2.6,2.7,2.3,2.6,6.7,5,2.9,3.1,3.6,1.4,59.8,64.1,60.2,61.5,21.2,12.5,52.4,7,8.6,8.6,11,33.3,-1,9.7,32.4,89.2,72.7,80.7,66.1,-2,-1,78.9,64.1,61.1,72.2,66.7,60.8,68.9,58.6,85.7,71.4,95,63,89.5,100,82.6,63.7,6.8,8.6,10.9,33.3,20,55.6,8.6,47.1,16.7,28.2,9.7,1400,-1,1622,1279,1308,1304,1331,1488,-1,1318,1514,490,-1,576,445,446,453,471,501,-1,457,515,910,-1,1046,834,862,852,860,987,-1,861,998,1516,1424,1616,1279,1308,1304,1329,1580,-1,1318,1490,512,492,581,450,451,458,476,549,-1,462,509,1003,932,1035,829,857,847,854,1031,-1,856,981,18.9,17.4,23.7,17.5,17.8,17.8,18,21.1,-1,17.9,21.7,19.5,18,24.7,18.3,18.3,18.5,19,21.9,-1,18.6,21.6,18.6,16.3,23.2,16.6,17.3,16.9,16.9,20.8,-1,17.1,21.8,18.5,19.4,23.1,18,18,18.2,18.6,20.6,-1,18.3,21.4,20.2,19,23.4,17.5,17.8,17.8,18,22.8,19.7,17.9,20.7,20.8,19.8,24.3,18.3,18.4,18.6,19.1,22.2,21,18.7,20.8,19.9,17.9,22.9,16.5,17.2,16.9,16.8,23,18.2,17,20.3,19.9,19.8,23,18.1,18.1,18.3,18.9,22.8,20.3,18.5,20.7
'02,94.9,91,5.1,1.3,89.7,3.8,97.7,95.5,2.3,0,95.5,2.3,-1,-1,-1,-1,-1,-1,90.2,86.7,9.8,1.5,85.2,3.5,87.8,84.3,12.2,0.4,83.8,3.5,86.3,82.1,13.7,1.8,80.3,4.2,92,88.8,8,1.4,87.4,3.2,88.5,84.6,11.5,1.7,83,3.9,94.7,89.5,5.3,5.3,84.2,5.3,66.7,58.3,33.3,0,58.3,8.3,88.5,84.8,11.5,1.7,83.1,3.8,86.4,81.8,13.6,2.1,79.7,4.6,81.8,72.3,18.2,0.4,71.9,9.5,95.4,93.1,4.6,1.4,91.8,2.3,93.7,92.4,6.3,0,92.4,1.3,94.2,94.2,5.8,1.4,92.8,0,100,80,0,0,80,20,90.4,86.7,9.6,1.6,85.1,3.7,89,86.3,11,1.8,84.5,2.7,87.6,83.4,12.4,1.9,81.5,4.2,91.8,88.9,8.2,1.3,87.5,2.9,88.7,84.5,11.3,1.7,82.8,4.2,84.2,78.9,15.8,0,78.9,5.3,69.2,67.3,30.8,0,67.3,1.9,89.1,84.7,10.9,1.9,82.8,4.4,85.8,80.8,14.2,2.3,78.5,5,84.9,76.4,15.1,0.3,76.1,8.5,95.9,93.5,4.1,1.5,92,2.4,8.9,15.8,11.1,9.1,16.7,32.5,10.8,19.7,26.7,20.4,13.5,5.4,10.6,6.2,5.7,12.5,14.3,6.8,13.6,13.3,12.8,8.4,2.1,3.9,3.4,2.7,4.2,13.3,2.6,4.1,6.7,6.2,3.7,4,7.7,5.3,4.9,8.3,23.2,4.6,9.5,20,11,6.5,1.8,3.7,3.2,2.9,6.3,14.8,2.4,5.4,6.7,5.8,3.4,19.8,35,35.5,37.8,50,60.6,22.7,48.3,-1,51.6,35.2,18.2,35.3,35.5,34.8,33.3,48.3,22.9,55,-1,53.2,35.3,16.9,37,36.9,45.5,-1,81.5,21.6,66.7,-1,47.9,36.9,10.9,24.8,26.6,20,-1,40.4,13.5,35.7,-1,38.6,25.5,21.1,34.3,39.3,16.7,-1,60,19.6,50,-1,53.1,36.7,13.2,9.6,10.4,20.6,17.2,16.9,32.6,0,15.3,11.1,8.8,8.5,5.8,6.7,13.3,10.3,12.8,20.5,0,10.4,6.7,5.7,3.5,2.3,2.5,5.8,6.9,5.4,14.7,0,3.7,3.4,2,3.3,1.3,2.5,5.6,3.4,4.1,10.5,0,3.5,3.2,1.8,6.2,4.1,4.4,10.6,13.8,10.1,22.1,0,6.6,5.8,4,36.3,23.7,24.7,50.2,100,72,58.1,.,34.8,38.3,23,36.3,21.7,22.9,52.7,-1,73.7,56.4,.,36.9,35.5,20.1,36.6,22.2,23.8,45.9,-1,62.5,75,.,33.5,39.9,15.8,31,0,19,42,-1,50,70,.,28.3,34,23,31.9,25,19.2,43.1,-1,46.7,57.1,.,29.3,34.7,15.5,75.4,61.8,74.2,80.6,77.8,82.5,80,70.9,73.2,77.7,71.2,48.9,51.4,62.2,48.1,0.9,35.5,10.7,0.1,0.5,0,0.3,24.3,23.8,24,4.2,0.3,21.7,60,68,49,73,87,67,-1,-1,-1,52,62,39,55,65,43,74,75,62,79,71,57,82,78,70,61,60,45,59,75,52,11,17,6,52,60,39,25,0,0,35,51,23,66,62,50,67,55,45,50,100,50,59,58,42,61,59,45,78,70,63,79,74,63,78,75,61,67,57,47,64,69,52,17,16,7,58,56,42,45,5,5,38,42,22,94.7,95.4,97.8,95.6,94.8,94.4,95.4,94.5,94.2,93,94.6,94.8,96.3,93.7,94.6,95.3,97.7,93.9,95,94.4,95.3,94.4,94.1,92.9,94.6,94.7,96.2,93.4,0.6,0.6,0.5,0,0.5,0.7,0,0,0.7,0.3,0.8,0.9,0.7,1,0.7,0,0,0.4,0.2,0.5,0.4,0.4,0,1.3,0.4,0.6,0.8,0.4,3.3,3.4,3.1,0,4.5,3.8,3.4,3,0.7,1.6,4.2,4.5,3.6,4.8,2.7,1.7,0,2.8,4.2,3.4,2.3,3.2,2.2,3.9,3.3,3.5,4.5,1.6,52.6,67.9,55.2,68.2,10.6,18.2,41.3,6.7,15.8,10.1,19.6,29.3,-1,17.4,32,61.8,61.1,66.9,51.9,82.5,60,51.9,48,49.5,63.3,56.4,49.9,64.6,51.8,69.3,50,74.6,53.9,70.7,50,67.1,58,8,14.7,18.4,9.9,0,36,9.8,41.5,-1,30.1,16.4,1261,1456,1554,1271,1379,1311,1388,1491,-1,1383,1506,430,492,559,440,468,452,488,498,-1,477,519,831,963,995,831,911,859,899,993,-1,906,987,1270,1252,1454,1264,1358,1301,1371,1511,-1,1364,1489,434,424,514,441,463,453,486,528,-1,473,515,835,828,940,823,895,849,885,983,-1,890,974,16.9,21.3,23,17.1,18.7,17.8,19.2,21.2,-1,18.9,21.5,17.9,20.6,24.8,17.8,19,18.3,20,21.1,-1,19.4,21.7,16.1,21.4,22,16.2,18.3,17,18.2,20.7,-1,18.3,21.2,17,20.6,22.7,17.7,18.7,18.2,19.7,21.5,-1,19.2,21.3,17.3,20,21.2,17.7,18.9,18.1,19.1,20.9,-1,19,21.2,18,20.2,23.1,18.3,19.1,18.7,19.8,20.7,-1,19.4,21.1,16.6,18.8,19.6,16.9,18.5,17.3,18.2,20.5,-1,18.3,21,17.4,20.8,21.9,18.2,18.9,18.6,19.9,20.8,-1,19.3,21.3
'03,94.4,88.9,5.6,0,88.9,5.6,95.1,93.4,4.9,0,93.4,1.6,.,.,.,.,.,.,94.4,92,5.6,1.1,90.8,2.5,94,90.3,6,0.6,89.7,3.6,93.5,90.8,6.5,0.9,89.9,2.7,95.2,92.9,4.8,1,91.9,2.3,91.9,88.6,8.1,1.3,87.3,3.4,100,100,0,11.1,88.9,0,76.2,66.7,23.8,0,66.7,9.5,93.7,91,6.3,1.2,89.8,2.7,90,85.9,10,1.4,84.5,4.1,92.5,88.4,7.5,1,87.3,4.1,97.3,96,2.7,1.1,94.9,1.2,100,97.6,0,0,97.6,2.4,94.7,94.7,5.3,0,94.7,0,-1,-1,-1,-1,-1,-1,94.2,91.3,5.8,0.9,90.4,2.8,92.1,87,7.9,0,87,5.1,93.8,90.4,6.2,0.7,89.7,3.4,96,93.8,4,1,92.8,2.2,91.8,88.5,8.2,1.3,87.2,3.3,83.3,75,16.7,0,75,8.3,83,74.5,17,0,74.5,8.5,92.4,89,7.6,0.8,88.3,3.4,90.8,86.7,9.2,1,85.7,4.1,93,86.9,7,0,86.9,6,97,95,3,0.7,94.3,2,6.6,14,10.1,5.6,15.4,51.5,8.3,14.1,-1,16.2,12.1,3.9,9.5,5.7,3.5,15.4,25.2,5.1,7.8,-1,10.7,7.6,1,2.3,2.4,0.3,0,30.1,1.4,0,-1,2.8,2.3,3.5,6.7,4.8,3.4,15.4,26.2,4.1,12.5,-1,7.2,5.8,0.9,1.8,3.1,0.3,7.7,20.4,1.7,1.6,-1,3.1,2.4,17.8,26.2,24.8,14.3,-1,47.2,20,33.3,.,26.7,25.6,14.9,25.6,25.7,13.6,-1,42.3,20.8,40,.,27.2,25.7,25,32,28.6,-1,.,45.2,11.9,.,.,35.1,30.3,4,12.8,12,4.8,-1,29.6,8.9,0,.,13.8,12.5,20,33.3,16,-1,-1,42.9,8,-1,.,24.7,22.5,11.3,7,8,14.9,9.5,11.1,37,-1,13.1,9.5,5.7,6.7,4.9,4.7,8.9,4.8,7.9,22.2,-1,8.1,5.5,3.1,2.1,0.2,1.3,3.1,0,1.6,14.8,-1,2.1,2.2,1,1.9,0.2,1.3,2.6,0,4.8,13,-1,2,1.8,0.7,6.1,4.7,4.7,7.7,4.8,7.9,16.7,-1,7,5.3,3.1,25.2,8.7,16.9,29.3,-1,57.1,45,.,24.9,25.6,15.6,26.5,9.4,16.3,31.3,-1,60,50,.,27.4,25.1,15.4,17.6,-1,7.5,20.2,.,-1,31.3,.,17.9,17.3,10.3,29.9,-1,28.2,22.9,.,-1,64.3,.,27.7,32.3,36.8,14,9.7,8.5,17.6,-1,0,27.8,.,12.7,15.7,3.3,80.3,66.3,76.5,86.9,100,90.2,.,82.1,79.7,80.9,72.5,64,46.4,67.7,60.3,4.8,27.1,27.1,0.2,0.7,.,0.5,31.7,28.7,23,6.1,0.4,22.6,62,65,49,57,71,57,.,.,.,42,50,30,53,59,40,74,72,60,68,80,50,86,80,76,62,57,45,62,72,54,14,14,3,49,54,34,25,5,5,33,46,21,67,62,50,100,71,71,-1,-1,-1,45,50,30,60,57,42,80,71,63,71,71,65,79,60,60,68,57,48,66,67,53,18,11,4,56,51,37,18,0,0,39,43,23,95.5,95.4,98,95.9,95.5,95.1,96.1,92.9,95,94.4,95.5,95.5,97,94.7,95.4,95.4,98,97,95.2,95,96,92.3,94.9,94.1,95.4,95.4,97,94.3,0.3,0.3,0.2,0,0,0.3,0,0,0,0.3,0.2,0.3,0.2,0,0,0,-1,0,0,0,0,0,0,0,0.1,0,0.2,0.1,1.6,1.8,1.3,1.6,2,2,2.2,16.7,1.6,0.9,2.2,2.1,2.1,3,1.1,1.6,-1,1.6,2.1,1.2,1.3,2.2,2.2,3.2,1.9,2.3,2,0.8,55,71.6,56.4,72.8,5.2,16.7,40.5,8.2,17.1,9.8,21.1,15.4,.,18.9,26.4,56.8,85.7,63.7,37.5,82.4,.,46.4,35,45.8,57.3,51.4,36,56.4,44,58.2,85.7,75.5,36.6,44.7,-1,61.9,50.2,7.1,16,20,1.1,16.7,40.5,9.4,17.6,-1,25.9,17.8,1251,1356,1587,1287,1394,1322,1401,1384,.,1397,1460,439,456,573,452,480,460,500,483,.,489,511,812,900,1014,835,914,862,902,901,.,908,949,1210,-1,1515,1290,1387,1312,1402,1362,-1,1393,1466,427,-1,555,457,478,461,502,490,-1,488,511,783,-1,961,834,909,851,900,872,-1,905,955,16.9,-1,19.7,17.4,19.5,17.6,19.5,19.4,.,19.5,20.8,17.5,-1,21.5,18.2,19.8,18.5,20.5,19,.,20.1,21.3,16.1,-1,18.7,16.5,19.1,16.9,18.5,19.1,.,18.9,20.3,17.4,-1,20,17.9,19.4,17.9,20.1,19.7,.,19.7,20.9,16.4,-1,23.6,17.9,19.7,18.6,19.8,19.5,-1,19.8,21.1,17.3,-1,25.9,18.8,20.2,19.4,20.8,21.4,-1,20.5,21.7,15.5,-1,23.1,16.9,19.4,17.8,18.8,18.1,-1,19.1,20.6,16.8,-1,21.8,18.6,19.6,19.2,20.4,20.5,-1,20,21.1
'04,94.8,92.7,5.2,0.5,92.1,2.2,98.3,96.3,1.7,0.1,96.2,2,89.5,86,10.5,0,86,3.5,93,88.5,7,0.6,87.8,4.6,89.5,84.3,10.5,0.7,83.6,5.2,90.8,86,9.2,0.7,85.3,4.8,94.3,90.7,5.7,0.4,90.3,3.6,91.6,85.7,8.4,0.6,85.1,5.9,88.8,85.6,11.2,0.4,85.2,3.2,69.1,50.6,30.9,0.5,50.1,18.5,91.8,86.3,8.2,0.9,85.4,5.5,88.9,80.4,11.1,0.9,79.5,8.5,87.1,73.9,12.9,0.4,73.5,13.2,96.6,93.9,3.4,0.9,93,2.7,96.3,93.8,3.7,0.8,93,2.5,97.8,95.1,2.2,0.1,95,2.7,96.5,90.6,3.5,0,90.6,5.9,92.9,88.1,7.1,0.7,87.4,4.7,89.1,83.9,10.9,0.6,83.3,5.2,91.4,86.3,8.6,0.8,85.5,5.1,94.1,90.5,5.9,0.4,90,3.6,91.3,85.2,8.7,0.7,84.4,6.2,91.8,87.6,8.2,1,86.6,4.1,69.9,50.2,30.1,0.5,49.7,19.7,91.7,85.9,8.3,1,84.9,5.9,89.1,80.8,10.9,1,79.9,8.3,87.1,74.8,12.9,0.6,74.2,12.3,96.8,94,3.2,0.9,93.1,2.8,19.8,27.8,21.9,16,17.6,54.3,21.5,29.6,27.9,28.2,24.8,11.5,18.3,12.4,10.8,11.4,35.1,12.2,19.5,21.5,17.9,15.3,4,6.6,7,2.6,2.9,24.3,4.5,9,7.6,8.7,6.8,11.6,17.3,14.5,9.9,10.6,40.7,12.2,21,15.1,19.1,15.9,4.6,7,7,3.1,2.9,25.5,4.8,9.4,7,8.3,7,37.1,53.5,56.9,27.6,41.9,74.4,42.4,67.2,47.9,71.2,55,23.6,48.2,49.3,24,35.7,71.6,27.8,66.9,32.4,69.4,48.7,39.8,57.9,63.1,34.2,50,75.8,41.8,69.7,61.5,70,60.6,23.5,43.6,49.7,22.1,38.5,65.6,27.6,58,23.1,63.3,46.4,25.2,45.8,55.4,24.1,35.7,67.6,26.4,67.1,41.7,65.6,50.7,23.9,14.4,21,27.3,15.6,26.3,52.7,25.5,26.9,20.9,19.6,14.2,9.4,11.4,17,9.2,17.3,32.8,17,17,11.5,10.8,6.3,2.6,4.3,8,3.9,7.1,21.6,10.3,6.4,6.2,4,6.6,2.6,4.7,7.7,2.8,7.6,23.8,7.9,6.6,6.6,4.6,15,8.5,11.5,18.5,10.1,18.3,39.4,18.8,16.3,13.8,11,54.5,26.6,41.6,71.2,42,65.9,71.9,50,52.6,56.9,36.4,49.7,24.3,28.4,71,38.5,63.4,70.1,53.6,48.7,51.2,24.1,56.4,32.9,38,65.7,45.5,57.1,73,23.5,53,59.7,35.5,52.4,27.4,30.3,66.1,25,60.8,68.8,46.2,48.1,56.7,29,46.6,23.2,27.7,63,42.1,58.3,62.8,25.8,43.4,50.2,23.4,78.9,69.3,76.7,85.3,73.6,91.3,64.1,82.7,76.4,81.4,73.7,44.3,41.4,64.3,43.5,8.2,20.5,11.3,0.1,2.8,0,0.6,21.7,21.8,21.4,2.7,0.6,16.9,69,68,56,67,66,53,65,65,52,53,56,39,65,62,48,81,79,70,77,78,67,89,83,79,71,63,54,68,73,57,20,19,8,61,58,44,31,6,4,45,47,27,76,65,57,74,57,50,73,63,59,63,53,41,73,59,51,85,77,71,83,77,69,91,80,77,77,60,55,75,69,60,24,16,9,70,55,46,38,6,5,56,44,31,95.9,96.1,97.8,95.5,95.3,95.8,95.9,95.5,95.6,94.2,95.9,95.8,96.8,95.3,95.9,96,97.8,95.3,95.4,95.8,95.8,95.3,95.6,94.2,95.9,95.8,96.8,95.2,0.3,0.3,0.3,0.1,0.5,0.3,0.7,0,0.1,0.2,0.4,0.5,0.3,0.5,0.2,0,0,0.2,0.4,0.3,0.2,0.3,0.8,0.4,0.3,0.3,0.4,0.1,2.2,2.5,1.8,0.5,3.2,2.6,3.2,3.5,1.7,1.1,2.7,3.5,3.1,5.3,1.4,0.5,2,2.3,3.4,2.6,2,2.8,3.5,5.8,2.6,3.2,3.6,1.1,59.6,70.2,60.3,69.6,8.3,15.6,53.1,10,23.9,12.9,28.5,43.2,25,26.1,46.5,76.4,62.5,72.1,62.5,91.7,66.7,75.3,65.7,66.5,74.1,70.3,60.8,71.2,63.3,71.9,57.6,89.5,58.4,72.8,63.9,71.2,67.3,10.4,24,29,8.4,19.2,50.2,13.8,36.4,26.4,46,26.4,1238,1367,1638,1257,1399,1296,1411,1557,1369,1405,1579,425,466,583,440,478,453,500,536,480,488,546,813,901,1056,817,921,843,911,1020,889,916,1033,1242,1354,1615,1264,1403,1306,1417,1504,1413,1410,1578,429,471,579,446,482,460,505,516,501,493,547,813,883,1036,818,921,846,912,988,912,917,1031,17.7,20.2,25.1,18.3,21,19.3,21.6,23,21.3,21.3,24,18.4,21.1,26.4,19.5,21.5,20.4,22.8,23.4,22.1,22,24.4,17,19.6,24.4,17.4,20.7,18.4,20.7,22.7,20.7,20.7,23.7,17.9,20,24.5,18.6,20.7,19.5,21.9,22.9,21.4,21.2,23.8,17.7,20.5,24.8,18.4,21,19.5,21.5,22.8,24.5,21.2,23.9,18.4,21.2,26.4,19.5,21.5,20.6,22.8,23.2,26.5,22.1,24.4,16.9,19.8,23.9,17.5,20.7,18.6,20.5,22.5,23.5,20.6,23.6,17.8,20.5,24.3,18.7,20.7,19.7,21.9,22.4,23.8,21.2,23.7
'05,96.1,92.2,3.9,0,92.2,3.9,98.2,96.4,1.8,0.6,95.9,1.8,-1,-1,-1,-1,-1,-1,93.5,90.4,6.5,0.7,89.7,3.1,88.5,83.9,11.5,0.1,83.7,4.7,90.5,87.2,9.5,0.8,86.4,3.2,94.2,91.9,5.8,0.5,91.4,2.2,92,87.7,8,0.3,87.4,4.4,84.8,78.8,15.2,0,78.8,6.1,67,61.4,33,0,61.4,5.7,92.9,88.9,7.1,0.9,88,3.9,89.3,84,10.7,1,83,5.3,91.2,82.3,8.8,0.5,81.8,8.9,96.2,94.2,3.8,1.2,93.1,2,91.2,87.7,8.8,1.8,86,3.5,98.5,96.3,1.5,0.7,95.6,2.2,100,100,0,16.7,83.3,0,95.1,91.9,4.9,0.6,91.3,3.2,92.3,88.2,7.7,0.3,87.9,4.1,93.1,89.7,6.9,0.7,89.1,3.4,95.6,93.5,4.4,0.5,93,2.2,95.2,91,4.8,0.5,90.5,4.2,89.3,89.3,10.7,0,89.3,0,89.1,78.3,10.9,0,78.3,10.9,94.6,90.4,5.4,0.7,89.6,4.2,92.6,87.5,7.4,0.7,86.7,5.1,92.1,80.9,7.9,0.2,80.7,11.1,96.5,93.9,3.5,0.7,93.2,2.6,5.7,10.2,6.9,5.1,6.3,27.1,9.9,14.2,0,8.6,8.5,3.4,6.5,3.9,2.7,6.3,15.7,5.6,11,0,5.5,5.2,0.5,1.5,1.2,0.4,0,5.1,1.2,3.9,0,1.6,1.4,2.4,4,3.4,2.5,1.6,15.1,4.7,6.5,0,3.2,3.7,0.9,1.8,1.7,0.7,0,9.6,1.3,1.3,0,1.9,1.7,23.1,31.4,39.7,10.9,-1,37.8,31.6,40.9,.,41.9,34.9,20.5,33,40.1,9.5,-1,44.2,21.8,47.1,.,44.2,35.8,0,17.1,38.8,0,.,35.3,10.5,33.3,.,32.2,27.3,12.9,27.1,34.1,14.9,-1,44,18.9,30,.,37.1,30.3,10.9,15.8,36,5.3,.,31.3,19,-1,.,29.1,25.5,7.6,5.7,8.5,7.1,6.7,12.9,28.4,0,9.2,6,5.6,4.6,3.6,5.1,4.4,3.3,7.3,15.5,0,5.8,3.3,3.5,1.1,0.3,0.8,1.5,0,0.8,3,0,1.2,1,0.5,1.2,0.9,0.8,1.2,1.7,2.4,4.1,0,1.6,0.8,0.7,3.2,2.1,3.4,3,1.7,4,16.6,0,3.6,2.8,2.1,30.9,9.8,28.8,40.9,-1,31.3,27.4,.,29.4,33.2,15.8,29.9,6.8,20,42.5,-1,22.2,30.4,.,30.7,28.5,12.3,29.9,10,18.2,30.2,.,-1,55.6,.,23.8,37,16.7,27.6,3.7,18.2,39.1,-1,-1,33.3,.,22,39,12.1,33.3,15,34,40.4,-1,60,28.6,.,33.7,32.9,19.6,79.2,65.2,79.1,85.2,69.2,89.2,-1,87.3,77.1,81.6,72.6,62.7,64.9,68.3,52.6,10.8,7,32.3,0.2,1.5,-1,0.8,27.2,25.4,23.2,7.3,0.6,20.1,67,64,51,48,71,47,-1,-1,-1,52,47,32,69,62,49,72,72,60,69,72,62,83,75,69,66,58,48,67,71,55,18,16,5,58,53,38,53,22,18,44,45,27,73,59,51,68,46,42,40,20,20,62,46,35,71,50,43,78,67,60,75,72,68,90,69,67,73,52,46,73,66,56,19,12,5,66,49,40,67,17,17,53,40,29,95.5,95.4,97.5,95.6,94.8,95.7,95.7,95.2,95.1,94.1,95.5,95.6,96.5,94.7,95.6,95.6,97.6,96.6,95.3,96,95.5,94.8,95.2,94.1,95.5,95.7,96.9,94.7,0.3,0.3,0.2,0.3,0.6,0.3,0,0,0,0.1,0.4,0.5,0.2,0.4,0.4,0,0,0.2,0.1,0.2,0.3,0.3,0,0.5,0.2,0.3,0.5,0.2,2,2.2,1.7,0.9,3.4,2.5,1.5,0,1.7,1.2,2.5,2.8,2.9,7.7,1.8,0.6,0,1.6,2.6,1.9,1.5,1.9,5.4,3.8,1.6,1.8,2.4,1,54.8,68.7,54.3,68.3,4.3,10,23.8,7.8,15.8,12.1,19.8,25.5,-1,17.6,23.9,57,38.5,61.2,50.8,88,-1,66.2,48.3,52.9,66.7,59.5,47.7,68.4,52,59.6,53.8,91.3,46.7,55.1,20,62,60.2,6.8,15.6,18.9,3.4,14.3,29.6,12.2,7.4,-1,23.8,17,1207,1344,1406,1257,1363,1319,1368,1405,-1,1366,1438,413,477,505,432,461,453,480,474,-1,469,493,794,867,901,825,902,867,889,932,-1,896,945,1191,1335,1408,1249,1360,1329,1365,1378,-1,1362,1445,406,453,507,430,461,456,480,465,-1,469,499,786,882,901,819,899,872,885,913,-1,893,946,15.7,-1,22.3,17.3,20,20.1,20.1,20.5,-1,20,21.7,16.4,-1,24,17.9,20,20.7,20.8,20.7,-1,20.4,21.8,14.8,-1,21.6,16.6,19.9,19.8,19.3,20.4,-1,19.6,21.5,16.1,-1,21.7,17.5,19.7,19.8,20.3,19.9,-1,20,21.6,16.3,-1,23.2,17.1,19.4,19,19.5,19.3,.,19.5,21.4,17,-1,24.8,17.7,19.6,19.8,20.2,18.9,.,19.9,21.5,15.6,-1,22.5,16.4,19.3,18,18.6,18.8,.,19,21.2,16.6,-1,22.7,17.5,19,19.4,20.3,19.1,.,19.5,21.3
'06,93.8,91.2,6.2,2.2,89,2.6,99.2,97.1,0.8,0.4,96.7,2,100,88.9,0,0,88.9,11.1,94.7,91.3,5.3,1.7,89.6,3.4,88.5,84,11.5,2.2,81.8,4.6,91.1,87,8.9,2.8,84.3,4.1,95.8,93,4.2,0.8,92.2,2.8,93.3,88.4,6.7,2,86.4,4.9,100,96.4,0,0,96.4,3.6,81.5,67.1,18.5,0,67.1,14.4,93.6,89.6,6.4,2.5,87.2,3.9,90.6,84.7,9.4,2.5,82.1,5.9,90.7,81,9.3,1.1,80,9.7,96.4,94,3.6,1.4,92.5,2.4,96.1,93.8,3.9,1.9,91.9,2.3,98.2,97.4,1.8,0.4,96.9,0.9,100,100,0,0,100,0,94.2,91,5.8,1.5,89.6,3.2,89.4,86,10.6,1.8,84.2,3.4,90.6,87.1,9.4,2.4,84.7,3.5,95.9,93.4,4.1,0.8,92.6,2.5,92.7,88,7.3,1.9,86.1,4.7,92.7,89.1,7.3,1.8,87.3,3.6,84.1,73.6,15.9,0,73.6,10.6,92.7,88.8,7.3,2.1,86.7,3.9,90,84.2,10,2.5,81.7,5.8,88.9,80.4,11.1,0.8,79.6,8.4,95.8,93.2,4.2,1.2,92,2.6,10.6,24.1,19.2,7.7,19,61.1,17.8,23.4,22.7,24.4,21.6,5.4,13.8,9,4.6,12.1,35,8.6,13.3,13.6,13,11.4,2.6,7.1,7.3,2,6.9,33.4,4.7,7,0,8.4,7.2,6.5,15.3,12.7,4.9,12.1,41.7,11,15,18.2,15.9,13.9,2.2,6.9,6.9,1.6,5.2,31.2,4.3,9.8,0,8.1,6.9,38.7,59.7,61.9,36.2,50,80.8,49.7,70,40,63.8,60.7,31.1,57.8,55.5,35.8,42.9,79.8,35.8,77.2,-1,62.1,56.9,27.2,57.2,58.3,37.8,50,74.5,36.1,66.7,.,61.7,57.8,26,49.9,56.4,28.9,42.9,71.4,35.6,59.4,-1,58.1,52.9,30.9,56.4,62.1,32.4,33.3,72.1,40.1,59.5,.,63.5,59.3,19.9,6.9,16.9,22.3,13.8,22.3,54.1,9.5,22.4,17.5,10.2,10,4.1,7.8,11.3,5.5,12.1,31.2,4.8,12.3,7.8,4.9,7,2.3,4.7,7.9,4.6,8.9,33.8,4.8,7.1,6.9,2.6,6.3,1.5,4.4,7,3.7,8.4,33.8,0,6.4,6.2,2.2,12.3,4.1,10.3,13.7,11,14.5,38.4,0,13.3,11.3,5.9,61,36.5,48.2,65,40,68.9,80.8,-1,59.2,63.3,36.9,58.2,35.5,37.2,63.5,50,75,81.6,-1,58.1,58.2,28.3,60.3,39.2,39.6,64.7,20,73.2,75.5,-1,58.7,61.8,30.2,58.9,48.6,38.3,62.4,-1,69.2,74.8,.,53.7,64.3,21.2,53.9,38.7,37.9,58.4,25,58.2,74,.,51.3,56.9,26.1,77.6,58,72.5,82.9,72.9,95,66.7,77.6,75.5,79.7,69.1,50.3,39.2,59.2,43,3.7,11.4,26.2,0.2,0.7,0,0.7,21.3,21.8,17.2,4,0.4,14.6,68,70,56,67,70,59,100,67,67,45,52,31,59,63,47,74,75,64,70,74,58,93,82,81,69,65,55,67,75,58,19,21,11,54,57,39,26,10,7,38,47,25,76,67,59,80,69,57,70,70,50,57,49,36,69,59,49,81,73,66,75,73,63,93,83,80,77,63,57,74,72,61,26,18,9,66,53,43,34,7,5,48,43,27,96,95.9,97.9,95.2,96,96.2,95.8,95.4,95.6,94.6,96,96,97,95.4,95.8,95.8,97.7,95.2,95.8,96,95.6,95.5,95.4,94.4,95.8,95.8,96.9,95.2,0.2,0.1,0.2,0,0.1,0.2,0.8,0,0.2,0.2,0.2,0.3,0.2,0.2,0,0,0,0.1,0.1,0.2,0.1,0.2,0,0.2,0.1,0.2,0.2,0.1,1.6,1.8,1.3,0.3,2.8,2.1,1.1,1.7,1.4,1.1,2.2,2.1,2.3,3.3,1.1,0.4,0,1.6,3,2.4,1.3,2,0.7,3.7,1.9,2.5,2.5,1.2,53.7,74,54.8,76.1,6.7,35.5,59.5,12.5,29.2,19.2,35.7,35.9,-1,32.2,38.7,53.7,52.5,64.3,46.8,90.9,33.3,70.7,41.7,53.9,64.2,59.1,40.4,64.3,53.7,51.2,57.7,86.2,46.2,72,50,64.9,59,12.6,30.6,37.5,8.7,23.3,65.8,20.4,41.7,40,40.1,33.8,1249,1451,1720,1329,1478,1398,1509,1508,-1,1492,1543,433,506,610,463,504,487,533,515,-1,517,534,815,946,1110,866,974,911,976,994,-1,975,1009,1237,1464,1749,1332,1490,1411,1511,1545,-1,1499,1546,432,521,622,467,508,491,536,532,-1,521,536,805,943,1127,865,981,919,974,1013,-1,978,1010,17.1,21.6,26.5,18.4,21.6,19.8,21.9,22.2,.,21.7,22.7,17.8,22.2,27.8,19.2,21.7,20.6,23,22.3,.,22.3,23.1,16.3,20.9,26,17.6,21.4,19.1,21,21.8,.,21.2,22.3,17.7,21.6,25.9,18.7,21.4,20,22.2,22.2,.,21.7,22.6,17.1,19.9,26,18.7,21.6,20,21.8,22.3,-1,21.7,22.7,18.1,20.2,27.5,19.8,22,21.1,22.9,22.4,-1,22.4,23.2,16.1,19.5,25.4,17.8,21.4,19.2,20.9,22,-1,21.2,22.3,17.5,20.1,25.5,19.1,21.2,20.1,22.1,22.2,-1,21.6,22.5
'07,95.2,92.6,4.8,0.9,91.7,2.6,94.9,93.2,5.1,0.9,92.3,1.7,100,100,0,0,100,0,95.5,93.3,4.5,0.7,92.7,2.2,93.8,91.1,6.2,0.2,91,2.7,93.9,91.5,6.1,0.7,90.7,2.4,96.4,94.6,3.6,0.6,94.1,1.8,94.9,92,5.1,0.5,91.6,2.8,97.6,97.6,2.4,2.4,95.2,0,81.4,74.7,18.6,0,74.7,6.7,94.6,92.1,5.4,0.8,91.3,2.5,93.1,89.8,6.9,0.7,89,3.3,93.7,86.4,6.3,0.3,86.2,7.3,96.3,94.5,3.7,0.9,93.6,1.8,96.3,93.5,3.7,0.9,92.6,2.8,96.2,93.3,3.8,1,92.4,2.9,100,100,0,0,100,0,95.3,93.1,4.7,0.6,92.5,2.2,93.2,90.3,6.8,0.4,89.8,2.9,93.6,90.8,6.4,0.6,90.2,2.8,96.3,94.6,3.7,0.7,93.9,1.7,93.4,89.9,6.6,0.3,89.6,3.6,90,86.7,10,1.7,85,3.3,78.6,67.3,21.4,1,66.3,11.2,94.4,91.7,5.6,0.5,91.2,2.7,92.3,88.9,7.7,0.6,88.3,3.4,94.3,88.9,5.7,0,88.9,5.4,96.7,95.1,3.3,0.7,94.4,1.5,5.7,11.6,8.2,5,7.7,29.3,9.7,10.8,12.5,11,9.8,3.3,7.5,4.8,3.2,1.1,18.4,5,7.3,6.3,7.3,6.1,0.7,1.9,1.9,0.6,0,9.6,1.5,2.3,6.3,2.3,1.9,2.8,5.3,4.3,2.9,5.5,19.2,4.7,5.6,6.3,5.1,4.8,1.1,2.4,2.4,0.8,1.1,11.7,2,3,12.5,2.9,2.4,37.6,40.1,45.8,18.2,71.4,58.6,42.7,41.3,-1,45,42.5,27.5,37.8,41.9,19.5,-1,50,25.5,48.4,-1,45.2,39.5,46.8,43.4,48.3,28.6,.,60.9,36.6,70,-1,47.7,45.9,23.6,29.3,39,11.1,60,47.8,25.8,41.7,-1,39.1,33.8,25.9,30.5,42.8,16.1,-1,35.7,25.8,53.8,-1,41.2,36.9,9.3,3.8,9.1,10.7,7.4,7.6,31.8,8.3,10.9,7.8,5.3,5.5,2.4,4.1,6.7,5.3,4.8,19.9,8.3,6.9,4.1,2.7,2.1,0.8,1.5,2.5,3.2,2.8,13.6,0,2.1,2.2,1,2.4,0.9,1.9,2.8,2.1,3,15.3,0,2.5,2.3,1,4.2,1.7,4,4.8,4.3,4.4,18.2,0,4.6,3.8,2.2,43.8,22.7,41.6,45.4,71.4,42.4,65.3,-1,41.7,46.5,36.5,42.4,23.9,35.1,45,80,42.9,57.4,-1,39.4,47.2,31,41.3,17.2,36.2,42.9,-1,50,56.3,.,38.7,43.6,32.3,37.8,14.7,23.8,41,-1,61.5,52.8,.,30.5,45.4,21,34.6,25,30.1,35.1,-1,47.4,53.5,.,30,39.8,28.2,81.3,69.5,75.2,87.2,70.7,82.6,85.7,83.2,80,82.7,75,60.9,42.8,69.4,58.6,8.9,11.8,36.1,0.2,0.4,0,1.2,30.7,27.9,26.5,5.6,0.6,21.5,65,65,51,76,50,47,83,83,67,48,52,34,58,60,43,72,71,59,64,69,51,77,74,66,66,58,47,65,73,55,18,16,7,57,57,41,23,8,2,39,44,23,73,63,54,80,71,61,-1,-1,-1,55,50,35,69,53,44,78,70,62,71,59,49,85,80,76,73,57,50,72,69,57,22,18,9,64,53,42,29,4,0,50,44,28,96,95.5,97.5,96.2,96,96.3,95.8,95.4,95.7,94.8,95.9,96,97,95.6,95.9,95.5,97.4,95,96.1,96.2,95.6,95.3,95.6,94.7,95.8,95.9,97,95.4,0.2,0.3,0.2,0.4,0.2,0.4,0.7,4,0.5,0.1,0.2,0.2,0.2,0.6,0,0,0,0.1,0.2,0.2,0.1,0.2,0,0.5,0.2,0.1,0.1,0.1,1.4,1.6,1.1,1.7,2.2,1.3,0,3.2,1.6,1.1,1.6,1.8,1.6,3.4,1.5,1.6,0,1.4,2,1.7,1.2,1.9,2.2,3.7,1.6,1.9,1.8,1,55.1,71.2,55.4,70,4.8,19.2,39.3,11.3,20.7,11.3,24.5,20.3,33.3,22.4,30,51.1,63.4,57,42.7,81.7,85.7,55.1,43.4,47.2,59.2,53.1,40.3,56.5,46.9,50.5,51.9,86.9,40.2,54,20,55.2,51.5,11.2,20,25.1,4.4,37,53.5,11.6,21.1,-1,29.3,22.4,1235,1422,1530,1317,1423,1332,1429,1443,1426,1426,1489,429,492,554,456,484,464,503,489,526,492,512,806,930,977,860,939,869,926,954,900,934,977,1219,1520,1572,1315,1417,1340,1431,1401,.,1423,1491,421,522,568,459,484,470,507,485,.,494,516,797,999,1003,857,933,871,924,917,.,929,975,16.8,20.2,22,18.5,20.2,18.6,20.2,20.5,-1,20.2,21.6,17.4,21.1,23.8,19,20.2,19.4,20.8,20.3,-1,20.4,21.6,16,19,21,17.8,20,17.8,19.4,20.2,-1,19.7,21.4,17.2,21.4,21.9,18.9,20.1,19.2,20.6,21,-1,20.3,21.5,17.1,20.6,22.7,18.3,20,18.5,20.3,19.1,-1,20.1,21.4,17.8,20.6,24.5,19,20,19.3,20.9,19.4,-1,20.5,21.4,16.3,20,21.9,17.6,19.8,17.5,19.5,18.6,-1,19.6,21.1,17.5,21,22.1,18.7,19.9,19,20.6,19.1,-1,20.2,21.3
'08,95.7,94.6,4.3,0,94.6,1.1,100,100,0,0,100,0,-1,-1,-1,-1,-1,-1,96.7,95.4,3.3,1.3,94.1,1.3,94.9,93.3,5.1,0.7,92.6,1.6,95.6,94.1,4.4,1.3,92.8,1.5,97.1,96.2,2.9,1,95.2,1,97.9,95.7,2.1,1,94.7,2.2,92.9,92.9,7.1,3.6,89.3,0,94.4,91.5,5.6,0,91.5,2.8,96.3,94.7,3.7,1.6,93.1,1.6,95.1,93.2,4.9,1.5,91.6,1.9,94.8,91.2,5.2,0.2,91,3.7,97.1,96.2,2.9,1.7,94.5,1,98.4,96.7,1.6,0,96.7,1.6,100,100,0,0,100,0,-1,-1,-1,-1,-1,-1,97.3,95.7,2.7,0.9,94.8,1.6,95.7,94,4.3,0.6,93.4,1.6,96,94.2,4,1.2,93,1.8,97.6,96.4,2.4,0.9,95.5,1.2,97.8,95.5,2.2,0.5,95,2.2,89.7,89.7,10.3,0,89.7,0,90.2,88.5,9.8,1.6,86.9,1.6,97,95,3,1,94,2,94.9,92.9,5.1,1,91.9,2,95.3,91.9,4.7,0.4,91.5,3.4,97.8,96.3,2.2,1.2,95.1,1.5,5.3,10.4,7.1,4.3,13.6,34.3,9.2,7.9,0,9.6,8.7,3.1,7.7,4.6,2.9,9.1,27.1,4.3,7.9,0,7.3,6.1,0.6,0.9,1.4,0.2,1.5,5.7,1.4,2,0,1.2,1.1,1.8,3,3.1,0.9,10.6,15.7,3.3,2.5,0,3.4,3,1.4,2.1,1.8,0.9,4.5,10,2.1,2.5,0,2,1.9,37.7,48.9,50.6,20.3,33.3,54.2,49.1,62.5,.,54.1,49.6,33.6,51.8,51.2,23.3,50,47.4,31.4,56.3,.,59.1,51.6,36.4,43.3,60.8,-1,-1,-1,35.3,-1,.,57.7,54.3,20.6,26,35.1,23.1,0,27.3,22.5,60,.,34.5,30.7,9.3,14.9,30.3,0,-1,42.9,16,20,.,26.7,22.1,8.1,3.4,9.6,9.2,9.7,7.9,24.1,0,9.5,6.8,5.1,5.2,2.7,3.7,6.3,4.8,7.3,16.7,0,6.6,3.9,2.8,1.5,0.4,1.7,1.8,0,1.2,9.3,0,1.7,1.3,0.9,1.3,0.4,0.9,1.6,0,0.6,7.4,0,1.2,1.3,0.5,3.2,1.1,3.7,3.6,8.1,5.5,5.6,0,3.4,3,1.9,47.1,22.2,32.1,53.3,50,76.9,61.5,.,46.9,47.5,29.3,54,23.8,26.2,61.7,-1,75,55.6,.,54.7,53.1,29.8,43.5,16.7,31.6,46.1,.,-1,80,.,40.7,46.9,26.5,31.2,28.6,20,32.4,.,-1,-1,.,16.3,44,22.2,34.2,27.8,14.3,40.3,20,33.3,-1,.,28.3,40.5,15.7,89,84.5,85.4,92.2,96,87.5,-1,82.2,88.4,89.7,86.6,79.8,71.4,82.8,78.6,16.8,13.1,45.5,0.7,0.6,-1,2,40.3,38.3,41.1,10.1,1.3,30,65,66,51,78,71,57,-1,-1,-1,47,53,32,61,54,41,72,74,60,68,72,53,83,57,57,65,61,48,64,71,54,19,22,5,56,55,39,36,3,3,40,48,25,70,64,53,59,55,36,-1,-1,-1,52,52,36,70,55,46,76,70,61,62,71,49,79,79,78,71,57,50,69,71,57,17,14,3,62,55,43,34,9,10,43,43,26,96.1,95.4,97.6,95.8,96.2,96.5,95.9,95.2,95.8,95,96.1,96.1,97.2,95.7,95.9,95.5,97.7,96.9,96.2,96.3,95.7,95.5,95.6,94.9,95.9,95.9,97,95.4,0.1,0.1,0.1,1.3,0.3,0,0,0,0.4,0.1,0.1,0.1,0.1,0,0,0,0,0,0.1,0,0,0,0,0,0,0,0.1,0,1,1.2,0.7,0,1.7,0.5,2.3,0,1.5,0.8,1.3,1.3,1.1,1,1,0,0,0.9,1.6,1.2,0.8,0.8,2.4,1.1,0.9,1.2,1.2,0.6,54.1,64.5,50.7,66.6,4.1,18.2,20.8,11.7,20.6,11.4,25.6,22.6,-1,23,31.3,58.9,88,69.9,39.8,100,-1,68.9,49.7,58.6,67.1,62.7,47.5,65.3,52.2,57.3,53.8,88.5,39.8,63.9,-1,63.4,58.6,10.2,21.3,23.9,3.9,7.1,52.2,11.7,20.5,-1,30.2,22.5,1280,1502,1567,1372,1466,1406,1480,1490,.,1473,1528,446,486,546,467,492,483,513,495,.,502,519,833,1016,1021,905,974,923,967,995,.,971,1009,1317,1325,1613,1385,1492,1365,1487,1379,.,1490,1547,452,445,572,476,503,478,517,478,.,509,524,865,880,1041,909,989,887,970,901,.,981,1022,17.2,20.5,20.7,18.5,20,18.4,20.5,20.3,-1,20.2,21.5,17.6,19.9,21.7,18.7,19.7,19.2,20.6,20.5,-1,20.1,21,16.3,20.4,19.7,17.8,19.9,17.4,19.9,19.7,-1,19.9,21.5,18.1,20.6,21,19.2,20,19.1,21,20.9,-1,20.5,21.5,17,18.8,22.1,18.4,20,19,20.2,19.9,-1,20.1,21.3,17.6,18.9,23.6,18.7,19.8,19.5,20.5,20.2,-1,20.1,21.1,16.3,17.8,20.8,17.8,20,18.2,19.4,19.8,-1,19.7,21.1,17.5,19.5,22.4,18.7,19.8,19.3,20.7,19.7,-1,20.2,21.3
'09,97.1,92.9,2.9,2.9,90,4.3,100,100,0,0,100,0,-1,-1,-1,-1,-1,-1,96.9,95.5,3.1,1.4,94,1.5,96.4,94.8,3.6,1.6,93.3,1.6,95.3,93.3,4.7,2.2,91.1,2,97.9,96.7,2.1,1.3,95.4,1.1,96.7,95.4,3.3,2.7,92.6,1.4,100,93.3,0,0,93.3,6.7,91.7,83.3,8.3,0,83.3,8.3,96.1,94.3,3.9,1.6,92.7,1.8,95.7,93.8,4.3,2.1,91.7,1.9,95.9,91.5,4.1,0,91.5,4.4,97,95.7,3,1,94.8,1.3,93.9,93.9,6.1,1.5,92.4,0,100,100,0,0,100,0,-1,-1,-1,-1,-1,-1,96.6,95.1,3.4,1.3,93.7,1.5,95.9,94.8,4.1,2.1,92.7,1,95.4,93.3,4.6,1.9,91.4,2.1,97,96,3,1.1,94.9,1,94.7,92.3,5.3,1.8,90.5,2.4,93.1,93.1,6.9,0,93.1,0,87.5,83.3,12.5,0,83.3,4.2,96.2,94.3,3.8,1.6,92.7,1.9,94.3,92.5,5.7,2.5,90,1.8,95,91.4,5,1,90.4,3.6,97.4,96,2.6,1.1,94.9,1.4,10.2,19.5,14.9,16.7,10,51.3,13.8,20.5,0,17.6,17.2,5.7,13.4,7.5,10.5,5,30.3,7.4,12.3,0,11,10.4,3.3,5.6,5.2,6.7,5,14.5,3.5,9,0,5.6,5.4,6.5,12.1,10.3,10.2,5,31.6,9.7,11.5,0,11.5,11.2,3.2,6.3,5.7,5.1,1.7,25,4.2,8.2,0,6.4,6,35.7,45.4,44.3,40.3,16.7,48.7,35.3,52,.,47.8,44.9,39.2,47.9,47.9,53.8,-1,43.5,40.5,46.7,.,49.4,47.9,30.7,37.2,37.9,16,-1,36.4,27.5,54.5,.,42.5,37.5,24,23.8,31.2,31.6,-1,33.3,17.4,28.6,.,29.2,27.2,28.8,34,38.6,42.1,-1,42.1,25.5,20,.,38,36.2,16.3,14.2,14.9,16.2,14.8,20.2,47.2,16.7,18.1,14.7,10.6,10.8,9.7,7.7,11.4,7.4,13.2,34.7,0,13.2,8.6,5.7,4.9,4.6,3.8,5,1.9,6.2,20.8,0,4.9,4.9,2.4,4.9,4.8,3.9,4.8,1.9,7,22.2,0,4.8,4.9,2.5,10.8,10.5,10.2,10.5,7.4,9.3,37.5,16.7,11.4,10.3,6.5,45,37.7,40.1,47.6,12.5,46.2,47.1,-1,45.7,44.2,28.5,45.6,41.7,38.1,48,-1,47.1,48,.,44.6,47.1,28.8,46.5,41.2,39,49.7,-1,37.5,46.7,.,41.4,51.2,32,32.8,27.8,16.7,38.1,-1,22.2,37.5,.,29.6,35.7,13.7,31.5,25.6,22.5,34.7,-1,33.3,37,-1,27.8,35.2,16.9,85.4,77.9,83.2,87.4,75.9,100,-1,77.4,85.4,85.4,81.7,73.3,61.9,77.3,63.5,4.2,14.9,41.7,0.7,0.7,-1,1.3,33.8,29.6,29.8,8.3,0.5,25,68,68,54,64,58,39,.,.,.,43,47,28,59,62,46,73,72,59,71,67,50,91,84,78,70,61,52,65,75,56,18,22,6,57,58,41,31,18,6,36,46,22,74,65,56,91,73,68,-1,-1,-1,54,44,31,64,56,44,79,70,62,72,63,55,93,85,81,76,59,53,72,71,60,30,22,12,65,53,44,32,5,5,43,41,24,96.1,95.9,98,96.7,96.2,96.1,96,95.2,95.6,95.1,95.9,96.2,97.2,95.5,95.9,95.6,97.8,96.6,96.1,95.9,95.9,95.5,95.5,95,95.8,96,97,95.3,0.1,0.1,0,0,0,0.1,1.9,0,0,0,0.1,0.1,0,0,0,0,0,0.1,0,0.1,0.1,0,0,0,0.1,0.1,0.3,0.2,0.8,1,0.5,0,0.5,1,0,7.7,1,0.7,1,1.1,0.9,1.7,1.6,0.7,0,1,1.2,1,0.7,1.1,0,3.9,1.2,1.2,0.8,0.9,52.7,74,50.2,75.1,5.5,15.8,25,11.3,20.3,14.1,25.5,26.3,.,22.8,27,60.2,65.5,58.1,43.7,100,-1,61.3,43.1,51.2,60.5,55.7,41.1,64.3,51.1,48.6,56,72.4,44.7,59.7,-1,62.2,57.4,12.2,23.2,30.2,11.6,14.3,61.9,13.7,13.5,.,30.7,26.4,1241,1310,1440,1349,1445,1396,1421,1530,.,1434,1468,424,449,512,465,483,479,501,525,.,492,503,817,861,928,884,963,917,920,1005,.,942,965,1307,1376,1611,1343,1465,1388,1481,1468,.,1472,1501,460,474,598,465,496,482,523,521,.,508,515,847,903,1013,878,968,905,958,946,.,964,986,16.9,18.8,20.9,19,20.4,19.2,20.7,20.7,.,20.5,21.3,17.7,18.4,22,19.4,20.3,19.5,20.9,21.3,.,20.5,21.1,16,19,19.8,18.3,20.4,18.6,20,19.9,.,20.2,21.1,17.6,18.6,21.6,19.4,20.4,19.5,21.1,20.9,.,20.7,21.4,17.8,19.9,25.8,19.1,21,19.1,21.1,20,.,21,21.8,18.8,20.2,27.2,19.9,21,19.9,21.7,20.5,.,21.3,21.9,16.9,19.7,24.9,18.5,21,18.5,20.3,19.2,.,20.7,21.6,18.1,19.9,25.2,19.1,20.5,18.9,21.4,20.5,.,20.9,21.7
'10,94.9,90.8,5.1,0.3,90.5,4.1,97.6,94.3,2.4,0,94.3,3.4,98.6,97.1,1.4,0,97.1,1.4,93.3,88.1,6.7,0.4,87.7,5.2,89.9,83.2,10.1,0.4,82.7,6.8,90.7,84.2,9.3,0.4,83.8,6.4,94.5,90.4,5.5,0.3,90.2,4.1,91.5,84.8,8.5,0.3,84.5,6.7,90.8,86.2,9.2,0.9,85.3,4.6,77.5,66.5,22.5,0.1,66.4,10.9,92,85.8,8,0.5,85.2,6.3,89.3,80.4,10.7,0.5,79.8,8.9,88.7,76.6,11.3,0.3,76.3,12.1,96.4,93.5,3.6,0.5,93,2.9,95.4,91.6,4.6,0.9,90.7,3.8,97.5,94.4,2.5,0.1,94.3,3.1,87.3,85.7,12.7,0,85.7,1.6,93.6,88,6.4,0.5,87.5,5.6,90.1,83.5,9.9,0.5,83,6.6,91.7,84.7,8.3,0.5,84.2,6.9,94.8,90.3,5.2,0.3,90,4.5,91.9,83.9,8.1,0.4,83.5,8,93.4,87.9,6.6,0.3,87.6,5.5,80.3,66.8,19.7,0.2,66.5,13.5,92.4,85.7,7.6,0.6,85.1,6.7,90.5,80.6,9.5,0.6,80,9.9,89,77.3,11,0.4,76.9,11.7,96.8,94,3.2,0.6,93.4,2.9,21.7,33.1,25,18.3,27.6,62.5,24.6,29.5,30.5,33.9,29,14,23.4,15.5,12.9,16.7,43.9,15.4,19.9,21.9,23.3,19.5,5.1,8.8,8.8,3.5,8.4,31.3,5.9,8.8,10.6,11,8.8,12.5,19.2,15.8,10.6,15.6,45.7,13.8,19.6,20.5,20.4,17.5,6.2,9.3,8.9,4.9,9.6,31.8,6.6,9.5,15.2,10.3,9.1,35.7,54.7,58.8,28.1,60.5,78.8,40,67.1,56.5,70.5,56.5,21.4,47.7,50.1,24.3,54.5,73.1,23.7,61.6,39.4,65.8,48.7,37.9,56.5,62.3,41.6,56.9,73.3,37.7,67.9,56.3,68.2,59.4,21.4,44.5,51.9,21.2,40.4,71.7,23,61.5,32.3,64.3,47.8,24.5,44.8,56.2,20.3,31,68.4,26.1,58.7,47.8,65.8,50.4,26.7,16.1,22.3,31.6,23.7,28.7,60.1,27,30.4,23,20.2,18.3,12.3,14.2,21.7,16.6,20.7,42.5,16.1,22.2,14.4,13.4,7.4,2.9,4.8,9.3,7.3,9.5,26.4,6.6,7.5,7.2,4.4,8,3.7,5.6,9.5,7.5,9.3,28.4,10.9,8.2,7.8,5.3,16.1,8.2,12.3,19.6,12.3,18.4,44.8,18.2,17.6,14.6,11.2,56.8,28.1,40.3,70.2,50,68.4,77.4,59.5,54.7,59.6,36.2,48.7,21.2,24.1,66.1,38.5,63.6,72.2,45.5,47.5,50.5,21.2,58.6,34.5,37.9,67.6,37.5,71.4,71.8,88.9,55.6,61.7,37.7,54,24.7,28.8,66.6,30.6,70.9,72.2,53.3,48.4,59.9,28.6,49.6,25.8,24.6,63.9,39.5,62.4,68.8,28,45.9,54,22.9,78.2,66.9,72,88,81.2,92.5,83.8,84.1,76.1,80.2,70.3,49.3,45.8,58.8,45.1,7.4,16.6,17.3,0.3,2.5,0.1,0.9,22.2,22.9,19.9,3.2,1.2,14.4,70,71,58,71,71,58,69,84,61,54,59,41,63,64,48,81,81,72,76,78,65,89,84,80,72,66,56,68,75,59,22,23,11,60,61,44,39,22,13,43,48,27,77,68,59,84,72,66,78,71,67,63,55,43,71,60,49,86,79,73,81,75,67,91,84,81,78,63,57,75,72,62,26,21,12,68,57,46,46,19,13,53,45,30,96.3,96.2,97.9,96,95.8,96.2,96.3,95.7,96,95.2,96.3,96.2,96.9,95.7,96.2,96.2,97.8,96.2,95.7,96.1,96.2,95.5,95.9,95.1,96.2,96.1,96.9,95.5,0.3,0.3,0.3,0.1,0.5,0.4,0.5,2.4,0.2,0.1,0.4,0.5,0.3,0.4,0.3,0,0,0.3,0.5,0.4,0.3,0.4,0.2,0.5,0.3,0.4,0.5,0.1,2.2,2.6,1.9,0.9,3.3,2.8,2.7,4,1.9,1.1,2.7,2.9,2.9,4.5,1.3,0.9,1.3,2.1,3.3,2.6,1.7,2.5,2.5,4.2,2.4,2.9,2.9,1,56.8,72.7,56.5,70.4,8.9,30.2,59.8,11,28,13.3,32.6,38,27.8,30.1,49,71.1,62.4,70.8,57.1,92.1,79.4,70.9,59.4,63,70.8,67,57.5,70.3,61.5,69.5,63.9,92.1,55,70.1,66.7,70.5,65.9,11.2,28,33,8.6,26.9,59.8,13.5,40.3,28.9,48.6,30.3,1272,1445,1694,1291,1441,1320,1462,1527,1433,1451,1595,437,503,605,451,492,460,518,531,497,504,551,834,942,1089,840,949,859,945,996,936,947,1045,1257,1433,1672,1287,1432,1318,1459,1532,1365,1445,1591,433,498,600,452,491,463,519,533,489,504,552,824,935,1073,835,941,855,940,999,876,941,1040,17.6,21.2,25.5,17.9,20.9,18.3,21.5,22.5,20.9,21.2,23.9,18.3,21.7,27,19,21.3,19.5,22.5,22.8,21.2,21.9,24.1,16.9,20.7,24.8,17,20.6,17.3,20.6,22,20.6,20.6,23.7,17.8,21.1,24.9,18.3,20.7,18.6,21.8,22.6,20.5,21.2,23.7,17.4,20.7,25.9,17.9,21.1,18.5,21.7,22.7,20.9,21.3,24,18.1,21.2,27.4,18.9,21.5,19.7,22.7,23.1,22,22,24.2,16.6,19.9,25.3,17,20.8,17.6,20.7,22.3,19.7,20.8,23.7,17.7,21.1,25.3,18.3,20.8,18.9,22,22.7,21.9,21.3,23.7
'11,95.3,91.9,4.7,0.6,91.3,3.4,96.3,93.3,3.7,0.1,93.2,3,92.5,89.2,7.5,0,89.2,3.2,93.6,89.4,6.4,0.7,88.7,4.2,89.6,84.9,10.4,0.6,84.3,4.7,90.6,84.3,9.4,0.7,83.7,6.3,94.8,91.3,5.2,0.5,90.8,3.5,90.8,84.3,9.2,0.5,83.8,6.5,94.2,91.1,5.8,0.4,90.6,3.1,75.6,61.1,24.4,0.3,60.8,14.5,92.5,87.5,7.5,0.9,86.6,5,89.6,81.5,10.4,0.8,80.7,8.1,88,74.7,12,0.3,74.4,13.3,96.3,93.5,3.7,0.9,92.6,2.8,93.9,90.3,6.1,0.3,90.1,3.6,95.3,91.9,4.7,0.1,91.8,3.4,95.3,89.5,4.7,0,89.5,5.8,93.4,89.1,6.6,0.8,88.3,4.3,89,83.9,11,0.7,83.3,5.1,90.4,83.1,9.6,0.9,82.3,7.3,94.7,91.3,5.3,0.6,90.7,3.4,90.6,84,9.4,0.9,83.1,6.6,94.4,89.8,5.6,0,89.8,4.7,77.2,64.2,22.8,0.5,63.7,13.1,92.1,86.9,7.9,1,85.9,5.1,89.9,82,10.1,1.1,80.9,7.9,89.1,77.4,10.9,0.4,77,11.7,96.1,93.4,3.9,0.8,92.6,2.7,17,29.5,22.5,18.1,20.1,55.1,21.4,28,14.6,28.1,26,9.9,20.3,13.1,12,13.7,37.9,12,19,9.7,18.7,16.7,3.5,7.2,7.4,3.7,4.8,23.5,4.8,8,4.4,8.2,7.3,9.9,17.2,14.7,10.5,13,38.4,12.2,17,8.7,17.5,15.9,4,7.8,7.6,4.1,3.4,25.7,5.2,8.2,4.4,8.5,7.7,40.4,55.2,58.8,30.4,62.5,69.6,43,60.7,53.3,65.4,56.8,32.1,53.3,54.6,30.3,56.7,66.2,33.5,62.3,50,63.4,53.8,43.3,55.6,61,35.7,47.6,66,38.2,62.2,33.3,66.3,58.3,26.1,43.6,50.7,22.8,52.6,61.6,26.6,49.6,27.8,56.5,46.9,32.9,43.6,55.6,24.7,46.7,56.9,29.6,59.2,44.4,58.2,49.6,23.4,16.1,18.1,26,13.2,27.4,50.3,11.7,26,20.9,13.6,14.9,10.6,9.9,17.2,8.7,17.6,34.2,7,17.9,11.9,7.8,6.4,2.8,4.1,7.2,4,9.6,21.2,2.3,6.4,6.4,2.8,6.7,3.2,4.3,7.4,3.1,9.4,24.5,2.3,6.7,6.8,3.1,14.1,9.7,10.1,15.6,5.8,16.6,34.5,8.2,14.9,13.2,7.8,56.9,29.1,44.2,64.7,47.6,59.2,69.2,50,55.6,58.5,41.8,54.8,30.5,37.9,63.6,37,53.5,62.7,50,54.9,54.8,35.7,56.4,36.5,39.2,61.4,44,65.9,65.6,-1,53.4,59.4,41.3,51.3,22.4,29.6,58.8,89.5,58.5,60.5,-1,45.6,56.9,33,48.2,23.3,29.8,56.6,38.9,52.6,62,21.4,45.5,51.1,28.7,76.3,62.1,70.2,82.5,75.8,88.2,75.6,77.4,74.1,78.5,68,44.5,39.6,57.8,36.3,3.5,11.2,19,0.3,1.6,0.1,0.7,18.4,17.9,13.5,2.4,0.6,12.3,69,71,57,70,71,55,64,68,54,48,57,36,61,63,46,77,77,67,72,75,62,85,79,72,71,66,56,67,75,58,20,21,9,57,58,42,33,22,12,40,49,26,76,69,60,79,63,57,69,56,51,59,58,43,68,60,49,83,76,69,81,76,69,88,76,72,78,64,58,74,74,63,29,19,11,65,57,46,44,20,14,51,47,31,95.9,95.9,97.7,95.6,95.6,95.8,95.9,95.4,95.5,94.9,95.9,95.9,96.6,95.3,95.8,95.8,97.7,96,95.5,95.7,95.8,95.4,95.4,94.7,95.8,95.8,96.6,95.1,0.2,0.2,0.2,0.1,0.3,0.3,0.4,1.3,0.1,0.2,0.3,0.3,0.2,0.4,0.4,0,0,0.3,0.4,0.3,0.3,0.3,0.6,0.4,0.2,0.3,0.3,0.2,1.6,1.9,1.4,1.2,2.6,2.1,1.3,2.9,1.1,1,2,2.3,2.2,4.1,2,1.2,3.2,2.1,3.4,2.5,1.8,2.9,1.8,4.7,2.3,2.8,3,1.1,57,74.9,56.7,71.5,9.3,23.3,53,14.1,28.3,14.9,34.4,31.9,16.9,31.2,43,75.1,64.3,69.3,59.1,96.8,68.6,73.7,53.2,64.3,72.5,68.4,47.9,66.8,59,68.8,57.9,92.1,47.4,69,55.8,67.4,62.9,14.5,29.9,36.3,9.6,34.2,53.3,16.9,38.2,16.3,42.9,32.9,1262,1447,1640,1317,1443,1316,1464,1503,1275,1453,1553,430,494,586,456,489,457,516,512,457,501,534,832,952,1054,860,954,859,948,991,818,951,1020,1280,1484,1620,1336,1464,1362,1492,1521,1360,1477,1558,439,511,581,466,499,474,529,527,478,512,539,841,973,1039,870,966,888,963,994,882,965,1019,17.8,21.8,25,18.9,21.7,19.4,22.2,22.6,18.8,21.9,23.4,18.3,21.9,26.2,19.6,21.7,20.1,23,22.6,20.1,22.3,23.6,17.1,21.5,24.3,18.2,21.5,18.6,21.4,22.4,18,21.5,23.2,18.1,21.9,24.6,19.2,21.4,19.6,22.5,22.6,18.9,21.9,23.3,17.8,21.8,24.5,18.9,21.6,19.5,22.1,23,18.9,21.8,23.3,18.4,22.3,26.2,19.9,21.8,20.4,23.1,23.3,19.7,22.4,23.6,17.2,21.4,23.6,18.1,21.5,18.7,21.1,22.8,17.9,21.3,23,18,21.8,24,19.2,21.2,19.7,22.4,22.6,19.9,21.7,23.1
'12,94.3,89.9,5.7,0,89.9,4.5,97.6,95.2,2.4,0.6,94.6,2.4,88.4,81.4,11.6,0,81.4,7,94.6,90,5.4,0.6,89.4,4.6,92.5,86.9,7.5,0.5,86.5,5.5,92.9,86.9,7.1,0.8,86,6.1,95.2,91.4,4.8,0.4,90.9,3.8,93.3,85.9,6.7,0.6,85.3,7.4,88.5,81.6,11.5,0,81.6,6.9,76.7,69.3,23.3,0.5,68.8,7.4,94.2,88.7,5.8,0.7,88,5.5,92.4,85.4,7.6,0.8,84.6,7,91.1,84.4,8.9,0.5,83.9,6.7,96.6,94.1,3.4,0.6,93.5,2.5,95.7,91.8,4.3,1.2,90.6,3.9,94.5,93.9,5.5,0,93.9,0.6,96.9,93.8,3.1,0,93.8,3.1,94.6,90.2,5.4,0.6,89.5,4.4,91.3,85.3,8.7,0.5,84.9,6,92.8,87.3,7.2,0.6,86.7,5.5,95,91.2,5,0.5,90.7,3.7,94,87.7,6,0.6,87.2,6.2,86,84.2,14,1.8,82.5,1.8,78.9,68.3,21.1,0,68.3,10.6,94.2,89.2,5.8,0.8,88.4,5,92.3,86.5,7.7,0.8,85.7,5.8,92.6,83.4,7.4,0.5,82.9,9.2,96.5,93.7,3.5,0.8,93,2.8,11.6,17.9,14.4,12.2,13.6,43.1,14.9,19.1,20.2,17.2,16.1,6.4,11.3,7.8,7.1,10,27.1,7.9,10.5,12.1,10.8,9.6,2.4,3.5,4.2,3,3.6,13.7,3.2,6.1,5.1,4,3.8,5.1,7.6,6.8,5.7,7.1,26.2,6.4,9.6,9.1,7.4,7.2,2.8,4.7,4.5,3.4,2.9,19.8,3.7,7.8,6.1,4.8,4.6,32.7,39.6,46,23.9,31.6,52.7,37.9,50,30,49.2,42.5,28.5,38,41.8,24.5,28.6,46.2,25.5,50,41.7,48.8,39.6,26.7,36.8,42.1,23.9,40,51.1,29.1,39.5,0,49,39.7,19.4,29.9,36.5,13.3,30,45.6,21.2,33.3,33.3,44.1,33,15.7,23.4,39.4,14.5,-1,39.7,18.3,32.7,0,41.7,31.3,15,11.4,14.6,15.3,15.2,22.9,36,17.2,17,13,10.4,8.4,6.1,7.1,9.3,11.2,12.5,20.9,7.8,10.4,6.5,5.2,3.9,2,3.8,4,3.2,6,17.4,6.3,3.8,3.9,2.1,4.2,2.6,3.3,4.6,3.2,9.3,18.9,4.7,4.4,4,2.5,7.4,5.8,7,7.5,11.2,11.7,23,7.8,8,6.9,5.3,42.7,24.5,37.2,50.6,42.1,38.8,61.5,45.5,40.4,45.6,35.4,43.5,23,29.9,54.3,28.6,42.4,64.8,40,42.4,45.2,31.5,35.3,32.1,27.9,37.2,-1,28.1,52.5,-1,29.4,40.6,30.6,37.7,17,21.6,49.1,-1,22.4,53.1,-1,33.6,41.9,22.7,34.4,17.5,26.5,44.1,28.6,32.3,41,40,30.8,38.4,24,71.4,57.1,70,77.9,82.4,86.3,51.3,72.9,69.3,73.6,65.2,43.4,42.5,55.7,41.9,6.6,12.1,21,0.4,0.6,0.1,1.1,21.3,20.6,19.5,4.2,0.5,16.2,64,66,50,69,72,56,63,60,50,45,56,34,59,63,44,73,72,60,68,67,55,78,76,68,65,61,48,63,71,53,18,19,7,54,58,38,24,7,5,37,47,23,71,60,51,60,61,46,48,33,29,56,47,35,66,55,45,79,68,61,80,70,62,86,66,61,72,54,48,70,67,55,20,13,6,63,52,42,26,7,2,48,40,26,95.8,95.6,97.2,95.2,95.5,95.7,95.9,94.8,95.4,94.5,95.7,95.8,96.7,95.1,95.7,95.6,97.1,95.5,95.6,95.8,95.8,94.8,95.4,94.5,95.7,95.8,96.7,95,0.2,0.2,0.2,0.4,0.2,0.2,0,0,0.1,0.1,0.2,0.3,0.1,0.2,0,0,0,0.1,0.1,0.1,0.2,0.1,2.1,0,0.1,0.1,0.1,0.1,2.1,2.1,2,0.8,3.4,2.5,2.6,2.9,1.2,1.3,2.3,3,2.2,4,1.9,1.4,2,1.8,3,2.2,1.6,2.1,1.6,4,1.9,2.3,2.3,1,56.8,65.7,57.9,64.3,6.6,25.7,35.9,11.6,19.6,12.1,26.1,21.9,19,22.6,33,52.9,51.5,58.5,44,72.7,53.8,63.2,42.8,48.4,59.1,53.7,41.5,58.7,48,54.1,49,72.3,43.5,60,63,57.4,53.2,11.9,20.5,25.6,6,8.3,33.9,14.3,29.2,5.9,32.9,22.9,1278,1398,1503,1319,1401,1347,1427,1448,1338,1413,1495,435,475,539,453,472,466,501,495,458,485,513,843,923,964,867,929,882,926,953,881,928,983,1269,1409,1505,1332,1407,1370,1424,1446,1240,1415,1499,437,499,551,465,480,477,506,503,433,491,520,832,911,953,867,928,892,918,943,807,924,979,17.1,21.3,22.8,18.4,20.3,18.7,20.4,20.3,20.3,20.3,21.7,17.7,20.5,24.4,19,20.4,19.4,20.9,20.1,20.7,20.6,21.8,16.4,21.9,21.9,17.7,20.1,17.9,19.5,20,19.8,19.8,21.4,17.5,20.5,22.7,18.7,20.3,19.2,20.9,20.7,20.4,20.6,21.8,17.3,19.8,23,18.8,20.5,19.4,20.8,21.5,-1,20.7,21.9,18.1,20.3,25.2,19.5,20.7,20.1,21.6,22.1,-1,21.1,22.1,16.4,19,21.8,18,20.3,18.6,19.9,21,-1,20.1,21.5,17.7,20.3,22.7,19.2,20.3,19.7,21.5,21.8,-1,20.8,22
'13,96.7,94.2,3.3,0.3,93.9,2.5,98.5,95.9,1.5,0.2,95.7,2.6,94.4,88.9,5.6,2.8,86.1,5.6,95.6,92.1,4.4,0.7,91.5,3.5,93.2,88.4,6.8,0.7,87.6,4.9,92.1,87.8,7.9,0.8,87.1,4.2,96.3,93.3,3.7,0.5,92.8,3,93.5,88.5,6.5,0.7,87.9,4.9,94.4,91.7,5.6,1.9,89.8,2.8,77.2,62.6,22.8,0.1,62.5,14.5,95,91,5,0.8,90.2,4,93.1,86.3,6.9,1,85.4,6.7,91.2,79.1,8.8,0.6,78.5,12,97.7,95.7,2.3,0.7,95,2,97.4,94.4,2.6,1.2,93.2,3,98,94.8,2,0,94.8,3.2,97.4,97.4,2.6,2.6,94.7,0,95.2,91.5,4.8,0.8,90.7,3.7,93.6,88.2,6.4,0.7,87.5,5.4,92.4,87.8,7.6,1.1,86.7,4.6,96.3,93.1,3.7,0.7,92.4,3.2,92.9,87.8,7.1,0.8,87,5.1,94.1,91.2,5.9,1,90.2,2.9,77.7,65.5,22.3,0.4,65.2,12.2,94.2,89.9,5.8,0.9,89.1,4.3,92.6,85.2,7.4,1.2,84,7.4,90.1,76.8,9.9,0.8,76,13.3,97.3,95,2.7,0.8,94.2,2.3,18.7,33.9,26.2,16.7,23.9,65.3,22.7,35.6,36.2,35.1,29.9,10.7,23.3,15.6,11,14.4,50,13.3,24.3,24.1,23,19.3,4.6,10.4,10.6,4.3,7.2,37.2,5.9,13.3,15.5,13,10.5,9.8,18.3,15.5,8.8,15,40.6,12,21,15.5,20.1,16.8,3.9,9.4,9.6,3.2,7.2,40.3,4.9,12.8,10.3,11.7,9.5,41.4,60.1,62.5,33,58.1,78.8,46.6,67.3,57.1,68.7,61.2,28.8,57.4,58.7,30.1,50,73,36.3,65.2,50,68.1,57.9,31.1,58.9,62.8,37.9,76.9,79.7,39.1,67.1,33.3,65.7,61,26.6,49.2,54.6,30.1,51.9,74.9,31.8,61.6,77.8,59.2,51.8,29.4,54.1,65.4,47.2,46.2,72.6,36.1,73.9,33.3,64.7,60,29,15.2,21.7,34.7,19.5,33.4,63.7,29.5,33.4,24.8,18.4,19.4,10.3,13.2,23.8,10.5,24.2,48.9,16.4,24,15.1,11,8.9,3.7,5.1,10.9,4,10.1,34.8,11.5,9.3,8.6,4.2,9.2,3.5,4.8,11.4,6.5,11.8,38.9,6.6,9.2,9.2,4.1,15.5,7.9,10.8,18.9,9.5,18.9,38.9,11.5,16.9,14.2,9.2,61.3,32,45.4,69.1,71.8,66.6,79.8,50,60.3,62.7,40.1,58.4,29.6,35.4,68.6,57.1,65.5,74.7,30,57.7,59.6,27.7,63.2,33.8,39,68.8,87.5,66.4,83.4,71.4,61,65.4,35.9,61.7,33.3,39.7,67.3,46.2,67.6,74.7,-1,57.2,65.9,30.3,51.1,29,29.9,58.8,47.4,59.4,74.3,57.1,48.8,53.8,23.7,79,65.2,73.7,84.5,75.8,91.8,81.5,83.6,76.7,81.6,69.8,42,49.5,61.2,40.4,3.2,17,17.4,0.2,1.7,0,0.9,21.5,18.9,15.8,2.8,0.7,14.5,72,73,61,74,67,55,80,92,76,47,56,37,61,63,48,82,81,73,81,77,69,90,84,81,73,68,59,70,77,63,22,23,11,56,57,42,28,9,4,42,49,28,77,70,62,80,72,67,65,65,58,55,53,38,69,60,50,86,79,74,82,76,71,93,86,84,78,65,59,76,75,65,26,20,11,65,55,44,38,10,6,54,47,34,95.8,96.1,97.6,95.7,95.4,95.5,96.1,95.1,95.3,94.5,95.8,95.9,96.5,95,95.7,95.9,97.5,95.5,95.4,95.4,95.9,95.1,95.2,94.4,95.7,95.8,96.5,94.8,0.2,0.2,0.2,0,0.3,0.2,0,0,0.2,0.2,0.2,0.4,0.2,0.2,0.1,0,0,0.1,0.1,0.1,0.1,0.2,0.5,0.2,0.1,0.1,0.2,0.1,1.3,1.5,1.1,0.3,2.1,1.8,1.4,1.4,1,0.8,2,2.2,1.7,3.5,0.8,0.5,1.3,1.7,2.5,2.5,1.4,2.5,2.5,4.3,1.9,2.2,2.6,0.9,55,80.1,55.9,77,11.3,32.7,63,14,34.8,18.8,40.9,48.3,21.7,37.7,50.5,68,57.1,76.4,58.5,93.6,85.2,76.4,54.7,64,75.5,69.5,52.2,73.1,63.1,66.2,59.3,96.6,55.1,75.7,77.4,76.9,68.1,14.5,35.8,39.6,9.1,44.4,65.5,19.6,42.4,41.7,50.2,37.5,1292,1470,1730,1321,1498,1376,1530,1596,1468,1513,1602,443,505,616,461,509,479,541,550,504,524,552,850,965,1114,861,989,897,989,1045,964,989,1050,1266,1524,1740,1327,1503,1381,1522,1575,1465,1512,1601,439,528,623,464,512,482,541,542,527,526,554,827,996,1118,862,991,898,981,1033,939,986,1047,17.8,20.6,26,18.7,21.9,19.4,22.5,23.7,19.4,22.2,24.2,18.5,21.4,27.4,19.5,22,20.2,23.5,24.1,19.8,22.7,24.4,17.2,19.9,25.1,17.8,21.8,18.6,21.6,23.4,19.2,21.7,23.9,18.1,20.7,25.7,19.1,21.6,19.7,22.9,23.5,19.2,22.2,24,17.5,23.2,26,18.7,22,19.5,22.3,23.3,25.8,22.1,24,18.4,23.9,27.6,19.6,22.2,20.4,23.3,23.5,25.8,22.7,24.3,16.7,22.7,25.2,17.7,21.8,18.6,21.3,22.9,26.1,21.6,23.7,17.9,23.4,25.4,19.1,21.6,19.8,22.7,23.4,25.3,22.1,23.7
'14,96.2,89.7,3.8,1.3,88.5,6.4,100,96.3,0,0,96.3,3.7,.,.,.,.,.,.,93.3,89.1,6.7,2,87.1,4.2,88.2,79.3,11.8,1.2,78,8.9,89.2,84.9,10.8,1.7,83.1,4.4,94.3,89.7,5.7,1.7,87.9,4.7,91.3,87.1,8.7,1.9,85.2,4.3,100,100,0,6.7,93.3,0,78.8,69.7,21.2,0,69.7,9.1,92.2,88.5,7.8,2.2,86.3,3.7,90,84.5,10,2.3,82.2,5.5,90.9,86.2,9.1,0.5,85.7,4.8,94.7,91.2,5.3,2.1,89.1,3.5,97.6,94,2.4,1.2,92.9,3.6,94.9,82.1,5.1,2.6,79.5,12.8,-1,-1,-1,-1,-1,-1,95.1,91.6,4.9,1.5,90.1,3.4,94,86.7,6,0.5,86.2,7.3,91.9,87.4,8.1,1.4,86,4.5,95.3,91.7,4.7,1.2,90.5,3.6,93.6,90.5,6.4,1.2,89.2,3.1,100,100,0,9.1,90.9,0,88.2,55.9,11.8,0,55.9,32.4,94.8,91.6,5.2,1.9,89.6,3.3,93.6,89.3,6.4,1.4,87.9,4.3,93.3,86.6,6.7,0.2,86.4,6.7,95.8,92.9,4.2,1.8,91.1,2.9,9.1,15.2,13.1,9.6,25,31.3,11.4,15.2,-1,15.4,14.1,6.7,12,9.4,6.9,15.6,28.3,8.2,11.7,-1,11.8,10.7,1.9,3.4,4.5,3.6,9.4,9.1,2.1,4.7,-1,4.6,3.9,3.9,5.3,6,4.8,21.9,13.1,4.3,8.8,-1,5.9,5.6,2.6,4,4.5,2.2,9.4,10.1,3.3,4.1,-1,4.8,4.3,41.6,47.6,49,45,62.5,58.1,38.4,61.5,-1,50.9,48.2,30.6,41.4,41.3,31,20,57.1,28.4,45,-1,45.7,41.4,46.2,38.7,53.6,20,-1,77.8,43.6,75,.,46.3,47,25.2,28.4,35,30,28.6,53.8,17.1,20,-1,37.1,31.8,30,43.3,37.7,22.2,-1,60,32.3,71.4,.,42.5,40.4,13.1,9.9,10.1,14.3,20,17.9,28.6,0,14.3,11.8,8.2,8.9,8,6.5,9.8,12,14.1,15.7,0,10,7.7,5.2,3.3,3.1,1.5,4,0,5.1,10,0,3.2,3.4,1.7,3.5,1.7,2.4,4.1,4,3.2,11.4,0,4,3,1.9,5.6,4.8,4.6,5.8,16,9.6,8.6,0,5.2,6,3.8,48.4,31.7,40.1,52.2,40,42.9,65,.,48.3,48.5,40.8,44.2,21.2,32.2,50.3,-1,36.4,63.6,.,44.7,43.6,29.9,52.5,23.1,46.4,56.2,.,37.5,71.4,.,50.5,54.4,39.5,29.8,14.3,20.9,32.5,-1,60,25,.,23.2,38.9,18.4,33.9,20,20.2,39.9,-1,33.3,50,.,31.1,36.5,27.6,76.1,48.7,69.8,82,93.3,64.5,.,80.9,76.4,75.8,66.8,45.2,46.7,57.7,46.9,1.1,13.2,31.4,0.2,0.3,.,0.7,24.7,22.2,17.7,5.1,0.2,14.3,69,67,55,67,92,67,.,.,.,46,48,33,59,58,43,75,72,62,70,77,66,77,73,68,70,63,54,67,71,57,13,16,8,58,54,42,19,5,5,38,42,24,72,66,55,50,60,50,-1,-1,-1,50,46,35,67,56,43,77,72,63,72,74,60,68,68,61,74,60,52,70,71,58,22,21,9,62,55,43,28,12,12,47,45,28,96.4,96.3,97.9,97.4,96.6,96.1,96.5,96.6,95.9,95.4,96.4,96.4,97.2,95.6,96.2,96.3,97.7,97.5,96.4,95.9,96.3,96.3,95.8,95.2,96.2,96.2,97.3,95.4,0.6,0.6,0.6,0.7,0.9,0.7,0,6.3,0.6,0.5,0.6,0.8,0.6,0.8,2.7,6.9,9.1,1.8,1.2,1.7,1.9,1.3,2.1,1.1,1.7,1.1,1.4,1.9,1.5,1.4,1.5,0,2.3,2.1,1.2,0,1.6,1.1,2.2,2,2.1,4.5,1.4,0,7.7,1.5,2.6,2.4,1.5,2.1,0,2.1,1.6,2.2,1.9,1.2,55.1,71.9,56.7,69.3,8.3,57.1,40,15.8,22.8,13.3,29.4,12.2,.,25.9,32.7,64.7,46.7,61.7,48.5,64.5,.,60.3,43.8,54.7,61.3,58,40.7,62.5,51.2,48.5,36.4,79.4,45.6,64.2,-1,63,57,15,23.4,28.2,11.2,-1,37,12.1,34.6,.,30.9,25.5,1255,1572,1454,1338,1427,1365,1464,1341,.,1444,1502,430,522,494,455,483,468,512,461,.,496,517,825,1050,960,884,944,897,953,880,.,948,986,1273,-1,1469,1346,1438,1344,1477,1541,.,1455,1504,438,-1,544,469,491,469,521,528,.,504,519,835,-1,925,877,947,875,956,1013,.,951,985,17,-1,23.4,19.3,20.6,19.2,21.4,19.7,.,21,22,17.7,-1,24.8,19.7,20.6,19.7,22,19.7,.,21.3,22.2,16.2,-1,22.5,18.5,20.3,18.5,20.7,19,.,20.5,21.6,17.5,-1,23.6,19.8,20.5,19.7,21.7,20.6,.,21.1,21.9,17.4,-1,22.8,19,20.8,18.9,21,20.7,.,20.9,21.8,18,-1,25.4,19.7,21,19.5,21.7,21,.,21.3,22,16.5,-1,21.1,18.3,20.6,18.3,20.2,20.3,.,20.4,21.4,18,-1,23.1,19.2,20.4,18.7,21.3,20.9,.,20.8,21.7
'15,97.2,97.2,2.8,0,97.2,0,94.7,94.7,5.3,0,94.7,0,-1,-1,-1,-1,-1,-1,95,92.5,5,0.5,92,2.6,85.5,78.3,14.5,0,78.3,7.2,92.9,90.5,7.1,0.5,90,2.3,96,94,4,0.2,93.8,2,94.2,91,5.8,0.5,90.5,3.2,90,90,10,0,90,0,76.4,67.3,23.6,0,67.3,9.1,94.1,91,5.9,0.8,90.3,3.1,93.7,90.9,6.3,0.4,90.5,2.8,95.4,91.7,4.6,0,91.7,3.7,96.7,95.1,3.3,0.5,94.6,1.6,97.6,97.6,2.4,0,97.6,0,100,100,0,5,95,0,-1,-1,-1,-1,-1,-1,96,93.4,4,0.5,92.9,2.6,92,88,8,0,88,4,94.8,92.4,5.2,0.6,91.8,2.5,96.6,94.5,3.4,0.4,94.1,2.2,94.7,91.3,5.3,0.5,90.8,3.4,82.4,82.4,17.6,0,82.4,0,83.3,76.2,16.7,2.4,73.8,7.1,95.3,92.3,4.7,0.6,91.7,3,95,91.1,5,0.7,90.4,3.9,94.4,88,5.6,0,88,6.4,97.9,96.2,2.1,0.5,95.8,1.6,7.6,13.3,10.1,10.1,20,36.6,11.2,8,-1,12.1,11.7,3.4,7.6,5.3,6.7,0,17.1,5.2,6.7,-1,7.9,6.4,1,1.9,2.7,0.7,20,12.2,1.6,0,-1,3.1,2.3,2.9,4.5,4.5,6,0,19.5,4.1,2.7,-1,4.8,4.5,3,4.5,4,1.3,6.7,17.1,4.6,1.3,-1,3.8,4.3,32,39.9,46.2,13.3,-1,60,34.2,33.3,.,53.4,42.6,20.6,35.4,41.5,10,.,42.9,24.7,20,.,50.7,37.9,51.7,46.6,63.1,-1,-1,100,39.6,.,.,66.3,56.3,27.1,39.4,55,22.2,.,75,32.4,-1,.,63.1,47.3,18.2,24.6,36.1,-1,-1,42.9,21.1,-1,.,44.3,30,10.4,6.4,10.7,10.1,4.3,5.5,34.2,20,12,8.9,6.9,5.4,2.6,4.6,6.5,0,2.7,23.7,20,6.2,4.7,3.2,2,2.6,1.9,2,0,2.7,13.2,0,2,1.9,1.2,3.3,2.6,3.8,2.7,0,4.1,15.8,0,3.8,2.9,2.3,4.9,5.8,5.3,4.2,4.3,4.1,23.7,0,5.5,4.4,3.5,38.2,20,28.8,49.4,-1,-1,69.2,-1,33.8,44,29.6,36.4,-1,26.8,44.8,.,-1,33.3,-1,33.2,40.4,24,51.2,-1,35,70,.,-1,60,.,41,61.7,35.1,34,-1,21.3,52.9,.,-1,66.7,.,31,37.8,23.2,32,11.1,18,52.8,-1,-1,66.7,.,26.4,38.7,20,81.7,65.2,79.5,85.6,88.9,88.2,-1,69.4,80.3,83.1,78,58.7,65.7,76,60.7,1.3,33.5,24.8,0.1,0.3,-1,0.6,30.1,30.6,27.8,5.6,0.7,29.1,65,68,52,88,88,75,-1,-1,-1,47,60,38,57,62,43,75,75,64,63,59,47,80,73,67,67,62,50,64,74,55,19,20,6,56,61,42,45,11,12,47,54,33,69,62,52,75,83,58,-1,-1,-1,46,57,37,63,56,43,78,70,62,86,68,69,65,55,55,70,56,49,69,69,55,24,13,8,62,54,42,20,7,3,52,47,34,96.3,96,97.5,95.8,96.4,96.2,96.4,95.5,95.9,95.5,96.2,96.4,96.5,95.8,96.3,96.1,97.6,97.2,96.5,96.3,96.3,96,96,95.5,96.2,96.4,96.9,95.7,0.1,0.1,0.1,0,0,0.1,0,-1,0,0.1,0.2,0.1,0.1,0,0,2.3,0,0.3,1.7,0.3,0.2,0.3,0,1.5,0.3,0.3,0.1,0.2,1.3,1.5,1.1,1,4.2,1.5,0,0,1.1,0.9,1.6,1.8,1.7,2.4,1.3,0,0,1.4,2.8,1.7,1.1,1.9,0,3.8,1.7,1.5,1,0.7,53.1,75.4,55,74.4,9.8,28.6,41.7,14.1,22.3,14.4,27.4,19,-1,24.5,34.3,59.4,77.8,67.8,50.2,70.6,-1,58.3,46.8,51.5,65,58.4,45.8,65.9,51.6,54.2,61.5,-2,50.7,69,-1,67.8,58.6,11.5,21.3,22.4,12.8,37.5,27.3,11.8,44.8,-1,30.8,21.8,1311,-1,1636,1321,1400,1344,1443,1462,-1,1418,1496,433,-1,587,459,476,467,511,513,-1,490,515,878,-1,1049,862,924,877,932,948,-1,927,981,1384,-1,1416,1325,1405,1338,1444,1555,.,1421,1511,482,-1,516,463,482,467,512,536,.,494,523,902,-1,899,863,924,870,931,1019,.,927,988,18.4,-1,21.3,19.2,20.6,19,21,20.9,-1,20.8,22.1,18.4,-1,22.1,19.6,20.6,19.4,21.6,20.2,-1,21,22.3,18.1,-1,20.3,18.4,20.3,18.4,20.2,20.7,-1,20.3,21.7,18.6,-1,22.8,19.6,20.5,19.4,21.6,21.3,-1,21,22.2,19.2,20.5,21.4,18.9,20.5,18.7,20.3,21.7,-1,20.4,21.6,19.6,21.8,22.4,19.6,20.7,19.4,21,22.4,-1,20.9,21.9,18.6,20.1,20.6,18.1,20.3,18,19.4,21.4,-1,19.9,21.2,19.4,19.8,21.8,19.3,20.1,19,20.9,21.2,-1,20.5,21.7
'16,97.2,90.7,2.8,2.8,88,6.5,82.5,68.3,17.5,0.8,67.5,14.2,-1,-1,-1,-1,-1,-1,95.4,91.4,4.6,2.1,89.3,4.1,90.9,81.2,9.1,3.2,77.9,9.7,92.7,88,7.3,3.3,84.7,4.7,95.7,92.4,4.3,1.7,90.7,3.3,94.9,89.6,5.1,2,87.7,5.3,97,90.9,3,3,87.9,6.1,66.5,60.2,33.5,0.6,59.6,6.2,95.1,90.3,4.9,2.4,87.9,4.8,93,84.3,7,3.4,80.9,8.7,92.8,87.3,7.2,0.5,86.7,5.6,96.8,95,3.2,2.1,92.9,1.8,97.8,93.3,2.2,3.3,90,4.4,81,67.5,19,0.8,66.7,13.5,-1,-1,-1,-1,-1,-1,95.1,90.4,4.9,1.9,88.5,4.7,91,78.8,9,2.5,76.3,12.2,92.1,87.4,7.9,2.4,85,4.7,95.7,91,4.3,1.6,89.3,4.7,95.1,89.6,4.9,1.7,87.9,5.5,92.9,92.9,7.1,0,92.9,0,69.5,50.3,30.5,0,50.3,19.2,94.5,89.9,5.5,2.2,87.6,4.6,91.9,82.2,8.1,2.9,79.4,9.6,92.2,84.8,7.8,1.1,83.7,7.4,96.1,93.1,3.9,2.2,91,2.9,7.7,12.6,9.3,6.9,6.8,15.5,9.2,12.7,0,12.6,10.9,5.3,8.7,5.7,4.9,4.1,9,5.9,10.3,0,8.3,7.2,0.9,1.9,2.1,1.3,1.4,4.3,1.2,2.8,0,2.6,2,4.1,6.1,4.6,3.8,4.1,11.6,4.2,5.6,0,6.2,5.3,0.9,1.8,2.2,0.9,0,4.3,1.3,3.3,0,2.6,2,27,37.3,46.3,21.1,20,36.1,27.9,37,.,51.5,41.2,23.3,34.2,43.6,22.2,-1,38.1,24.4,27.3,.,48.1,38,27.3,46.5,50.4,28.6,-1,50,25.5,83.3,.,57.8,48.6,11.3,25.8,39.5,9.5,-1,33.3,13.5,33.3,.,44.2,31.9,24.4,33,41.5,0,.,50,16.7,85.7,.,45.2,37.8,10.9,5.6,8.3,13,8,17.5,18.3,0,12.9,8.9,7.1,7.7,4.3,5.8,9.2,5.3,9.6,13.3,0,9.8,5.6,5.2,2.1,0.4,1.2,2.7,2.7,3.4,5.5,0,2,2.1,0.9,2.2,1,1.1,2.9,1.3,4,9.2,0,2.3,2.1,1,4.9,3.5,3.5,5.8,2.7,9,12.8,0,5.3,4.5,3,40.1,31,26.6,46.8,16.7,38.7,55,.,35.3,46.7,24.6,36.2,27.3,20.4,43.6,-1,58.8,48.3,.,33.4,40.9,18.6,43.6,-1,19.6,53.7,-1,16.7,41.7,.,33,53.5,12.5,34.3,80,10.6,38.5,-1,28.6,45,.,26.2,43,17,35.6,22.2,21.6,42.2,-1,31.3,50,.,26.4,46,20,68.9,41.2,64.9,75,74.2,58.1,-1,67.7,67.7,70.1,60.4,44.4,18.5,50.9,34.1,0.6,15,17.5,0.2,0.2,-1,0.6,18.4,15.7,14.3,3.5,0.3,12.3,63,64,50,62,70,54,-1,-1,-1,44,42,30,53,58,39,73,70,60,72,77,61,69,56,52,65,57,47,62,71,53,18,15,5,52,53,36,19,0,0,33,42,20,69,63,52,80,77,66,-1,-1,-1,45,37,24,61,55,42,76,71,62,76,69,58,75,54,52,70,58,50,68,68,54,16,12,7,59,53,41,13,0,0,38,37,21,95.8,95.2,97.3,94.9,95.7,95.8,95.9,95,95.6,95,95.8,95.9,96.8,95.4,95.7,95.2,97,95.3,95.5,95.6,95.8,95.2,95.4,94.7,95.6,95.8,96.6,95.1,0.2,0.1,0.2,0,0.2,0.3,0,-1,0,0.1,0.2,0.2,0.2,0.2,0.8,1.1,-1,0.2,0.2,0.3,0.2,0.2,0,0.6,0.2,0.3,0.2,0.1,1.4,1.6,1.3,4.8,3,1.7,3,0,1,0.8,1.8,1.4,2,4.7,1.8,5.6,0,1.8,4.3,2.4,1.5,2,1.2,6.1,2,2.5,2.1,1.1,54.9,68.2,55,68.8,5.3,23.8,23.4,8.8,21.3,8.4,24.1,25.8,-1,22.6,33.4,54.3,67.7,64.6,53.8,74.4,-1,62.6,51.4,55.7,64,59.9,51.4,63.7,54.2,56.1,73,70,51.9,68.4,-1,63.7,58.9,8.6,20.2,24,5.5,11.1,33.3,8.7,22.2,-1,31.3,21.9,1272,-1,1437,1234,1384,1249,1403,1516,-1,1393,1491,439,-1,512,435,474,440,499,517,-1,486,517,832,-1,926,799,910,809,904,999,-1,907,974,1252,1355,1583,1212,1383,1216,1379,1320,.,1381,1481,435,470,571,429,475,430,490,455,.,482,513,816,885,1012,783,908,786,889,865,.,899,968,16.2,20,19.2,18.2,20.3,18.3,20.5,21.1,-1,20.4,21.9,17.6,20.6,21.4,19.1,20.4,19.1,21.2,21.4,-1,20.8,21.9,15.1,19.4,17.5,17.2,20,17.3,19.6,20.7,-1,19.8,21.6,16.5,20.3,19.7,18.7,20.2,18.9,21.1,21,-1,20.6,21.9,16.8,20,20.7,18.4,20.4,18.6,20.5,20.6,-1,20.4,21.7,17.8,19.5,22.2,19.3,20.5,19.4,21.2,21.2,-1,20.9,21.8,15.7,19.9,19.3,17.4,20.1,17.6,19.6,19.5,-1,19.9,21.5,17.5,20.3,21.4,18.8,20.2,19.1,21,21.3,-1,20.6,21.6
'17,95.2,95.2,4.8,1.6,93.5,0,91.5,89.8,8.5,0,89.8,1.7,-1,-1,-1,-1,-1,-1,93.8,91.2,6.2,0.3,90.8,2.6,87.1,80.9,12.9,0,80.9,6.2,90.4,87.4,9.6,0.5,87,3,94.7,92.3,5.3,0.3,92,2.5,92.3,89.1,7.7,0.3,88.8,3.2,97.1,97.1,2.9,0,97.1,0,77.9,70.1,22.1,0,70.1,7.8,92.9,90.1,7.1,0.4,89.7,2.8,89.3,84.9,10.7,0.6,84.3,4.4,90.1,83.9,9.9,0,83.9,6.2,97,95.6,3,0.5,95.1,1.4,96.1,94.7,3.9,1.3,93.4,1.3,90,90,10,0,90,0,60,60,40,0,60,0,93.1,90,6.9,0.2,89.8,3.1,87,80.9,13,0.6,80.3,6.1,89.7,86,10.3,0.3,85.6,3.8,94.2,91.8,5.8,0.2,91.6,2.4,91.3,87.5,8.7,0.1,87.4,3.8,88.9,88.9,11.1,0,88.9,0,91,84.6,9,0,84.6,6.4,91.9,88.2,8.1,0.3,88,3.7,89.3,83.6,10.7,0.4,83.2,5.7,90,83.9,10,0.2,83.8,6.1,96.6,94.9,3.4,0.3,94.6,1.7,8.4,17.9,14,17,13.8,58.1,9.1,30.1,27.3,23,15.9,6.5,14.9,10.1,13.5,10.3,49.2,6.7,22.1,18.2,18.5,12.4,2,5.3,4.6,4.9,1.7,32.3,2.2,8.8,9.1,7.6,4.9,3.5,8.1,6.6,7.5,12.1,37.1,3.6,14.7,27.3,11.1,7.3,2.2,7,6,4.4,3.4,41.9,3,11,0,10.3,6.5,22.6,39.6,41.3,11.5,25,72.2,25.2,41.5,-1,49.5,40.4,18.2,37.5,37.9,9.6,16.7,65.6,18.9,43.3,-1,47.8,37.7,16.3,38.8,41.7,13.3,-1,62.5,21.2,58.3,-1,46.9,40.2,17,36.6,42.2,10.9,28.6,65.2,23.5,45,-1,46.4,39.2,15.5,25,26,11.1,-1,57.7,13.7,40,.,26.3,25.5,14.9,14.8,8.5,22,17.4,21.5,46.2,25,16.4,13.4,7.9,11.5,10.7,6,17.7,15.2,16.9,38.7,12.5,13.4,9.6,5.3,4.6,3.9,2.2,7.2,2.2,9.2,26.1,25,5.3,4,1.8,5.4,2.9,2.4,8.8,0,10,31.9,25,6,4.9,2,7,7.5,3.5,10.5,6.5,11.5,34.5,12.5,7.3,6.6,3.5,39.3,17.6,26.9,45.5,50,42.9,76.4,-1,38.3,40.6,21.1,38.1,12.1,23,45.6,42.9,31.8,67.4,-1,38.5,37.5,17.9,36.8,20.8,27.8,36.7,-1,41.7,80.6,-1,31.6,43.6,27.6,27.8,11.1,16.4,27.5,.,38.5,73.7,-1,25,31.3,17.4,38.8,17.4,21.8,45.3,-1,53.3,70.7,-1,37.4,40.3,16.3,84.3,65.2,80.9,91.2,90.6,92.7,-1,85.7,84.1,84.6,78.1,68.6,63,72.3,66.9,3,34.9,27.3,0.5,0.5,-1,0.7,34.2,32.7,29.2,6.6,0.6,23.2,61,67,50,53,68,50,-1,-1,-1,36,51,27,50,60,38,77,77,66,68,67,55,88,80,76,64,63,49,59,71,50,15,13,5,47,56,34,18,12,4,32,43,20,68,66,53,63,50,44,-1,-1,-1,41,54,33,59,59,43,82,76,68,72,71,58,77,73,69,69,60,51,66,71,55,15,15,5,55,55,39,32,13,8,40,42,24,95.8,96.1,98.1,95,95.4,95.4,96.5,94.7,95.4,94.8,95.7,95.9,96.5,95.1,95.8,96.3,98.2,94.7,95.6,95.4,96.4,95,95.4,94.7,95.8,95.9,96.4,95,0.2,0.2,0.2,0,0.3,0.2,2.3,12.5,0,0.2,0.3,0.2,0.2,0.3,0.6,0,0,0.2,0.2,0.3,0.3,0.2,0,0,0.2,0.3,0.5,0.2,2.1,2.2,2,1.1,4,2.6,4.6,0,1,1,2.4,2.4,2.6,5.3,1.7,1.2,20,2.7,5.7,3,2.4,3.5,1.9,3.2,3,3.6,3.6,1.1,52.8,71.4,54,70.1,5.4,24,46.9,7.2,17,8,22.7,29.4,-1,19.6,31.5,75.1,78.1,83.7,63.7,-2,-1,81,63.5,67.4,79.3,73.3,44.7,62,53.9,61.3,52.6,100,43.1,67.1,-1,75,58,11.2,22.5,25.3,6.5,20,50.9,12.1,36.7,-1,33.4,23.8,1111,1289,1578,1165,1336,1203,1345,1517,-1,1340,1485,379,438,568,402,449,415,469,501,-1,459,504,732,852,1010,763,887,788,876,1016,-1,882,981,1186,-1,1600,1277,1436,1327,1449,1574,-1,1442,1533,396,-1,585,440,483,461,504,531,-1,493,519,791,-1,1015,836,953,866,945,1043,-1,949,1014,16.5,21.2,24.5,17.9,19.7,18.2,20.5,21.2,.,20.1,21.9,17.1,21.2,26.3,18.6,19.8,18.9,21.1,20.8,.,20.4,21.9,15.8,21.1,23.6,17.1,19.4,17.3,19.7,21.1,.,19.5,21.7,17,21.6,24.2,18.3,19.7,18.6,21,20.9,.,20.3,21.9,17.1,19.9,24,18.2,20.2,18.6,20.5,22.4,-1,20.3,21.9,17.7,19.4,25.4,19.1,20.3,19.4,21.3,22.4,-1,20.8,22,16.5,19,23,17.3,19.8,17.6,19.6,22.1,-1,19.7,21.5,17.3,21.6,24.1,18.7,20.2,19.1,21,22.4,-1,20.6,21.9
'18,89.4,85.1,10.6,4.3,80.9,4.3,87,85.5,13,1.4,84.1,1.4,-1,-1,-1,-1,-1,-1,87.6,83.7,12.4,1.7,82,3.9,80.6,73.7,19.4,1.6,72.1,6.9,82.7,79.2,17.3,3.3,75.9,3.4,89.5,85.9,10.5,0.9,85,3.6,86.8,82,13.2,1.4,80.6,4.8,82.6,73.9,17.4,4.3,69.6,8.7,65.1,58.7,34.9,0.8,57.9,6.3,85.9,81.7,14.1,2.4,79.3,4.3,83.6,77.4,16.4,1.6,75.8,6.2,82.5,78.1,17.5,1.9,76.2,4.4,90.4,88.5,9.6,2.2,86.3,1.8,90,74,10,0,74,16,84.8,80.4,15.2,4.3,76.1,4.3,-1,-1,-1,-1,-1,-1,86.6,81.6,13.4,1.5,80.1,5,79.9,73.6,20.1,2.8,70.9,6.3,80.3,74.3,19.7,2.5,71.8,6,89,85.1,11,0.8,84.3,3.9,84.3,78.4,15.7,1.1,77.3,6,82.1,75,17.9,0,75,7.1,60.3,48.8,39.7,0.8,47.9,11.6,84.3,78.2,15.7,2.1,76,6.1,80.5,71.9,19.5,1.9,70,8.7,80.9,73.3,19.1,1.2,72.1,7.6,91.9,89.1,8.1,2,87.1,2.8,7.8,15.7,12.2,10,12.2,39.8,11.4,16.7,14.3,18.4,14,4.4,10.6,6.8,6.7,7.3,27.6,6.6,9.4,14.3,12.2,8.7,1.1,2.5,2.7,1,2.4,14.6,1.9,5.2,0,3.6,2.6,3.1,7.5,6,4.8,7.3,28.5,5.2,8.3,14.3,9.2,6.7,1.2,2.6,2.5,1,2.4,14.6,1.9,1,0,3.7,2.6,33.6,28.7,33.9,4.8,20,67.3,27.3,37.5,-1,34.3,31,13.5,23.3,28.8,0,-1,55.9,14.5,22.2,-1,36.7,25.5,29.4,24.1,28.5,-1,-1,61.1,23,40,.,22.9,26.4,12.1,19.8,26.6,5,-1,65.7,13.7,12.5,-1,28.9,22.8,18.4,27.3,30.9,-1,-1,66.7,20.5,-1,.,32.4,29.1,12.8,8.6,10.3,17.3,12.8,19.3,31.4,14.3,14.4,11.3,7.8,7.8,5.2,6,11,5.1,10.8,21.6,0,9,6.6,3.9,2.3,0.5,1.4,4,2.6,2.4,6.9,0,2.2,2.3,0.8,2.2,1,1.4,3.3,5.1,3.6,11.8,0,2.1,2.3,1.2,5.7,4.3,4.4,7.6,10.3,9.6,21.6,0,5.9,5.4,3.2,32.8,16.7,30.4,34.9,40,31.3,56.3,-1,30.6,35.5,35.3,27,18.2,16.3,36.1,-1,44.4,54.5,.,26.1,28.3,18.2,34.3,-1,40.5,29.5,-1,-1,42.9,.,29.2,39.3,37.5,28.6,-1,14.6,34,-1,-1,83.3,.,16.2,40.2,16.7,21.9,5.6,17.3,25.2,-1,25,45.5,.,17.4,26.9,15.3,71.3,56.5,68.3,78.6,47.4,79.7,-1,76.3,68.5,74.1,63.7,44.5,43.2,55.6,34.4,0.8,23,10,0.1,0.3,-1,0.2,18.9,15.5,11.4,2.7,0.5,16.7,59,61,45,53,47,35,-1,-1,-1,44,52,30,54,56,39,69,72,57,69,76,61,79,64,60,60,55,43,58,68,48,7,12,3,52,51,35,25,2,2,32,44,20,67,61,49,72,82,59,-1,-1,-1,47,53,33,61,53,40,78,73,63,75,74,68,89,60,60,69,57,48,65,64,50,13,10,5,57,49,36,41,9,7,39,40,21,94.7,94.5,97.2,94.3,94.5,94.6,94.9,93.5,94.4,93.6,94.6,94.8,95.7,94.1,94.5,94.5,97.2,95.1,94.3,94.4,94.7,93.8,94.2,93.5,94.5,94.6,95.5,93.6,0.4,0.4,0.4,0,0.7,0.4,0,0,0,0.4,0.5,0.4,0.3,0.7,0,0,0,0.2,0.3,0.2,0.2,0.2,0,0.1,0.2,0.1,0.2,0.1,3.8,4.4,3.3,2.7,6,4.1,7.9,5.3,5.3,2.9,5,5.6,3.9,5.1,2.7,1.4,0,3.9,6.4,4.6,3.4,4.4,5.7,4.4,4.4,5.1,4.7,2.6,53.4,68.5,52.5,66.9,4.9,28.6,37.3,8.1,17.1,10.1,21.7,19,-1,19.2,30.3,45.8,36.8,61.4,39.2,86.4,-1,55.3,36.7,42.1,53,47.4,34.9,45.4,42.8,40.2,33.3,72.5,36.4,60.5,-1,56.5,44.1,11.2,17.4,21.3,3.8,28.6,31,10.5,26.1,.,29.4,19.2,1252,-1,1576,1299,1400,1334,1431,1393,.,1414,1501,440,-1,571,453,479,467,506,482,.,491,515,813,-1,1005,847,921,867,925,912,.,923,985,1228,1492,1377,1331,1401,1340,1423,1577,.,1411,1492,423,513,514,466,483,474,506,538,.,493,516,805,978,864,865,918,866,917,1039,.,918,976,17,19.3,22.1,17.7,19.3,18.1,19.8,20.2,-1,19.5,21.3,18.5,19.8,23.8,18.6,19.8,19,20.8,20.7,-1,20.3,21.7,16.2,18.2,20.7,16.9,18.8,17.2,18.8,19.8,-1,18.8,20.8,17,20.3,22.7,18,19.4,18.6,20.2,19.8,-1,19.8,21.3,16.7,-1,20.1,18.2,19.7,18.3,19.8,20.1,.,19.7,21.5,18.5,-1,23.4,19.8,20.4,19.6,21,21.3,.,20.7,21.9,15.6,-1,18.4,17.1,19.2,17.2,18.7,19.8,.,18.9,21.1,16.8,-1,19.8,18.3,19.6,18.6,20.2,19.3,.,19.9,21.5
'19,91.4,88.6,8.6,1.4,87.1,2.9,96.2,94.9,3.8,0,94.9,1.3,86.7,86.7,13.3,6.7,80,0,92,85,8,1.5,83.5,7,93,84.4,7,1,83.4,8.6,90.9,84.2,9.1,1.5,82.7,6.7,93.1,87.9,6.9,1.1,86.8,5.2,91.9,84.7,8.1,1.6,83.1,7.2,91.7,79.2,8.3,0,79.2,12.5,74.3,59.4,25.7,2.1,57.3,14.9,90.9,82.2,9.1,1.9,80.3,8.7,89.3,78.5,10.7,1.8,76.7,10.7,87.8,72.5,12.2,0.8,71.7,15.3,93.3,88.6,6.7,1.1,87.5,4.7,94.9,91.5,5.1,1.7,89.8,3.4,94.8,92.2,5.2,0,92.2,2.6,95,90,5,0,90,5,92.9,85.3,7.1,1.7,83.6,7.5,91.5,87.7,8.5,1.6,86.1,3.8,92.8,84.5,7.2,1.6,82.9,8.3,94.1,88.4,5.9,1.1,87.3,5.7,92.9,85.1,7.1,1.7,83.4,7.8,84,72,16,0,72,12,75.9,59,24.1,2.2,56.7,16.9,91.7,82.5,8.3,2.2,80.3,9.2,89.9,78.7,10.1,2,76.7,11.2,88.2,69.6,11.8,0.5,69.1,18.7,92.8,86.7,7.2,2.2,84.5,6.1,17.8,22.8,17.1,16.9,12.8,51,19.3,21.6,34.4,26.4,19.9,8.8,13.2,8.3,9,6.4,36.2,10.2,10.4,28.1,16.3,10.7,3.7,4.5,4.5,3.8,0,21.5,4.2,5.2,6.3,6.9,4.5,7,9.7,7.8,8.5,6.4,33.6,8.1,10.4,15.6,15.1,8.7,3.9,4.9,4.9,4.1,2.1,23.5,4.5,8.2,9.4,8.8,4.9,33.1,35.3,38.5,21.4,0,69.7,35.1,37.9,18.2,51.8,36.7,16.4,26.5,28,26.9,-1,68.5,23.1,35.7,22.2,53.8,27.1,24.2,26.3,35.2,27.3,.,59.4,27.8,57.1,-1,48.6,30.8,14.8,20.2,27.5,18.4,-1,52,19.5,42.9,20,49.1,23.5,13.9,15.8,26.9,16.7,-1,54.3,17.5,36.4,-1,41.6,21.4,20,24.2,18.9,30.2,7.5,34.3,54.1,31.3,23.3,16.8,17.7,10.9,13.9,10.1,19.2,2.5,16.2,31.4,15.6,13.7,8.1,9.1,4.6,4.6,4.2,8.8,0,7.1,25.2,15.6,4.8,4.4,3.5,4,5.3,3.6,7.1,2.5,8.1,22.6,12.5,4,4,3.1,8.8,12.8,8,16.3,0,23.2,35.2,9.4,10.1,7.7,6.8,37.2,22,35.5,53.8,-1,26.5,65.1,30,37.4,37,33.6,25.8,17.8,21.4,54.1,-1,43.8,68,40,25.7,25.9,14.9,31.7,25,27.5,53.5,.,28.6,65,20,30.4,33,26.5,19.6,14.3,16.8,33.3,-1,25,44.4,-1,17.8,21.5,14,23.3,22.4,19.7,44.6,.,17.4,53.6,-1,21.2,26.1,14.2,76.1,74.2,75.9,78.6,61.9,85.5,61.5,85.5,73.3,78.9,75.4,56,50,63.3,44.2,0.7,41.1,2,0.1,0.2,0,0.2,22,22.2,31.7,3,1.9,18,65,61,48,56,56,33,70,100,70,55,61,43,65,60,47,74,71,63,79,79,66,83,75,72,68,55,46,63,66,50,13,16,6,62,56,43,33,4,3,45,43,26,71,57,49,71,57,43,59,47,35,58,57,46,71,56,48,79,67,60,80,66,58,91,83,77,73,52,47,70,62,52,12,10,3,69,51,44,36,5,3,53,38,27,96,96.3,97.8,96,96.7,96,95.8,95.9,95.9,94.9,96,96,96.4,95.6,95.9,96.2,97.6,95.4,96.5,95.9,95.8,95.5,95.7,94.8,95.9,95.8,96.3,95.3,0.4,0.4,0.5,0.6,1.5,0.4,0,2,2.9,0.6,0.4,0.5,0.4,0.8,1.2,0.6,0,0.4,0.5,0.4,0.3,0.3,2,0.7,0.4,0.4,0.4,0.6,3.1,3.5,2.6,1.5,3.1,3.1,3,4.3,3.1,2.3,3.4,3.7,3.6,6.6,3,0.9,2.6,2.8,3,2.5,2.6,2.9,3.7,5.6,3,3.4,3.8,2.1,60.8,61.9,61.4,62,8.6,7.7,52.1,5.6,8.4,8.1,12.1,23.2,22.2,10.2,32.4,87.3,61.9,87.7,82.3,96.1,69.2,90.3,82.4,79.5,86.6,83,79.4,82.5,76.8,88.6,72.2,91.9,78.8,-2,84.2,83.7,79.6,5.4,9.2,9.3,5.9,0,45.6,7.6,21.4,18.8,26.5,9.2,1287,1278,1599,1200,1257,1240,1266,1416,1456,1262,1460,437,476,573,428,437,440,456,490,478,446,507,850,803,1026,772,820,801,811,926,979,816,953,1274,1205,1586,1228,1282,1258,1269,1449,1235,1276,1446,439,411,568,435,442,442,453,484,446,447,499,835,794,1018,793,840,816,816,965,788,828,948,18.9,16.8,25,17.8,18.5,18.3,19,21.4,21.1,18.8,22.2,18.7,20.5,26.1,19,19.3,19.4,20.1,20.9,21,19.7,22.3,18.7,15.1,24.5,16.8,17.9,17.4,17.9,21.6,21.6,17.9,22,19,16.3,24.5,18.2,18.6,18.6,19.4,20.9,19.8,19,21.9,18.5,17,24.1,17.4,18.4,17.9,18.3,21.7,21.1,18.3,21.6,18.9,18.8,24.9,18.8,19.2,19.2,19.7,20.3,21.3,19.4,22,17.8,15.6,23.8,16.2,17.7,16.9,17,21.9,20.9,17.4,21.3,18.9,17.2,23.5,17.9,18.5,18.3,18.9,21.9,22,18.7,21.3
'20,95.3,91.8,4.7,1.1,90.7,3.5,97.2,93.5,2.8,0,93.5,3.6,100,95.5,0,0,95.5,4.5,91.9,87.8,8.1,0.9,86.9,4.1,89.6,85.4,10.4,0.8,84.6,4.2,88.7,84.7,11.3,1.1,83.6,4,92.8,89.6,7.2,0.8,88.8,3.2,90.5,86,9.5,0.9,85.2,4.5,89.1,82.8,10.9,1.6,81.3,6.3,74.6,66,25.4,0.4,65.6,8.6,91,86.1,9,1,85.1,4.9,89.7,83.9,10.3,1.1,82.8,5.8,85.3,74,14.7,0.8,73.1,11.4,96,93.4,4,1.2,92.2,2.7,94.8,92.5,5.2,0.6,91.9,2.3,96.8,92.5,3.2,0.2,92.3,4.3,95.8,89.6,4.2,0,89.6,6.3,91.8,87.5,8.2,1,86.5,4.2,88.5,83.3,11.5,0.9,82.3,5.2,88.8,84.4,11.2,1.1,83.3,4.4,92.8,89.4,7.2,0.8,88.7,3.3,90.6,86,9.4,0.9,85,4.6,86.9,77.4,13.1,11.9,65.5,9.5,75.8,70,24.2,1.2,68.9,5.8,90.8,85.7,9.2,1.2,84.5,5.1,88,80.7,12,1.1,79.7,7.3,84.2,74.7,15.8,0.7,74,9.5,95.9,93,4.1,1.1,91.9,2.9,18.7,29.8,22.9,18.5,23.2,50.9,22.8,38.4,31.8,35.4,26.3,11.8,21.5,14.2,13.5,16.2,39,14.9,26.8,25.2,24.8,17.8,4.2,6.9,7.7,4.1,5.6,23.1,5.4,13.2,9.3,12,7.3,10.1,16.6,13.9,9.9,12.7,34.8,12.5,23.5,21.5,22.1,15.2,3.9,7.3,7.8,3.9,5.6,25.2,5.5,14.4,15,12.5,7.6,28.8,42,47,26,54.5,66,34.4,54.6,50,61.7,44.2,18.1,37.2,38.4,22.2,56.5,54.4,25.2,50.8,48.1,58.2,37.7,19.1,36.3,44.8,18.9,37.5,66.9,27.2,48.6,80,55.6,40.8,17.5,31.5,39.3,22.6,44.4,54.2,24.1,39.4,47.8,51.8,35.1,22.9,35.9,48.7,25.5,62.5,60.2,28.6,44.4,37.5,58.7,42.6,25,18.5,21.3,34,19.7,38.4,50.1,32,28.3,21.7,17.6,17.2,13.6,14.3,23.8,13.4,29.3,38,23,20.8,13.7,11.7,6.3,4,4.4,10.6,6.3,11.6,23.4,6,6.2,6.4,3.4,7,4,4.6,12.6,6.3,14.9,26.7,10,6.9,7.2,3.2,14,9.7,11.1,21,12.6,23.6,33.9,20,15,13,9.1,43.7,27.3,33.7,60.2,60,52.2,67.3,50,41.3,46.8,27.7,37.4,23.1,24.6,57.3,52.9,46.5,60.5,52.2,36.4,38.9,17.8,43.2,23.2,30.2,56.7,25,51.5,61,50,40,46.2,22.7,45.3,28.1,33.2,57.2,12.5,44,58.7,50,39.8,50.4,26.7,35.3,21.9,22.6,52.4,56.3,40.3,56.7,60,31.7,39.4,17,77.9,68.2,76.9,83,65.2,83.2,76.6,82.1,75.8,80.1,74.1,48,57.6,66.7,43.6,2.4,31.3,8.5,0.1,0.6,0.1,0.7,22.3,21.4,25,3.5,0.9,21.5,65,69,54,75,69,56,75,77,61,54,61,41,61,66,48,79,78,69,77,78,67,81,77,71,67,64,52,63,75,55,19,21,8,56,61,43,30,17,9,42,52,28,72,66,56,83,56,50,76,63,57,60,55,42,68,63,51,84,77,71,81,77,70,87,78,75,74,61,54,71,72,59,23,19,10,63,57,45,36,12,8,47,44,28,95.6,96.2,97.6,96.4,96,95.4,96.1,95,95.1,94.3,95.5,95.6,96.5,94.8,95.4,96.1,97.4,96,95.9,95.2,95.9,94.7,94.9,94.1,95.4,95.4,96.4,94.4,3,5.3,0.4,0,0.4,4,1.3,0,0.3,0.2,4.3,0.6,1,21.7,0.2,0,1,2.2,0.5,3.3,0.4,3,0.6,19.9,3.9,1.2,0.6,0.3,2.9,3.5,2.2,0.9,3,3.5,2.7,1,1.2,1.2,3.2,4,2.9,4,1.9,1,2,2.7,3.2,3.5,2.4,3.2,2.2,4.3,3,3.4,4.3,1.2,54.6,69.3,55.7,63.5,9.5,23.8,46.9,8.7,18.2,12.4,24.4,34.9,35.1,21.1,41.3,70.8,63.6,74.2,62.8,81.8,78.7,72.3,60.3,61.6,71.7,66.6,56,69.8,59.4,68.8,61.7,84.2,59.8,75,57.1,74.6,64.6,8.6,19.4,24.2,9.5,29.7,47.3,12.7,35.7,21.4,41.3,21.6,1285,1387,1576,1255,1366,1303,1391,1514,1528,1377,1550,438,481,560,436,463,451,489,522,530,475,532,847,906,1017,820,903,853,901,992,998,902,1018,1289,1441,1562,1263,1376,1314,1397,1506,1385,1385,1549,444,499,558,444,471,459,495,521,478,482,533,846,942,1004,819,905,855,902,985,907,904,1016,17.6,21.6,24.2,17.9,19.9,18.6,20.5,22.7,23.2,20.2,23.3,18.5,21.1,25.4,18.8,20.2,19.5,21.5,23,23.8,20.8,23.4,16.9,21.8,23.5,17,19.6,17.8,19.6,22.5,22.6,19.6,23.1,17.8,21.3,24.2,18.2,19.9,18.9,21,22.6,23.6,20.4,23.2,17.9,19.6,24,17.6,19.9,18.4,20.3,22.4,19.5,20.1,23.2,18.5,21.5,25.3,18.6,20.2,19.3,21.3,22.7,20.3,20.7,23.3,17.3,17.9,23.3,16.7,19.6,17.6,19.4,22.2,18.7,19.5,23.1,18.1,20.6,23.7,18,19.6,18.6,20.8,21.9,19.8,20.1,23
