Region Code,TEA Region,gender,ethnicity,economic_status,enrolled_8th,enrolled_9th,enrolled_9th_percent,enrolled_10th,enrolled_10th_percent,lessthan_10th_enrolled,lessthan_10th_enrolled_percent,graduated,graduated_percent,enrolled_4yr,enrolled_4yr_percent,enrolled_2yr,enrolled_2yr_percent,enrolled_out_of_state,enrolled_out_of_state_per,total_enrolled,total_enrolled_percent,enrolled_wo_record,enrolled_wo_record_per,total_degrees,total_degrees_percent
,,Female,African American,,22538,21331,94.64%,19040,84.48%,1881,8.35%,17910,79.47%,5883,26.10%,7266,32.24%,,,13149,58.34%,647,2.87%,4914,21.80%
,,Female,Hispanic,,84331,80517,95.48%,71775,85.11%,7255,8.60%,68719,81.49%,15392,18.25%,28349,33.62%,,,43741,51.87%,1570,1.86%,19902,23.60%
,,Female,White,,55975,53263,95.15%,49949,89.23%,1867,3.34%,46562,83.18%,17084,30.52%,18851,33.68%,,,35935,64.20%,1976,3.53%,21166,37.81%
,,Female,Others,,9892,9441,95.44%,8964,90.62%,260,2.63%,8541,86.34%,3872,39.14%,2636,26.65%,,,6508,65.79%,252,2.55%,4374,44.22%
,,Male,African American,,23750,22210,93.52%,18559,78.14%,3278,13.80%,17512,73.73%,4299,18.10%,6627,27.90%,,,10926,46.00%,573,2.41%,2905,12.23%
,,Male,Hispanic,,87942,83618,95.08%,70663,80.35%,11613,13.21%,67324,76.56%,11817,13.44%,25113,28.56%,,,36930,41.99%,1333,1.52%,13565,15.42%
,,Male,White,,59800,56658,94.75%,51801,86.62%,3465,5.79%,48395,80.93%,14251,23.83%,18128,30.31%,,,32379,54.15%,1673,2.80%,16294,27.25%
,,Male,Others,,10016,9520,95.05%,8884,88.70%,431,4.30%,8430,84.17%,3389,33.84%,2686,26.82%,,,6075,60.65%,245,2.45%,3538,35.32%
,,,,Not Economically Disadvantaged,154895,148123,95.63%,138939,89.70%,6228,4.02%,133016,85.87%,48833,31.53%,51833,33.46%,,,100666,64.99%,4513,2.91%,55871,36.07%
,,,,Economically Disadvantaged,199349,188435,94.53%,160696,80.61%,23822,11.95%,150377,75.43%,27154,13.62%,57823,29.01%,,,84977,42.63%,3756,1.88%,30787,15.44%
1.0,Edinburg,,,,28640,27409,95.70%,23251,81.18%,3712,12.96%,23425,81.79%,7015,24.49%,8575,29.94%,,,15590,54.43%,418,1.46%,7150,24.97%
2.0,Corpus Christi,,,,7646,7240,94.69%,6385,83.51%,726,9.50%,5982,78.24%,1621,21.20%,2203,28.81%,,,3824,50.01%,155,2.03%,1606,21.00%
3.0,Victoria,,,,3802,3655,96.13%,3233,85.03%,338,8.89%,3056,80.38%,621,16.33%,1389,36.53%,,,2010,52.87%,76,2.00%,1017,26.75%
4.0,Houston,,,,78374,74835,95.48%,66458,84.80%,6707,8.56%,62604,79.88%,16768,21.39%,25154,32.09%,,,41922,53.49%,1997,2.55%,19684,25.12%
5.0,Beaumont,,,,5948,5697,95.78%,5136,86.35%,370,6.22%,4602,77.37%,1328,22.33%,1632,27.44%,,,2960,49.76%,158,2.66%,1369,23.02%
6.0,Huntsville,,,,12539,11911,94.99%,10525,83.94%,1123,8.96%,9973,79.54%,2453,19.56%,3721,29.68%,,,6174,49.24%,315,2.51%,2999,23.92%
7.0,Kilgore,,,,12173,11597,95.27%,10715,88.02%,640,5.26%,9786,80.39%,1884,15.48%,4315,35.45%,,,6199,50.92%,276,2.27%,2901,23.83%
8.0,Mt. Pleasant,,,,4161,3925,94.33%,3587,86.21%,247,5.94%,3331,80.05%,548,13.17%,1586,38.12%,,,2134,51.29%,105,2.52%,994,23.89%
9.0,Wichita Falls,,,,2806,2645,94.26%,2465,87.85%,136,4.85%,2316,82.54%,648,23.09%,748,26.66%,,,1396,49.75%,58,2.07%,667,23.77%
10.0,Richardson,,,,54234,51211,94.43%,46487,85.72%,4186,7.72%,43945,81.03%,11204,20.66%,16937,31.23%,,,28141,51.89%,1244,2.29%,12856,23.70%
11.0,Fort Worth,,,,39433,37564,95.26%,33563,85.11%,3245,8.23%,31878,80.84%,8583,21.77%,12430,31.52%,,,21013,53.29%,986,2.50%,9860,25.00%
12.0,Waco,,,,10965,10196,92.99%,8922,81.37%,922,8.41%,8465,77.20%,1843,16.81%,4039,36.84%,,,5882,53.64%,322,2.94%,2695,24.58%
13.0,Austin,,,,26936,25746,95.58%,23412,86.92%,1783,6.62%,22073,81.95%,7141,26.51%,6864,25.48%,,,14005,51.99%,614,2.28%,7134,26.49%
14.0,Abilene,,,,3545,3290,92.81%,2934,82.76%,266,7.50%,2681,75.63%,875,24.68%,934,26.35%,,,1809,51.03%,97,2.74%,902,25.44%
15.0,San Angelo,,,,3420,3259,95.29%,3039,88.86%,172,5.03%,2811,82.19%,960,28.07%,813,23.77%,,,1773,51.84%,42,1.23%,892,26.08%
16.0,Amarillo,,,,6001,5647,94.10%,5219,86.97%,368,6.13%,4784,79.72%,1154,19.23%,1977,32.94%,,,3131,52.17%,126,2.10%,1476,24.60%
17.0,Lubbock,,,,5710,5436,95.20%,5047,88.39%,283,4.96%,4623,80.96%,1136,19.89%,1772,31.03%,,,2908,50.93%,101,1.77%,1265,22.15%
18.0,Midland,,,,5510,5198,94.34%,4632,84.07%,425,7.71%,4057,73.63%,979,17.77%,1696,30.78%,,,2675,48.55%,151,2.74%,1158,21.02%
19.0,El Paso,,,,13379,12635,94.44%,10757,80.40%,1532,11.45%,10517,78.61%,3353,25.06%,4123,30.82%,,,7476,55.88%,314,2.35%,2911,21.76%
20.0,San Antonio,,,,29022,27462,94.62%,23868,82.24%,2869,9.89%,22484,77.47%,5873,20.24%,8748,30.14%,,,14621,50.38%,714,2.46%,7122,24.54%
,,,,,354244,336558,95.01%,299635,84.58%,30050,8.48%,283393,80.00%,75987,21.45%,109656,30.95%,,,185643,52.41%,8269,2.33%,86658,24.46%
,,Female,,,172736,164552,95.26%,149728,86.68%,11263,6.52%,141732,82.05%,42231,24.45%,57102,33.06%,,,99333,57.51%,4445,2.57%,50356,29.15%
,,Male,,,181508,172006,94.76%,149907,82.59%,18787,10.35%,141661,78.05%,33756,18.60%,52554,28.95%,,,86310,47.55%,3824,2.11%,36302,20.00%
1.0,Edinburg,,,Not Economically Disadvantaged,4384,4215,96.15%,3917,89.35%,242,5.52%,3904,89.05%,1931,44.05%,1315,30.00%,,,3246,74.04%,84,1.92%,1844,42.06%
1.0,Edinburg,,,Economically Disadvantaged,24256,23194,95.62%,19334,79.71%,3470,14.31%,19521,80.48%,5084,20.96%,7260,29.93%,,,12344,50.89%,334,1.38%,5306,21.88%
2.0,Corpus Christi,,,Not Economically Disadvantaged,2802,2669,95.25%,2485,88.69%,133,4.75%,2412,86.08%,978,34.90%,924,32.98%,,,1902,67.88%,78,2.78%,987,35.22%
2.0,Corpus Christi,,,Economically Disadvantaged,4844,4571,94.36%,3900,80.51%,593,12.24%,3570,73.70%,643,13.27%,1279,26.40%,,,1922,39.68%,77,1.59%,619,12.78%
3.0,Victoria,,,Not Economically Disadvantaged,1589,1539,96.85%,1457,91.69%,61,3.84%,1392,87.60%,437,27.50%,716,45.06%,,,1153,72.56%,44,2.77%,709,44.62%
3.0,Victoria,,,Economically Disadvantaged,2213,2116,95.62%,1776,80.25%,277,12.52%,1664,75.19%,184,8.31%,673,30.41%,,,857,38.73%,32,1.45%,308,13.92%
4.0,Houston,,,Not Economically Disadvantaged,37112,35482,95.61%,32954,88.80%,1804,4.86%,31593,85.13%,10989,29.61%,12803,34.50%,,,23792,64.11%,1150,3.10%,13122,35.36%
4.0,Houston,,,Economically Disadvantaged,41262,39353,95.37%,33504,81.20%,4903,11.88%,31011,75.16%,5779,14.01%,12351,29.93%,,,18130,43.94%,847,2.05%,6562,15.90%
5.0,Beaumont,,,Not Economically Disadvantaged,2746,2651,96.54%,2506,91.26%,79,2.88%,2347,85.47%,890,32.41%,836,30.44%,,,1726,62.86%,77,2.80%,949,34.56%
5.0,Beaumont,,,Economically Disadvantaged,3202,3046,95.13%,2630,82.14%,291,9.09%,2255,70.42%,438,13.68%,796,24.86%,,,1234,38.54%,81,2.53%,420,13.12%
6.0,Huntsville,,,Not Economically Disadvantaged,6600,6317,95.71%,5924,89.76%,256,3.88%,5632,85.33%,1910,28.94%,2191,33.20%,,,4101,62.14%,209,3.17%,2341,35.47%
6.0,Huntsville,,,Economically Disadvantaged,5939,5594,94.19%,4601,77.47%,867,14.60%,4341,73.09%,543,9.14%,1530,25.76%,,,2073,34.90%,106,1.78%,658,11.08%
7.0,Kilgore,,,Not Economically Disadvantaged,5243,5053,96.38%,4831,92.14%,132,2.52%,4510,86.02%,1287,24.55%,2152,41.05%,,,3439,65.59%,134,2.56%,1909,36.41%
7.0,Kilgore,,,Economically Disadvantaged,6930,6544,94.43%,5884,84.91%,508,7.33%,5276,76.13%,597,8.61%,2163,31.21%,,,2760,39.83%,142,2.05%,992,14.31%
8.0,Mt. Pleasant,,,Not Economically Disadvantaged,1735,1674,96.48%,1602,92.33%,47,2.71%,1514,87.26%,369,21.27%,745,42.94%,,,1114,64.21%,43,2.48%,587,33.83%
8.0,Mt. Pleasant,,,Economically Disadvantaged,2426,2251,92.79%,1985,81.82%,200,8.24%,1817,74.90%,179,7.38%,841,34.67%,,,1020,42.04%,62,2.56%,407,16.78%
9.0,Wichita Falls,,,Not Economically Disadvantaged,1370,1316,96.06%,1263,92.19%,20,1.46%,1217,88.83%,483,35.26%,424,30.95%,,,907,66.20%,31,2.26%,486,35.47%
9.0,Wichita Falls,,,Economically Disadvantaged,1436,1329,92.55%,1202,83.70%,116,8.08%,1099,76.53%,165,11.49%,324,22.56%,,,489,34.05%,27,1.88%,181,12.60%
10.0,Richardson,,,Not Economically Disadvantaged,24932,23812,95.51%,22485,90.19%,910,3.65%,21530,86.35%,7526,30.19%,8535,34.23%,,,16061,64.42%,792,3.18%,8778,35.21%
10.0,Richardson,,,Economically Disadvantaged,29302,27399,93.51%,24002,81.91%,3276,11.18%,22415,76.50%,3678,12.55%,8402,28.67%,,,12080,41.23%,452,1.54%,4078,13.92%
11.0,Fort Worth,,,Not Economically Disadvantaged,21880,21023,96.08%,19688,89.98%,944,4.31%,18862,86.21%,6534,29.86%,7389,33.77%,,,13923,63.63%,615,2.81%,7425,33.94%
11.0,Fort Worth,,,Economically Disadvantaged,17553,16541,94.23%,13875,79.05%,2301,13.11%,13016,74.15%,2049,11.67%,5041,28.72%,,,7090,40.39%,371,2.11%,2435,13.87%
12.0,Waco,,,Not Economically Disadvantaged,4988,4679,93.81%,4308,86.37%,215,4.31%,4156,83.32%,1313,26.32%,1983,39.76%,,,3296,66.08%,157,3.15%,1826,36.61%
12.0,Waco,,,Economically Disadvantaged,5977,5517,92.30%,4614,77.20%,707,11.83%,4309,72.09%,530,8.87%,2056,34.40%,,,2586,43.27%,165,2.76%,869,14.54%
13.0,Austin,,,Not Economically Disadvantaged,14614,14025,95.97%,13372,91.50%,376,2.57%,12784,87.48%,5590,38.25%,4026,27.55%,,,9616,65.80%,426,2.92%,5689,38.93%
13.0,Austin,,,Economically Disadvantaged,12322,11721,95.12%,10040,81.48%,1407,11.42%,9289,75.39%,1551,12.59%,2838,23.03%,,,4389,35.62%,188,1.53%,1445,11.73%
14.0,Abilene,,,Not Economically Disadvantaged,1628,1535,94.29%,1437,88.27%,63,3.87%,1358,83.42%,607,37.29%,467,28.69%,,,1074,65.97%,46,2.83%,646,39.68%
14.0,Abilene,,,Economically Disadvantaged,1917,1755,91.55%,1497,78.09%,203,10.59%,1323,69.01%,268,13.98%,467,24.36%,,,735,38.34%,51,2.66%,256,13.35%
15.0,San Angelo,,,Not Economically Disadvantaged,1392,1345,96.62%,1287,92.46%,29,2.08%,1242,89.22%,635,45.62%,311,22.34%,,,946,67.96%,17,1.22%,575,41.31%
15.0,San Angelo,,,Economically Disadvantaged,2028,1914,94.38%,1752,86.39%,143,7.05%,1569,77.37%,325,16.03%,502,24.75%,,,827,40.78%,25,1.23%,317,15.63%
16.0,Amarillo,,,Not Economically Disadvantaged,2681,2552,95.19%,2456,91.61%,73,2.72%,2333,87.02%,832,31.03%,939,35.02%,,,1771,66.06%,66,2.46%,956,35.66%
16.0,Amarillo,,,Economically Disadvantaged,3320,3095,93.22%,2763,83.22%,295,8.89%,2451,73.83%,322,9.70%,1038,31.27%,,,1360,40.96%,60,1.81%,520,15.66%
17.0,Lubbock,,,Not Economically Disadvantaged,2393,2302,96.20%,2215,92.56%,47,1.96%,2124,88.76%,839,35.06%,814,34.02%,,,1653,69.08%,58,2.42%,886,37.02%
17.0,Lubbock,,,Economically Disadvantaged,3317,3134,94.48%,2832,85.38%,236,7.11%,2499,75.34%,297,8.95%,958,28.88%,,,1255,37.84%,43,1.30%,379,11.43%
18.0,Midland,,,Not Economically Disadvantaged,2581,2466,95.54%,2316,89.73%,105,4.07%,2138,82.84%,709,27.47%,903,34.99%,,,1612,62.46%,69,2.67%,813,31.50%
18.0,Midland,,,Economically Disadvantaged,2929,2732,93.27%,2316,79.07%,320,10.93%,1919,65.52%,270,9.22%,793,27.07%,,,1063,36.29%,82,2.80%,345,11.78%
19.0,El Paso,,,Not Economically Disadvantaged,3214,2997,93.25%,2741,85.28%,163,5.07%,2662,82.83%,1208,37.59%,937,29.15%,,,2145,66.74%,82,2.55%,1072,33.35%
19.0,El Paso,,,Economically Disadvantaged,10165,9638,94.82%,8016,78.86%,1369,13.47%,7855,77.27%,2145,21.10%,3186,31.34%,,,5331,52.44%,232,2.28%,1839,18.09%
20.0,San Antonio,,,Not Economically Disadvantaged,11011,10471,95.10%,9695,88.05%,529,4.80%,9306,84.52%,3766,34.20%,3423,31.09%,,,7189,65.29%,335,3.04%,4271,38.79%
20.0,San Antonio,,,Economically Disadvantaged,18011,16991,94.34%,14173,78.69%,2340,12.99%,13178,73.17%,2107,11.70%,5325,29.57%,,,7432,41.26%,379,2.10%,2851,15.83%
1.0,Edinburg,Female,Others,,103,92,89.32%,84,81.55%,,,83,80.58%,47,45.63%,16,15.53%,,,63,61.17%,5,4.85%,54,52.43%
1.0,Edinburg,Female,African American,,27,26,96.30%,23,85.19%,,,21,77.78%,12,44.44%,7,25.93%,,,19,70.37%,,,7,25.93%
1.0,Edinburg,Female,Hispanic,,13703,13136,95.86%,11459,83.62%,1448,10.57%,11456,83.60%,3758,27.42%,4272,31.18%,,,8030,58.60%,213,1.55%,4049,29.55%
1.0,Edinburg,Female,White,,235,213,90.64%,189,80.43%,17,7.23%,188,80.00%,80,34.04%,65,27.66%,,,145,61.70%,,,87,37.02%
1.0,Edinburg,Male,Others,,105,98,93.33%,92,87.62%,,,92,87.62%,57,54.29%,21,20.00%,,,78,74.29%,,,51,48.57%
1.0,Edinburg,Male,African American,,20,18,90.00%,16,80.00%,,,16,80.00%,8,40.00%,5,25.00%,,,13,65.00%,,,8,40.00%
1.0,Edinburg,Male,Hispanic,,14182,13583,95.78%,11180,78.83%,2211,15.59%,11362,80.12%,2957,20.85%,4119,29.04%,,,7076,49.89%,185,1.30%,2816,19.86%
1.0,Edinburg,Male,White,,265,243,91.70%,208,78.49%,27,10.19%,207,78.11%,96,36.23%,70,26.42%,,,166,62.64%,7,2.64%,78,29.43%
2.0,Corpus Christi,Female,Others,,83,78,93.98%,73,87.95%,,,74,89.16%,30,36.14%,28,33.73%,,,58,69.88%,,,34,40.96%
2.0,Corpus Christi,Female,African American,,118,112,94.92%,105,88.98%,,,95,80.51%,37,31.36%,33,27.97%,,,70,59.32%,,,26,22.03%
2.0,Corpus Christi,Female,Hispanic,,2762,2622,94.93%,2330,84.36%,259,9.38%,2190,79.29%,562,20.35%,921,33.35%,,,1483,53.69%,65,2.35%,608,22.01%
2.0,Corpus Christi,Female,White,,810,771,95.19%,714,88.15%,32,3.95%,675,83.33%,302,37.28%,224,27.65%,,,526,64.94%,20,2.47%,291,35.93%
2.0,Corpus Christi,Male,Others,,100,92,92.00%,83,83.00%,6,6.00%,86,86.00%,39,39.00%,25,25.00%,,,64,64.00%,,,34,34.00%
2.0,Corpus Christi,Male,African American,,127,116,91.34%,97,76.38%,13,10.24%,92,72.44%,34,26.77%,22,17.32%,,,56,44.09%,6,4.72%,17,13.39%
2.0,Corpus Christi,Male,Hispanic,,2847,2699,94.80%,2313,81.24%,364,12.79%,2156,75.73%,408,14.33%,747,26.24%,,,1155,40.57%,41,1.44%,397,13.94%
2.0,Corpus Christi,Male,White,,799,750,93.87%,670,83.85%,44,5.51%,614,76.85%,209,26.16%,203,25.41%,,,412,51.56%,20,2.50%,199,24.91%
3.0,Victoria,Female,Others,,50,49,98.00%,46,92.00%,,,41,82.00%,16,32.00%,19,38.00%,,,35,70.00%,,,20,40.00%
3.0,Victoria,Female,African American,,195,186,95.38%,172,88.21%,7,3.59%,160,82.05%,32,16.41%,77,39.49%,,,109,55.90%,,,32,16.41%
3.0,Victoria,Female,Hispanic,,961,915,95.21%,806,83.87%,87,9.05%,766,79.71%,110,11.45%,371,38.61%,,,481,50.05%,21,2.19%,208,21.64%
3.0,Victoria,Female,White,,703,678,96.44%,641,91.18%,21,2.99%,599,85.21%,227,32.29%,286,40.68%,,,513,72.97%,23,3.27%,327,46.51%
3.0,Victoria,Male,Others,,35,33,94.29%,31,88.57%,,,28,80.00%,5,14.29%,13,37.14%,,,18,51.43%,,,11,31.43%
3.0,Victoria,Male,African American,,189,180,95.24%,148,78.31%,32,16.93%,155,82.01%,30,15.87%,67,35.45%,,,97,51.32%,,,24,12.70%
3.0,Victoria,Male,Hispanic,,972,943,97.02%,767,78.91%,151,15.53%,715,73.56%,61,6.28%,281,28.91%,,,342,35.19%,15,1.54%,131,13.48%
3.0,Victoria,Male,White,,697,671,96.27%,622,89.24%,38,5.45%,592,84.94%,140,20.09%,275,39.45%,,,415,59.54%,14,2.01%,264,37.88%
4.0,Houston,Female,Others,,3229,3103,96.10%,2988,92.54%,78,2.42%,2909,90.09%,1409,43.64%,853,26.42%,,,2262,70.05%,67,2.07%,1617,50.08%
4.0,Houston,Female,African American,,7682,7320,95.29%,6504,84.67%,655,8.53%,6069,79.00%,2309,30.06%,2392,31.14%,,,4701,61.20%,246,3.20%,1744,22.70%
4.0,Houston,Female,Hispanic,,17348,16662,96.05%,14888,85.82%,1404,8.09%,14073,81.12%,2496,14.39%,6198,35.73%,,,8694,50.12%,323,1.86%,3924,22.62%
4.0,Houston,Female,White,,9992,9529,95.37%,8940,89.47%,332,3.32%,8363,83.70%,3029,30.31%,3569,35.72%,,,6598,66.03%,399,3.99%,4097,41.00%
4.0,Houston,Male,Others,,3291,3160,96.02%,2984,90.67%,127,3.86%,2895,87.97%,1252,38.04%,885,26.89%,,,2137,64.93%,68,2.07%,1333,40.50%
4.0,Houston,Male,African American,,7975,7553,94.71%,6263,78.53%,1080,13.54%,5870,73.61%,1642,20.59%,2169,27.20%,,,3811,47.79%,195,2.45%,1017,12.75%
4.0,Houston,Male,Hispanic,,18198,17432,95.79%,14748,81.04%,2353,12.93%,13802,75.84%,1899,10.44%,5639,30.99%,,,7538,41.42%,294,1.62%,2699,14.83%
4.0,Houston,Male,White,,10659,10076,94.53%,9143,85.78%,678,6.36%,8623,80.90%,2732,25.63%,3449,32.36%,,,6181,57.99%,405,3.80%,3253,30.52%
5.0,Beaumont,Female,Others,,137,134,97.81%,127,92.70%,,,114,83.21%,65,47.45%,28,20.44%,,,93,67.88%,6,4.38%,63,45.99%
5.0,Beaumont,Female,African American,,784,761,97.07%,680,86.73%,70,8.93%,615,78.44%,156,19.90%,241,30.74%,,,397,50.64%,17,2.17%,134,17.09%
5.0,Beaumont,Female,Hispanic,,406,389,95.81%,358,88.18%,10,2.46%,311,76.60%,68,16.75%,113,27.83%,,,181,44.58%,7,1.72%,88,21.67%
5.0,Beaumont,Female,White,,1600,1532,95.75%,1424,89.00%,49,3.06%,1275,79.69%,462,28.88%,497,31.06%,,,959,59.94%,62,3.88%,500,31.25%
5.0,Beaumont,Male,Others,,157,144,91.72%,133,84.71%,7,4.46%,123,78.34%,49,31.21%,52,33.12%,,,101,64.33%,5,3.18%,58,36.94%
5.0,Beaumont,Male,African American,,754,721,95.62%,608,80.64%,87,11.54%,527,69.89%,108,14.32%,185,24.54%,,,293,38.86%,19,2.52%,82,10.88%
5.0,Beaumont,Male,Hispanic,,461,444,96.31%,395,85.68%,28,6.07%,337,73.10%,63,13.67%,112,24.30%,,,175,37.96%,10,2.17%,77,16.70%
5.0,Beaumont,Male,White,,1649,1572,95.33%,1411,85.57%,115,6.97%,1300,78.84%,357,21.65%,404,24.50%,,,761,46.15%,32,1.94%,367,22.26%
6.0,Huntsville,Female,Others,,260,247,95.00%,235,90.38%,,,206,79.23%,73,28.08%,74,28.46%,,,147,56.54%,13,5.00%,90,34.62%
6.0,Huntsville,Female,African American,,680,653,96.03%,577,84.85%,70,10.29%,555,81.62%,135,19.85%,217,31.91%,,,352,51.76%,12,1.76%,134,19.71%
6.0,Huntsville,Female,Hispanic,,1735,1641,94.58%,1449,83.52%,164,9.45%,1409,81.21%,226,13.03%,559,32.22%,,,785,45.24%,31,1.79%,343,19.77%
6.0,Huntsville,Female,White,,3411,3240,94.99%,2988,87.60%,160,4.69%,2748,80.56%,940,27.56%,1141,33.45%,,,2081,61.01%,138,4.05%,1173,34.39%
6.0,Huntsville,Male,Others,,240,224,93.33%,211,87.92%,10,4.17%,198,82.50%,67,27.92%,65,27.08%,,,132,55.00%,10,4.17%,68,28.33%
6.0,Huntsville,Male,African American,,736,699,94.97%,551,74.86%,136,18.48%,548,74.46%,99,13.45%,196,26.63%,,,295,40.08%,10,1.36%,70,9.51%
6.0,Huntsville,Male,Hispanic,,1806,1719,95.18%,1382,76.52%,310,17.17%,1376,76.19%,147,8.14%,445,24.64%,,,592,32.78%,19,1.05%,233,12.90%
6.0,Huntsville,Male,White,,3671,3488,95.01%,3132,85.32%,269,7.33%,2933,79.90%,766,20.87%,1024,27.89%,,,1790,48.76%,82,2.23%,888,24.19%
7.0,Kilgore,Female,Others,,162,154,95.06%,144,88.89%,,,133,82.10%,45,27.78%,58,35.80%,,,103,63.58%,5,3.09%,61,37.65%
7.0,Kilgore,Female,African American,,1113,1074,96.50%,1005,90.30%,62,5.57%,924,83.02%,193,17.34%,469,42.14%,,,662,59.48%,27,2.43%,236,21.20%
7.0,Kilgore,Female,Hispanic,,1287,1220,94.79%,1140,88.58%,58,4.51%,1058,82.21%,97,7.54%,463,35.98%,,,560,43.51%,25,1.94%,294,22.84%
7.0,Kilgore,Female,White,,3313,3167,95.59%,2989,90.22%,83,2.51%,2692,81.26%,710,21.43%,1319,39.81%,,,2029,61.24%,105,3.17%,1086,32.78%
7.0,Kilgore,Male,Others,,171,160,93.57%,146,85.38%,8,4.68%,124,72.51%,41,23.98%,42,24.56%,,,83,48.54%,,,41,23.98%
7.0,Kilgore,Male,African American,,1159,1107,95.51%,979,84.47%,126,10.87%,916,79.03%,169,14.58%,389,33.56%,,,558,48.14%,17,1.47%,139,11.99%
7.0,Kilgore,Male,Hispanic,,1436,1353,94.22%,1214,84.54%,128,8.91%,1126,78.41%,103,7.17%,419,29.18%,,,522,36.35%,22,1.53%,235,16.36%
7.0,Kilgore,Male,White,,3532,3362,95.19%,3098,87.71%,171,4.84%,2813,79.64%,526,14.89%,1156,32.73%,,,1682,47.62%,72,2.04%,809,22.90%
8.0,Mt. Pleasant,Female,Others,,73,69,94.52%,64,87.67%,,,58,79.45%,10,13.70%,31,42.47%,,,41,56.16%,,,18,24.66%
8.0,Mt. Pleasant,Female,African American,,434,413,95.16%,382,88.02%,29,6.68%,355,81.80%,75,17.28%,190,43.78%,,,265,61.06%,11,2.53%,83,19.12%
8.0,Mt. Pleasant,Female,Hispanic,,343,327,95.34%,300,87.46%,22,6.41%,287,83.67%,19,5.54%,153,44.61%,,,172,50.15%,5,1.46%,94,27.41%
8.0,Mt. Pleasant,Female,White,,1164,1103,94.76%,1034,88.83%,28,2.41%,950,81.62%,229,19.67%,508,43.64%,,,737,63.32%,45,3.87%,398,34.19%
8.0,Mt. Pleasant,Male,Others,,81,74,91.36%,67,82.72%,,,62,76.54%,13,16.05%,24,29.63%,,,37,45.68%,,,18,22.22%
8.0,Mt. Pleasant,Male,African American,,412,386,93.69%,329,79.85%,55,13.35%,315,76.46%,38,9.22%,114,27.67%,,,152,36.89%,,,45,10.92%
8.0,Mt. Pleasant,Male,Hispanic,,373,355,95.17%,310,83.11%,31,8.31%,303,81.23%,18,4.83%,126,33.78%,,,144,38.61%,6,1.61%,62,16.62%
8.0,Mt. Pleasant,Male,White,,1281,1198,93.52%,1101,85.95%,78,6.09%,1001,78.14%,146,11.40%,440,34.35%,,,586,45.75%,33,2.58%,276,21.55%
9.0,Wichita Falls,Female,Others,,79,72,91.14%,67,84.81%,,,61,77.22%,19,24.05%,20,25.32%,,,39,49.37%,,,21,26.58%
9.0,Wichita Falls,Female,African American,,103,94,91.26%,81,78.64%,7,6.80%,79,76.70%,16,15.53%,27,26.21%,,,43,41.75%,,,14,13.59%
9.0,Wichita Falls,Female,Hispanic,,344,325,94.48%,298,86.63%,20,5.81%,289,84.01%,52,15.12%,106,30.81%,,,158,45.93%,,,70,20.35%
9.0,Wichita Falls,Female,White,,887,845,95.26%,817,92.11%,19,2.14%,758,85.46%,271,30.55%,288,32.47%,,,559,63.02%,26,2.93%,295,33.26%
9.0,Wichita Falls,Male,Others,,57,53,92.98%,42,73.68%,6,10.53%,43,75.44%,9,15.79%,11,19.30%,,,20,35.09%,,,8,14.04%
9.0,Wichita Falls,Male,African American,,129,118,91.47%,108,83.72%,12,9.30%,106,82.17%,17,13.18%,30,23.26%,,,47,36.43%,,,11,8.53%
9.0,Wichita Falls,Male,Hispanic,,308,294,95.45%,256,83.12%,34,11.04%,244,79.22%,45,14.61%,58,18.83%,,,103,33.44%,6,1.95%,36,11.69%
9.0,Wichita Falls,Male,White,,899,844,93.88%,796,88.54%,36,4.00%,736,81.87%,219,24.36%,208,23.14%,,,427,47.50%,17,1.89%,212,23.58%
10.0,Richardson,Female,Others,,2111,2009,95.17%,1941,91.95%,49,2.32%,1839,87.12%,843,39.93%,533,25.25%,,,1376,65.18%,64,3.03%,947,44.86%
10.0,Richardson,Female,African American,,5076,4801,94.58%,4355,85.80%,384,7.57%,4110,80.97%,1403,27.64%,1597,31.46%,,,3000,59.10%,142,2.80%,1136,22.38%
10.0,Richardson,Female,Hispanic,,10295,9746,94.67%,8855,86.01%,814,7.91%,8521,82.77%,1385,13.45%,3451,33.52%,,,4836,46.97%,131,1.27%,2087,20.27%
10.0,Richardson,Female,White,,8796,8378,95.25%,7982,90.75%,225,2.56%,7497,85.23%,2626,29.85%,3034,34.49%,,,5660,64.35%,297,3.38%,3291,37.41%
10.0,Richardson,Male,Others,,2158,2061,95.51%,1945,90.13%,84,3.89%,1829,84.75%,741,34.34%,571,26.46%,,,1312,60.80%,59,2.73%,803,37.21%
10.0,Richardson,Male,African American,,5373,4942,91.98%,4253,79.16%,708,13.18%,3984,74.15%,1030,19.17%,1548,28.81%,,,2578,47.98%,148,2.75%,681,12.67%
10.0,Richardson,Male,Hispanic,,10917,10188,93.32%,8777,80.40%,1417,12.98%,8292,75.95%,980,8.98%,3023,27.69%,,,4003,36.67%,119,1.09%,1294,11.85%
10.0,Richardson,Male,White,,9508,9086,95.56%,8379,88.13%,505,5.31%,7873,82.80%,2196,23.10%,3180,33.45%,,,5376,56.54%,284,2.99%,2617,27.52%
11.0,Fort Worth,Female,Others,,1400,1349,96.36%,1274,91.00%,44,3.14%,1216,86.86%,530,37.86%,384,27.43%,,,914,65.29%,34,2.43%,581,41.50%
11.0,Fort Worth,Female,African American,,2616,2448,93.58%,2138,81.73%,250,9.56%,2075,79.32%,684,26.15%,859,32.84%,,,1543,58.98%,73,2.79%,583,22.29%
11.0,Fort Worth,Female,Hispanic,,5977,5718,95.67%,5034,84.22%,583,9.75%,4899,81.96%,906,15.16%,1990,33.29%,,,2896,48.45%,109,1.82%,1263,21.13%
11.0,Fort Worth,Female,White,,9077,8704,95.89%,8157,89.86%,344,3.79%,7642,84.19%,2677,29.49%,3150,34.70%,,,5827,64.20%,316,3.48%,3353,36.94%
11.0,Fort Worth,Male,Others,,1466,1404,95.77%,1320,90.04%,64,4.37%,1238,84.45%,467,31.86%,421,28.72%,,,888,60.57%,32,2.18%,464,31.65%
11.0,Fort Worth,Male,African American,,2900,2710,93.45%,2196,75.72%,465,16.03%,2132,73.52%,492,16.97%,843,29.07%,,,1335,46.03%,86,2.97%,361,12.45%
11.0,Fort Worth,Male,Hispanic,,6282,5987,95.30%,4988,79.40%,896,14.26%,4758,75.74%,649,10.33%,1757,27.97%,,,2406,38.30%,76,1.21%,806,12.83%
11.0,Fort Worth,Male,White,,9715,9244,95.15%,8456,87.04%,599,6.17%,7918,81.50%,2178,22.42%,3026,31.15%,,,5204,53.57%,260,2.68%,2449,25.21%
12.0,Waco,Female,Others,,319,294,92.16%,254,79.62%,19,5.96%,254,79.62%,69,21.63%,135,42.32%,,,204,63.95%,10,3.13%,96,30.09%
12.0,Waco,Female,African American,,1039,953,91.72%,824,79.31%,104,10.01%,788,75.84%,182,17.52%,409,39.36%,,,591,56.88%,39,3.75%,215,20.69%
12.0,Waco,Female,Hispanic,,1586,1496,94.33%,1316,82.98%,130,8.20%,1256,79.19%,202,12.74%,645,40.67%,,,847,53.40%,40,2.52%,359,22.64%
12.0,Waco,Female,White,,2428,2281,93.95%,2085,85.87%,99,4.08%,1930,79.49%,568,23.39%,993,40.90%,,,1561,64.29%,90,3.71%,870,35.83%
12.0,Waco,Male,Others,,292,260,89.04%,219,75.00%,30,10.27%,213,72.95%,60,20.55%,97,33.22%,,,157,53.77%,14,4.79%,72,24.66%
12.0,Waco,Male,African American,,1110,1015,91.44%,789,71.08%,197,17.75%,786,70.81%,144,12.97%,347,31.26%,,,491,44.23%,27,2.43%,139,12.52%
12.0,Waco,Male,Hispanic,,1614,1512,93.68%,1297,80.36%,179,11.09%,1214,75.22%,161,9.98%,527,32.65%,,,688,42.63%,33,2.04%,274,16.98%
12.0,Waco,Male,White,,2577,2385,92.55%,2138,82.96%,164,6.36%,2024,78.54%,457,17.73%,886,34.38%,,,1343,52.11%,69,2.68%,670,26.00%
13.0,Austin,Female,Others,,859,826,96.16%,790,91.97%,10,1.16%,737,85.80%,364,42.37%,174,20.26%,,,538,62.63%,17,1.98%,385,44.82%
13.0,Austin,Female,African American,,1090,1026,94.13%,917,84.13%,89,8.17%,885,81.19%,300,27.52%,292,26.79%,,,592,54.31%,26,2.39%,250,22.94%
13.0,Austin,Female,Hispanic,,5612,5366,95.62%,4828,86.03%,448,7.98%,4603,82.02%,1030,18.35%,1499,26.71%,,,2529,45.06%,94,1.67%,1098,19.57%
13.0,Austin,Female,White,,5509,5266,95.59%,4944,89.74%,172,3.12%,4694,85.21%,2196,39.86%,1419,25.76%,,,3615,65.62%,182,3.30%,2323,42.17%
13.0,Austin,Male,Others,,854,815,95.43%,776,90.87%,23,2.69%,740,86.65%,323,37.82%,207,24.24%,,,530,62.06%,22,2.58%,304,35.60%
13.0,Austin,Male,African American,,1145,1084,94.67%,950,82.97%,113,9.87%,877,76.59%,223,19.48%,288,25.15%,,,511,44.63%,26,2.27%,140,12.23%
13.0,Austin,Male,Hispanic,,5879,5626,95.70%,4869,82.82%,647,11.01%,4546,77.33%,838,14.25%,1387,23.59%,,,2225,37.85%,82,1.39%,798,13.57%
13.0,Austin,Male,White,,5988,5737,95.81%,5338,89.14%,281,4.69%,4991,83.35%,1867,31.18%,1598,26.69%,,,3465,57.87%,165,2.76%,1836,30.66%
14.0,Abilene,Female,Others,,74,70,94.59%,65,87.84%,,,63,85.14%,28,37.84%,22,29.73%,,,50,67.57%,,,27,36.49%
14.0,Abilene,Female,African American,,101,91,90.10%,74,73.27%,13,12.87%,75,74.26%,24,23.76%,21,20.79%,,,45,44.55%,,,21,20.79%
14.0,Abilene,Female,Hispanic,,615,562,91.38%,485,78.86%,72,11.71%,450,73.17%,118,19.19%,162,26.34%,,,280,45.53%,20,3.25%,123,20.00%
14.0,Abilene,Female,White,,996,937,94.08%,876,87.95%,38,3.82%,798,80.12%,303,30.42%,274,27.51%,,,577,57.93%,30,3.01%,328,32.93%
14.0,Abilene,Male,Others,,63,59,93.65%,57,90.48%,,,47,74.60%,14,22.22%,18,28.57%,,,32,50.79%,,,16,25.40%
14.0,Abilene,Male,African American,,122,107,87.70%,89,72.95%,13,10.66%,85,69.67%,19,15.57%,22,18.03%,,,41,33.61%,,,16,13.11%
14.0,Abilene,Male,Hispanic,,572,530,92.66%,454,79.37%,64,11.19%,406,70.98%,82,14.34%,153,26.75%,,,235,41.08%,11,1.92%,91,15.91%
14.0,Abilene,Male,White,,1002,934,93.21%,834,83.23%,62,6.19%,757,75.55%,287,28.64%,262,26.15%,,,549,54.79%,32,3.19%,280,27.94%
15.0,San Angelo,Female,Others,,36,32,88.89%,26,72.22%,,,25,69.44%,14,38.89%,6,16.67%,,,20,55.56%,,,12,33.33%
15.0,San Angelo,Female,African American,,44,41,93.18%,38,86.36%,,,38,86.36%,12,27.27%,11,25.00%,,,23,52.27%,,,12,27.27%
15.0,San Angelo,Female,Hispanic,,903,868,96.12%,821,90.92%,42,4.65%,757,83.83%,216,23.92%,274,30.34%,,,490,54.26%,12,1.33%,228,25.25%
15.0,San Angelo,Female,White,,675,642,95.11%,610,90.37%,13,1.93%,582,86.22%,282,41.78%,145,21.48%,,,427,63.26%,8,1.19%,255,37.78%
15.0,San Angelo,Male,Others,,32,31,96.88%,29,90.63%,,,27,84.38%,9,28.13%,9,28.13%,,,18,56.25%,,,8,25.00%
15.0,San Angelo,Male,African American,,41,39,95.12%,35,85.37%,,,32,78.05%,5,12.20%,9,21.95%,,,14,34.15%,,,,
15.0,San Angelo,Male,Hispanic,,963,918,95.33%,840,87.23%,76,7.89%,757,78.61%,160,16.61%,251,26.06%,,,411,42.68%,11,1.14%,166,17.24%
15.0,San Angelo,Male,White,,726,688,94.77%,640,88.15%,35,4.82%,593,81.68%,262,36.09%,108,14.88%,,,370,50.96%,7,0.96%,208,28.65%
16.0,Amarillo,Female,Others,,139,125,89.93%,116,83.45%,8,5.76%,96,69.06%,19,13.67%,54,38.85%,,,73,52.52%,,,32,23.02%
16.0,Amarillo,Female,African American,,147,140,95.24%,127,86.39%,12,8.16%,110,74.83%,19,12.93%,60,40.82%,,,79,53.74%,5,3.40%,26,17.69%
16.0,Amarillo,Female,Hispanic,,1277,1201,94.05%,1110,86.92%,78,6.11%,1026,80.34%,155,12.14%,492,38.53%,,,647,50.67%,27,2.11%,282,22.08%
16.0,Amarillo,Female,White,,1354,1280,94.53%,1219,90.03%,44,3.25%,1127,83.23%,406,29.99%,509,37.59%,,,915,67.58%,46,3.40%,502,37.08%
16.0,Amarillo,Male,Others,,162,148,91.36%,131,80.86%,17,10.49%,111,68.52%,25,15.43%,40,24.69%,,,65,40.12%,,,25,15.43%
16.0,Amarillo,Male,African American,,165,152,92.12%,135,81.82%,22,13.33%,118,71.52%,18,10.91%,55,33.33%,,,73,44.24%,,,19,11.52%
16.0,Amarillo,Male,Hispanic,,1291,1220,94.50%,1101,85.28%,105,8.13%,992,76.84%,155,12.01%,356,27.58%,,,511,39.58%,11,0.85%,208,16.11%
16.0,Amarillo,Male,White,,1466,1381,94.20%,1280,87.31%,82,5.59%,1204,82.13%,357,24.35%,411,28.04%,,,768,52.39%,27,1.84%,382,26.06%
17.0,Lubbock,Female,Others,,90,84,93.33%,78,86.67%,,,74,82.22%,30,33.33%,20,22.22%,,,50,55.56%,,,31,34.44%
17.0,Lubbock,Female,African American,,179,173,96.65%,157,87.71%,9,5.03%,139,77.65%,25,13.97%,53,29.61%,,,78,43.58%,,,19,10.61%
17.0,Lubbock,Female,Hispanic,,1503,1432,95.28%,1339,89.09%,78,5.19%,1204,80.11%,181,12.04%,544,36.19%,,,725,48.24%,18,1.20%,255,16.97%
17.0,Lubbock,Female,White,,1004,958,95.42%,914,91.04%,25,2.49%,874,87.05%,384,38.25%,324,32.27%,,,708,70.52%,33,3.29%,412,41.04%
17.0,Lubbock,Male,Others,,81,76,93.83%,72,88.89%,,,69,85.19%,23,28.40%,24,29.63%,,,47,58.02%,,,20,24.69%
17.0,Lubbock,Male,African American,,188,176,93.62%,155,82.45%,24,12.77%,138,73.40%,17,9.04%,46,24.47%,,,63,33.51%,,,8,4.26%
17.0,Lubbock,Male,Hispanic,,1592,1516,95.23%,1370,86.06%,115,7.22%,1225,76.95%,155,9.74%,446,28.02%,,,601,37.75%,16,1.01%,211,13.25%
17.0,Lubbock,Male,White,,1073,1021,95.15%,962,89.66%,28,2.61%,900,83.88%,321,29.92%,315,29.36%,,,636,59.27%,25,2.33%,309,28.80%
18.0,Midland,Female,Others,,61,57,93.44%,55,90.16%,,,48,78.69%,18,29.51%,21,34.43%,,,39,63.93%,,,17,27.87%
18.0,Midland,Female,African American,,122,118,96.72%,105,86.07%,9,7.38%,92,75.41%,24,19.67%,47,38.52%,,,71,58.20%,6,4.92%,25,20.49%
18.0,Midland,Female,Hispanic,,1705,1619,94.96%,1478,86.69%,117,6.86%,1308,76.72%,264,15.48%,591,34.66%,,,855,50.15%,40,2.35%,371,21.76%
18.0,Midland,Female,White,,832,783,94.11%,713,85.70%,26,3.13%,636,76.44%,251,30.17%,276,33.17%,,,527,63.34%,43,5.17%,293,35.22%
18.0,Midland,Male,Others,,67,65,97.01%,54,80.60%,7,10.45%,49,73.13%,20,29.85%,15,22.39%,,,35,52.24%,,,23,34.33%
18.0,Midland,Male,African American,,128,120,93.75%,98,76.56%,21,16.41%,78,60.94%,17,13.28%,40,31.25%,,,57,44.53%,7,5.47%,13,10.16%
18.0,Midland,Male,Hispanic,,1743,1637,93.92%,1405,80.61%,191,10.96%,1217,69.82%,213,12.22%,467,26.79%,,,680,39.01%,29,1.66%,244,14.00%
18.0,Midland,Male,White,,852,799,93.78%,724,84.98%,54,6.34%,629,73.83%,172,20.19%,239,28.05%,,,411,48.24%,22,2.58%,172,20.19%
19.0,El Paso,Female,Others,,84,77,91.67%,64,76.19%,,,57,67.86%,25,29.76%,19,22.62%,,,44,52.38%,,,20,23.81%
19.0,El Paso,Female,African American,,120,103,85.83%,91,75.83%,,,81,67.50%,26,21.67%,23,19.17%,,,49,40.83%,,,18,15.00%
19.0,El Paso,Female,Hispanic,,6098,5811,95.29%,5136,84.22%,540,8.86%,5033,82.54%,1713,28.09%,2054,33.68%,,,3767,61.77%,126,2.07%,1628,26.70%
19.0,El Paso,Female,White,,338,282,83.43%,233,68.93%,20,5.92%,215,63.61%,87,25.74%,75,22.19%,,,162,47.93%,11,3.25%,92,27.22%
19.0,El Paso,Male,Others,,71,60,84.51%,46,64.79%,5,7.04%,44,61.97%,20,28.17%,14,19.72%,,,34,47.89%,,,15,21.13%
19.0,El Paso,Male,African American,,155,122,78.71%,95,61.29%,14,9.03%,83,53.55%,33,21.29%,17,10.97%,,,50,32.26%,6,3.87%,14,9.03%
19.0,El Paso,Male,Hispanic,,6169,5891,95.49%,4837,78.41%,931,15.09%,4772,77.35%,1360,22.05%,1847,29.94%,,,3207,51.99%,151,2.45%,1052,17.05%
19.0,El Paso,Male,White,,344,289,84.01%,255,74.13%,16,4.65%,232,67.44%,89,25.87%,74,21.51%,,,163,47.38%,12,3.49%,72,20.93%
20.0,San Antonio,Female,Others,,543,520,95.76%,473,87.11%,18,3.31%,453,83.43%,218,40.15%,141,25.97%,,,359,66.11%,11,2.03%,248,45.67%
20.0,San Antonio,Female,African American,,868,798,91.94%,685,78.92%,99,11.41%,644,74.19%,219,25.23%,241,27.76%,,,460,53.00%,32,3.69%,199,22.93%
20.0,San Antonio,Female,Hispanic,,9871,9461,95.85%,8345,84.54%,881,8.93%,7823,79.25%,1834,18.58%,3491,35.37%,,,5325,53.95%,259,2.62%,2530,25.63%
20.0,San Antonio,Female,White,,2851,2674,93.79%,2480,86.99%,120,4.21%,2319,81.34%,1054,36.97%,755,26.48%,,,1809,63.45%,99,3.47%,1193,41.84%
20.0,San Antonio,Male,Others,,533,503,94.37%,446,83.68%,31,5.82%,412,77.30%,155,29.08%,132,24.77%,,,287,53.85%,13,2.44%,166,31.14%
20.0,San Antonio,Male,African American,,922,845,91.65%,665,72.13%,155,16.81%,654,70.93%,156,16.92%,235,25.49%,,,391,42.41%,16,1.74%,98,10.63%
20.0,San Antonio,Male,Hispanic,,10337,9771,94.52%,8160,78.94%,1382,13.37%,7724,74.72%,1363,13.19%,2953,28.57%,,,4316,41.75%,196,1.90%,1735,16.78%
20.0,San Antonio,Male,White,,3097,2890,93.32%,2614,84.40%,183,5.91%,2455,79.27%,874,28.22%,800,25.83%,,,1674,54.05%,88,2.84%,953,30.77%
,,,Others,Not Economically Disadvantaged,12743,12184,95.61%,11671,91.59%,251,1.97%,11247,88.26%,5497,43.14%,3071,24.10%,,,8568,67.24%,339,2.66%,5835,45.79%
,,,African American,Not Economically Disadvantaged,14276,13494,94.52%,12326,86.34%,921,6.45%,11956,83.75%,4434,31.06%,4693,32.87%,,,9127,63.93%,390,2.73%,3842,26.91%
,,,Hispanic,Not Economically Disadvantaged,41927,40121,95.69%,36830,87.84%,2645,6.31%,35543,84.77%,10746,25.63%,15150,36.13%,,,25896,61.76%,954,2.28%,12703,30.30%
,,,White,Not Economically Disadvantaged,85949,82324,95.78%,78112,90.88%,2411,2.81%,74270,86.41%,28156,32.76%,28919,33.65%,,,57075,66.41%,2830,3.29%,33491,38.97%
,,,Others,Economically Disadvantaged,7165,6777,94.58%,6177,86.21%,440,6.14%,5724,79.89%,1764,24.62%,2251,31.42%,,,4015,56.04%,158,2.21%,2077,28.99%
,,,African American,Economically Disadvantaged,32012,30047,93.86%,25273,78.95%,4238,13.24%,23466,73.30%,5748,17.96%,9200,28.74%,,,14948,46.69%,830,2.59%,3977,12.42%
,,,Hispanic,Economically Disadvantaged,130346,124014,95.14%,105608,81.02%,16223,12.45%,100500,77.10%,16463,12.63%,38312,29.39%,,,54775,42.02%,1949,1.50%,20764,15.93%
,,,White,Economically Disadvantaged,29826,27597,92.53%,23638,79.25%,2921,9.79%,20687,69.36%,3179,10.66%,8060,27.02%,,,11239,37.68%,819,2.75%,3969,13.31%
