REGION,RPETALLC,RPETSPEC,RPETLEPC,RPETECOC,RPETNEDC,RPETGIFC,RPETVOCC,RPETBILC,RPETRSKC,RPETDSLC,RPET504C,RPETGEEC,RPETGPKC,RPETGKNC,RPETG01C,RPETG02C,RPETG03C,RPETG04C,RPETG05C,RPETG06C,RPETG07C,RPETG08C,RPETG09C,RPETG10C,RPETG11C,RPETG12C,RPETHISC,RPETBLAC,RPETWHIC,RPETINDC,RPETASIC,RPETPCIC,RPETTWOC,RAUND18C,RAUND18D,RAUND18R,RPETDISD,RPETDISC,RPETDISP,RPETSIMC,RPETSINC,RPETSPHC,RPETSBHC,RPETSAUC,RPETSNOC,RPETSINP,RPETSPHP,RPETSBHP,RPETSAUP,RPETSNOP,RPERRAKR,RPERRA1R,RPERRA2R,RPERRA3R,RPERRA4R,RPERRA5R,RPERRA6R,RPERRA7R,RPERRA8R,RPERRA9R,RPERSAKR,RPERSA1R,RPERSA2R,RPERSA3R,RPERSA4R,RPERSA5R,RPERSA6R,RPERSA7R,RPERSA8R,RPERSA9R,RPETWHIP,RPETBLAP,RPETHISP,RPETINDP,RPETASIP,RPETPCIP,RPETTWOP,RPETECOP,RPETNEDP,RPETRSKP,RPETLEPP,RPETSPEP,RPETVOCP,RPETBILP,RPETGIFP,RPETDSLP,RPET504P,RPETGEEP,RPETGPKP,RPETGKNP,RPETG01P,RPETG02P,RPETG03P,RPETG04P,RPETG05P,RPETG06P,RPETG07P,RPETG08P,RPETG09P,RPETG10P,RPETG11P,RPETG12P,RPSTTOFC,RPSUTOFC,RPSSTOFC,RPSCTOFC,RPSETOFC,RPSTTOST,RPSUTOST,RPSSTOST,RPSCTOST,RPST00FC,RPST01FC,RPST06FC,RPST11FC,RPST20FC,RPST00ST,RPST01ST,RPST06ST,RPST11ST,RPST20ST,RPSTNOFC,RPSTBAFC,RPSTMSFC,RPSTPHFC,RPSPCOFC,RPSECOFC,RPSPTOFC,RPSRTOPC,RPSRTOFC,RPSBTOPC,RPSBTOFC,RPSXTOFC,RPSATOFC,RPSOTOFC,RPSTINFC,RPSTPIFC,RPSTASFC,RPSTBLFC,RPSTHIFC,RPSTWHFC,RPSTTWFC,RPSTMAFC,RPSTFEFC,RPSXCOFC,RPSTREFC,RPSTVOFC,RPSTBIFC,RPSTCOFC,RPSTGIFC,RPSTSPFC,RPSTOPFC,RPSTURNN,RPSTURND,RPSTURNR,RPSTFTEC,RPSTTENA,RPSTEXPA,RPSAMIFC,RPSTEXPT,RPSTTENT,RPCTSOCS,RPCTSOCC,RPCTSCIS,RPCTSCIC,RPCTMATS,RPCTMATC,RPCTG06S,RPCTG06C,RPCTG05S,RPCTG05C,RPCTG04S,RPCTG04C,RPCTG03S,RPCTG03C,RPCTG02S,RPCTG02C,RPCTG01S,RPCTG01C,RPCTGMES,RPCTGMEC,RPCTGKGS,RPCTGKGC,RPCTFLAS,RPCTFLAC,RPCTENGS,RPCTENGC,RPCTSOCA,RPCTSCIA,RPCTMATA,RPCTGMEA,RPCTGKGA,RPCTG06A,RPCTG05A,RPCTG04A,RPCTG03A,RPCTG02A,RPCTG01A,RPCTFLAA,RPCTENGA,RPSPTOFP,RPSTTOFP,RPSUTOFP,RPSSTOFP,RPSCTOFP,RPSETOFP,RPSXTOFP,RPSAMIFP,RPSTNOFP,RPSTBAFP,RPSTMSFP,RPSTPHFP,RPST00FP,RPST01FP,RPST06FP,RPST11FP,RPST20FP,RPSTREFP,RPSTVOFP,RPSTBIFP,RPSTCOFP,RPSTGIFP,RPSTSPFP,RPSTOPFP,RPSTBLFP,RPSTWHFP,RPSTHIFP,RPSTPIFP,RPSTINFP,RPSTASFP,RPSTTWFP,RPSTMAFP,RPSTFEFP,RPSTKIDR,RPST00SA,RPST01SA,RPST06SA,RPST11SA,RPST20SA,RPSTTOSA,RPSUTOSA,RPSSTOSA,RPSCTOSA,RPSHEXPA,RPSHTENA,RPSLEXPA,RPSLTENA,RPSHEXPT,RPSHTENT,RPSLEXPT,RPSLTENT,RPSHFTEC,RPSLFTEC,RPFEIERP,RPSAINHP,RA0GR18N,RA0GM18N,RA0GH18N,RA0GE18N,RA0GA18N,RA0GN18N,RB0GR18N,RH0GR18N,RW0GR18N,RI0GR18N,R30GR18N,R40GR18N,R20GR18N,RE0GR18N,RS0GR18N,RL0GR18N,RR0GR18N,RA0GH18P,RA0GN18P,RA0GE18P,RA0GA18P,RA0GR18R,RB0GR18R,RH0GR18R,RW0GR18R,RI0GR18R,R30GR18R,R40GR18R,R20GR18R,RE0GR18R,RS0GR18R,RL0GR18R,RR0GR18R,RA0GM18P
"01",435491,37082,160970,372257,63234,37000,121934,162663,271833,10055,22920,458,30706,28863,30573,30547,29684,31139,31167,32644,32110,32141,35131,32118,29677,28533,422868,2376,7486,185,1874,76,626,659,200012,0.3,448624,6142,1.4,37082,17612,6398,7731,4825,516,47.5,17.3,20.8,13,1.4,1.3,4.9,3.2,1.4,0.6,0.3,0.6,0.8,0.5,7.9,3.8,8.6,3,0.9,0.6,0.6,0.7,1.1,1.1,13.5,1.7,0.5,97.1,0,0.4,0,0.1,85.5,14.5,62.4,37,8.5,28,37.4,8.5,2.3,5.3,0.1,7.1,6.6,7,7,6.8,7.2,7.2,7.5,7.4,7.4,8.1,7.4,6.8,6.6,27807.5,5831.9,1748.1,665.3,6763.7,1516185271.4,382848690.7,140154352.9,65988181.3,1405.7,6362.4,5226.7,9708.1,5104.6,66592637.3,314385612.2,269575415.2,539472156.1,326159450.7,972,21560.5,5214.6,60.4,24.8,3.5,36052.7,54,1254,18,467,20672.7,63489,3640,19,10,202.9,194.9,25310.3,2024.9,45.5,8174.8,19632.7,67.1,18975.1,1610,3238,397.7,1016.5,2160.8,409.4,2727,27883.1,9.8,31966.4,9.7,12.2,60093.1,388670.3,310090.8,176528,9362,180353,9833,179510,10361,23279.2,1198.9,17339.9,843.6,17305.1,883.5,15869.2,832.1,16722.5,891.7,15683.1,817.1,33927.7,1156.9,16003.9,813.5,76827,4155,229650,13944,18.9,18.3,17.3,29.3,19.7,19.4,20.6,19.6,19.1,18.8,19.2,18.5,16.5,56.8,43.8,9.2,2.8,1,10.7,32.6,94.7,3.5,77.5,18.8,0.2,5.1,22.9,18.8,34.9,18.4,68.2,5.8,11.6,1.4,3.7,7.8,1.5,0.7,7.3,91,0,0.1,0.7,0.2,29.4,70.6,15.7,47373,49413,51577,55569,63895,54524,65648,80176,99191,7.2,6.7,5.7,5.3,4205,3899,6912,6454,582,1223,60.4,58.7,28319,418,626,876,23985,2414,58,27581,458,10,177,3,32,23383,1891,3899,13781,2.2,8.5,3.1,84.7,100,0.2,97.4,1.6,0,0.6,0,0.1,82.6,6.7,13.8,48.7,1.5
"02",102826,10136,4856,68439,34387,5284,26258,4530,51091,3614,7254,195,4308,7122,7323,7366,7484,7805,8050,7851,7953,7818,8180,7382,7106,6883,77596,2386,20160,175,1248,85,1176,129,48492,0.3,109387,2392,2.2,10136,4198,2338,2153,1316,131,41.4,23.1,21.2,13,1.3,1.8,4.5,2.4,1.2,0.7,0.4,0.8,1,0.6,7.1,6.2,6.5,3.3,1.1,0.7,0.5,0.8,1.2,0.9,11.1,19.6,2.3,75.5,0.2,1.2,0.1,1.1,66.6,33.4,49.7,4.7,9.9,25.5,4.4,5.1,3.5,7.1,0.2,4.2,6.9,7.1,7.2,7.3,7.6,7.8,7.6,7.7,7.6,8,7.2,6.9,6.7,6802.6,1200.8,444.4,220.3,1719.5,350392757.1,70749951.1,32667960.3,20527445.6,392.6,1739.4,1207.9,2048.7,1413.9,17603550.5,81292431.4,58940846.5,109202639.2,83353289.5,123.2,4909.9,1731.5,38.1,11.8,5.5,8668.1,33,271,13,97,3784.2,14171.7,12.8,24,9,43.4,150.7,3463.6,3070.8,41,1593.7,5208.9,3.5,5309,327.1,44.8,253.2,104.1,594.6,169.7,1144.2,6938.6,16.5,7462,8.2,12.5,9186.9,93603.4,61394.6,43464,2438,45261,2540,44789,2575,5621.2,294.1,7075.1,345.5,6819.1,365.2,6724.1,363.5,6597.7,346.6,6490.1,350.3,677.3,20.2,6291.9,337.5,17275,940,54177,3462,17.8,17.8,17.4,33.6,18.6,19.1,20.5,18.7,18.5,19,18.5,18.4,15.6,61.2,48,8.5,3.1,1.6,12.1,26.7,64.8,1.8,72.2,25.5,0.6,5.8,25.6,17.8,30.1,20.8,78,4.8,0.7,3.7,1.5,8.7,2.5,2.2,45.1,50.9,0.1,0.4,0.6,0.6,23.4,76.6,15.1,44834,46735,48795,53303,58954,51509,58919,73502,93196,7.8,6.6,5.7,4.8,1654,1393,1320,1120,211,231,57.8,62.9,7110,84,33,478,5197,1318,187,5184,1543,16,81,9,90,4438,574,129,3295,0.5,18.5,6.7,73.1,100,2.6,72.9,21.7,0.2,1.1,0.1,1.3,62.4,8.1,1.8,46.3,1.2
"03",53079,5522,4607,34313,18766,2757,15136,4467,24383,1673,3840,151,2417,3661,3728,3679,3877,3956,4231,4172,3963,3894,4210,3931,3739,3470,30615,4235,16674,90,616,20,829,125,26692,0.5,56648,1195,2.1,5522,2822,1007,1056,445,192,51.1,18.2,19.1,8.1,3.5,3.1,4.9,2.3,1.2,0.3,0.3,0.8,0.6,0.6,7.5,14.9,3.5,2.1,1.6,0.2,0.4,0.4,0.5,0.7,10.6,31.4,8,57.7,0.2,1.2,0,1.6,64.6,35.4,45.9,8.7,10.4,28.5,8.4,5.2,3.2,7.2,0.3,4.6,6.9,7,6.9,7.3,7.5,8,7.9,7.5,7.3,7.9,7.4,7,6.5,3888.9,595.6,230.9,124.2,1167.5,191318234.6,34150414.7,16853925.3,11506794.2,250.6,1023.9,621.7,1096.1,896.6,10737322.7,45140463.8,28675062.8,55839123,50926262.2,47.3,3225.1,594,22.5,33.4,6,4839.6,32,123,11,31,2150.7,8157.7,4.3,5.4,1,13,156,659.7,3035.8,18,867.8,3021.1,26.1,2969.7,247.9,53.3,155.4,47.5,314.2,100.9,695.9,3925.6,17.7,4420.6,7.8,12.7,2976.3,55956.3,34435.4,22401,1338,23169,1394,23525,1541,3116.6,167.5,3720.7,191.6,3320.1,184.4,3307.6,183.3,3179.6,178.7,3171.5,177.1,0,0,3311.2,181.4,8596,494,28771,1944,16.7,16.6,15.3,3,18.3,18.6,19.4,18,18,17.8,17.9,17.4,14.8,59.3,47.7,7.3,2.8,1.5,14.3,26.4,36.5,1.2,82.9,15.3,0.6,6.4,26.3,16,28.2,23.1,76.4,6.4,1.4,4,1.2,8.1,2.6,4,78.1,17,0,0.1,0.3,0.5,22.3,77.7,13.6,42848,44088,46126,50944,56797,49196,57342,72980,92651,6.7,5.7,5.4,4.4,909,774,617,507,135,114,59.5,64.8,3448,17,5,115,2757,554,293,1757,1310,9,35,2,42,1819,276,70,1393,0.1,16.1,3.3,80,100,8.5,51,38,0.3,1,0.1,1.2,52.8,8,2,40.4,0.5
"04",1198344,105165,269407,732013,466331,97373,304583,268116,634402,32838,56034,3834,49875,81085,85581,86862,89207,92916,92037,92426,89570,89044,96317,88875,82909,77806,608890,220197,251520,5236,86113,1519,24869,834,554321,0.2,1254278,14107,1.1,105165,43353,20912,21580,17332,1988,41.2,19.9,20.5,16.5,1.9,1,3.5,2.3,1.5,0.7,0.3,0.5,0.6,0.4,7.1,4.1,5.4,2.5,0.8,0.6,0.4,0.5,0.6,0.6,12.5,21,18.4,50.8,0.4,7.2,0.1,2.1,61.1,38.9,52.9,22.5,8.8,25.4,22.4,8.1,2.7,4.7,0.3,4.2,6.8,7.1,7.2,7.4,7.8,7.7,7.7,7.5,7.4,8,7.4,6.9,6.5,74755.2,16876.6,4196.9,1433.9,14160.6,4313878738.6,1146899949.6,356963783.1,161231120.8,5127.4,23205.1,14730.8,21400.5,10291.4,262119869.9,1254947563.1,834836491.1,1273528798.3,688446016.2,1099.5,54286,18605.8,763.8,29.9,5,97262.6,170,2333,92,806,43510.7,154933.9,1454.5,245.2,203,2518.4,15852.9,15751.8,39178.2,1005.6,16985.6,57769.6,13.4,52047.4,3224.6,5898.1,1460.5,2363.4,6956.7,2804.5,11930.6,74793.2,16,78871.1,7,10.5,87927.3,829968.1,551872.4,500328,24492,516957,26171,526464,27959,63842.9,3035.3,76776,3443.5,74654.6,3701.4,69990.8,3531.3,66575.7,3431.9,65709.1,3410.2,11154.6,374.3,66819.1,3429.5,208778,10202,586727,33204,20.4,19.8,18.8,29.8,19.5,21,22.3,20.2,19.8,19.4,19.3,20.5,17.7,62.8,48.2,10.9,2.7,0.9,9.1,28.1,56.8,1.5,72.6,24.9,1,6.9,31,19.7,28.6,13.8,69.6,4.3,7.9,2,3.2,9.3,3.8,21.2,52.4,21.1,0.3,0.3,3.4,1.3,22.7,77.3,16,51122,54081,56673,59509,66895,57707,67958,85055,112438,6.5,5.8,6,5.4,9316,8310,15852,14158,1437,2641,63.6,63.2,76784,1442,548,4690,59192,10912,14381,36096,18557,272,6087,92,1299,35545,5037,4513,34577,0.7,14.2,6.1,77.1,100,18.7,47,24.2,0.4,7.9,0.1,1.7,46.3,6.6,5.9,45,1.9
"05",83703,8141,7965,52884,30819,4687,22820,7632,41619,3405,7081,289,4081,6212,6254,6090,6339,6499,6453,6369,6221,6064,6326,5794,5475,5237,18738,21002,39483,513,1839,51,2077,126,37999,0.3,87874,1462,1.7,8141,3471,1893,1549,1041,187,42.6,23.3,19,12.8,2.3,2.8,5.3,2.8,1.7,0.6,0.5,0.7,0.9,0.6,5.9,7.2,8.6,2.2,2.2,1.1,1,1.1,0.7,0.3,7,47.2,25.1,22.4,0.6,2.2,0.1,2.5,63.2,36.8,49.7,9.5,9.7,27.3,9.1,5.6,4.1,8.5,0.3,4.9,7.4,7.5,7.3,7.6,7.8,7.7,7.6,7.4,7.2,7.6,6.9,6.5,6.3,5752.4,891.9,391.3,174.4,1456,277880707,51351424,27641743.4,16388809.2,511.6,1548.9,911.2,1501.8,1278.9,18436737.3,67678263.2,41916749.9,75152226.7,74696729.9,122.6,4594.6,1014.3,20.9,55.9,3.6,7210.1,24,182,24,55,2934.6,11600.6,96,20.5,3,48.1,937.4,342.1,4360.2,41,1176,4576.3,15.1,4369.9,370.5,117.6,194.5,55.6,500.4,143.8,1049.5,5765,18.2,6171.7,8.2,12.3,3753.1,75812.9,50331.9,32757,1821,34217,1927,35154,2149,4377.6,220.9,5001.6,253.8,5067.2,275.1,5254.5,281.8,5069.4,277.3,5065,264,38.5,2.5,5231.3,276,11459,646,40023,2535,18,17.8,16.4,15.2,19,19.8,19.7,18.4,18.6,18.3,19.2,17.7,15.8,62.2,49.6,7.7,3.4,1.5,12.6,25.3,32.4,2.1,79.9,17.6,0.4,8.9,26.9,15.8,26.1,22.2,76,6.4,2,3.4,1,8.7,2.5,16.3,75.8,5.9,0.1,0.4,0.8,0.7,20.4,79.6,14.6,36034,43695,46003,50042,58408,48307,57573,70632,93964,5.9,5,4.9,4.3,932,781,864,763,157,178,57.1,64.5,5320,53,288,724,3457,798,1287,1010,2742,15,164,3,99,2807,444,126,2145,5.4,15,13.6,65,100,24.2,19,51.5,0.3,3.1,0.1,1.9,52.8,8.3,2.4,40.3,1
"06",200539,18190,29202,106811,93728,14245,54421,29754,89829,8419,16025,492,6961,13718,14380,14316,14834,15545,15640,15626,15262,15301,16279,15131,13967,13087,73653,21387,94003,836,5091,251,5318,138,93587,0.1,210101,3144,1.5,18190,7808,3906,3836,2329,311,42.9,21.5,21.1,12.8,1.7,2,3.1,1.7,0.8,0.5,0.5,0.3,0.3,0.3,6,7.7,5.8,2.1,1,0.2,0.3,0.3,0.5,0.3,12.3,46.9,10.7,36.7,0.4,2.5,0.1,2.7,53.3,46.7,44.8,14.6,9.1,27.1,14.8,7.1,4.2,8,0.2,3.5,6.8,7.2,7.1,7.4,7.8,7.8,7.8,7.6,7.6,8.1,7.5,7,6.5,13328.9,2449.2,780.6,308,2840.5,708258896.4,156155262,61080901.7,31630146.6,1045.7,3778.4,2539,3771.8,2194.1,49320458.7,185526426.9,131804479.3,207779891.9,133827639.6,105,10350.3,2785.4,88.2,62.9,1,16866.7,50,398,22,108,6963.8,26671,29.2,43.2,8.7,99,745.6,1629.2,10706,97.2,2834.4,10494.4,18.2,9295.8,775.5,789,339.2,112.1,1408,609.2,2342.8,13110.2,17.9,14026.1,6.5,11.2,7566.5,156487.2,90812.5,84652,4291,87350,4588,85314,4729,12290.5,575,12566,610.1,12759.4,684,12264.4,666.5,11792.3,636.4,11782.4,631.9,804.9,27.3,11328.3,611.8,33557,1809,97634,5807,19.7,19,18,29.5,18.5,21.4,20.6,18.7,18.4,18.5,18.6,18.6,16.8,63.2,50,9.2,2.9,1.2,10.7,26.1,28.4,0.8,77.7,20.9,0.7,7.8,28.3,19,28.3,16.5,69.7,5.8,5.9,2.5,0.8,10.6,4.6,5.6,80.3,12.2,0.1,0.3,0.7,0.7,21.3,78.7,15,47166,49102,51912,55088,60995,53137,63757,78251,102700,6,5.1,5.9,5,1909,1604,2508,2126,317,426,63.2,63.8,12948,206,48,486,10821,1387,1305,4153,6770,67,344,16,293,4928,934,481,4591,0.4,10.7,3.8,83.6,100,10.1,32.1,52.3,0.5,2.7,0.1,2.3,38.1,7.2,3.7,35.5,1.6
"07",173472,17178,21514,110183,63289,11020,50158,21517,86685,8486,14213,369,7578,11998,12453,12217,12521,12812,13158,13552,13258,13440,13688,12898,12215,11315,50244,28528,86282,621,1628,107,6062,243,77561,0.3,177603,3230,1.8,17178,7568,3873,3531,1899,307,44.1,22.5,20.6,11.1,1.8,3.1,5.1,2.6,1.4,0.5,0.8,0.5,0.5,0.5,4,9.5,9.6,3.8,1.6,0.7,1.2,0.4,0.7,1.2,5.4,49.7,16.4,29,0.4,0.9,0.1,3.5,63.5,36.5,50,12.4,9.9,28.9,12.4,6.4,4.9,8.2,0.2,4.4,6.9,7.2,7,7.2,7.4,7.6,7.8,7.6,7.7,7.9,7.4,7,6.5,12431.8,2123.2,832.8,446,3072.2,572006403.5,111852941.8,58248494.3,41543254.3,838.6,3251.4,2238.8,3491.4,2611.6,30820697.3,130448390,97647093,169728868.6,143361354.6,203.1,9779.6,2412.3,36.7,150.3,36.3,15833.7,37,387,39,106,5890.3,24796.1,31.9,45.3,9,42.2,1089.7,811.7,10329.5,104.3,2721.4,9710.3,40.5,8955.3,844,522.2,661.3,132.3,970.9,345.7,2451.6,12403.8,19.8,13617.3,6.8,12.3,6253.3,167021.6,93271.3,67913,4091,73015,4409,72862,4719,10223.1,547.6,10705.8,544.3,10278.1,556.2,10177.8,562.5,9901.2,544.7,10039,548.7,1100.3,55.8,10196.1,558.1,25132,1625,82759,5684,16.6,16.6,15.4,19.7,18.3,18.7,19.7,18.5,18.1,18.2,18.3,15.5,14.6,63.9,50.1,8.6,3.4,1.8,12.4,23.8,25.2,1.6,78.7,19.4,0.3,6.7,26.2,18,28.1,21,72,6.8,4.2,5.3,1.1,7.8,2.8,8.8,83.1,6.5,0.1,0.4,0.3,0.8,21.9,78.1,14,36753,40121,43616,48613,54894,46012,52682,69944,93154,6.1,5,4.2,3.5,2426,1985,1574,1313,396,379,56.5,65,11005,114,39,552,8835,1465,1877,2782,5886,48,127,8,277,5433,964,352,4262,0.4,13.3,5,80.3,100,17.1,25.3,53.5,0.4,1.2,0.1,2.5,49.4,8.8,3.2,38.7,1
"08",56029,6237,6036,37001,19028,3787,15543,6172,27298,3462,5702,193,3432,4065,4102,3932,3988,4118,4262,4244,4081,4106,4285,3873,3751,3597,12112,10984,29630,308,435,42,2518,82,25456,0.3,59068,972,1.6,6237,3006,1456,1043,632,100,48.2,23.3,16.7,10.1,1.6,4.8,5.1,1.7,1,0.2,0.7,0.4,0.6,0.3,4.6,12.6,10.7,1.6,0.6,0.2,0.4,1.3,0.6,0,6.6,52.9,19.6,21.6,0.5,0.8,0.1,4.5,66,34,48.7,10.8,11.1,27.7,11,6.8,6.2,10.2,0.3,6.1,7.3,7.3,7,7.1,7.3,7.6,7.6,7.3,7.3,7.6,6.9,6.7,6.4,4506.8,632.2,303.8,148.5,1267.9,200883193,33959162.5,20677294.8,13456737,255.5,1086.2,794.5,1344.7,1025.8,9144954.3,40912974.8,32901874.2,63645006.4,54278383.3,37.7,3515.5,943.9,9.7,34.6,0.9,5591.2,25,120,5,21,1994.6,8853.8,43.6,15.6,1,11.9,339.9,231.9,3871,35.4,940.4,3566.4,19.7,3179.2,329.7,131.8,322.7,35.1,322.5,185.7,835.1,4527.1,18.4,4919,7.9,12.9,2026.8,63565.6,39014.7,22970,1428,23452,1531,23647,1615,3519.6,192.4,3793.1,205.9,3666,209.8,3505.2,194.5,3435.8,192.5,3556.5,196.4,243.2,11.8,3667.8,198.4,8265,545,27681,2032,16.1,15.3,14.6,20.6,18.5,18.3,18.4,17.5,18,17.8,18.1,15.2,13.6,63.2,50.9,7.1,3.4,1.7,14.3,22.5,22.9,0.8,78,20.9,0.2,5.7,24.1,17.6,29.8,22.8,70.5,7.3,2.9,7.2,0.8,7.2,4.1,7.5,85.9,5.1,0,0.3,0.3,0.8,20.9,79.1,12.4,35791,37666,41411,47329,52912,44574,53720,68055,90639,5.5,4.6,4.9,4.6,834,693,683,630,151,138,61.2,66.6,3625,15,4,227,2682,697,705,703,2085,20,35,1,76,1732,370,127,1237,0.1,19.2,6.3,74,100,19.4,19.4,57.5,0.6,1,0,2.1,47.8,10.2,3.5,34.1,0.4
"09",37414,4454,2386,22337,15077,1978,10664,2303,17730,2077,3587,119,2006,2693,2756,2667,2708,2861,2852,2827,2773,2716,2724,2637,2627,2448,10645,2617,21543,222,571,35,1781,82,17171,0.5,39883,654,1.6,4454,1842,1007,975,498,132,41.4,22.6,21.9,11.2,3,3,2.9,1.3,0.7,0.5,1,0.5,0.5,0.6,1.4,6.3,3.7,2,0.8,1.1,0.3,0.6,0.6,2.1,2.5,57.6,7,28.5,0.6,1.5,0.1,4.8,59.7,40.3,47.4,6.4,11.9,28.5,6.2,5.3,5.6,9.6,0.3,5.4,7.2,7.4,7.1,7.2,7.6,7.6,7.6,7.4,7.3,7.3,7,7,6.5,2919.8,414.9,195.8,86.8,730.5,135324913.7,22563260.1,13251141.6,8468620.3,151,734.4,523.1,866.4,644.9,5628493.7,29582158.9,22365395.3,42156742.4,35592123.3,22.8,2328.7,560.8,7.5,51.4,0,3617.3,18,96,15,22,1125.2,5473,7.7,15.9,1,16.6,79.9,169.5,2615.4,21.5,685.9,2233.9,15.1,2200.3,186.5,32.5,183.1,7.3,228.5,81.6,581.6,2966.7,19.6,3331.1,8.1,12.7,836.5,42315.3,27012,15477,1095,16344,1069,16057,1150,2060.7,118.1,2425.4,144,2449.3,144.2,2266,137.3,2389.5,144.6,2482,144.3,421.1,12.7,2608.6,147.7,6368,408,20182,1450,14.1,15.3,14,33.3,17.7,17.5,16.8,17,16.5,16.5,17.2,15.6,13.9,66.1,53.3,7.6,3.6,1.6,13.3,20.6,15.3,0.8,79.8,19.2,0.3,5.2,25.2,17.9,29.7,22.1,75.4,6.4,1.1,6.3,0.2,7.8,2.8,2.7,89.6,5.8,0,0.5,0.6,0.7,23.5,76.5,12.8,37263,40281,42757,48659,55191,46347,54377,67674,97620,5.3,4.3,4.6,4.1,592,474,328,292,111,72,61.7,70,2436,21,2,66,1949,398,187,637,1474,23,38,4,73,1079,266,49,906,0.1,16.3,2.7,80,100,7.7,26.1,60.5,0.9,1.6,0.2,3,44.3,10.9,2,37.2,0.9
"10",872877,83999,203397,495776,377101,86646,223117,208954,406400,33986,56933,2651,35512,60333,62148,62477,63892,66897,68175,68188,66076,65321,70151,64617,60334,56105,377208,160997,235168,5342,69363,922,23877,1641,406513,0.4,906192,9988,1.1,83999,31594,20211,17400,14074,720,37.6,24.1,20.7,16.8,0.9,1.5,1.9,1.1,0.7,0.4,0.5,0.3,0.5,0.4,7,5.6,3.5,1.8,0.7,0.4,0.6,0.5,0.5,0.8,12.4,26.9,18.4,43.2,0.6,7.9,0.1,2.7,56.8,43.2,46.6,23.3,9.6,25.6,23.9,9.9,3.9,6.5,0.3,4.1,6.9,7.1,7.2,7.3,7.7,7.8,7.8,7.6,7.5,8,7.4,6.9,6.4,57398.3,11827.1,3774,1403.2,10597.6,3210496653.1,782023119.2,303435065.8,150064680.1,4742.6,18703.8,10823,16119.1,7009.8,237354757.3,988344617,599635172.5,938246850.2,446915256.2,688.3,40135.3,16068.1,506.5,65.5,9.5,74402.6,106,2072,69,791,24358.4,109358.6,460.4,329.8,250.8,1447.9,9688.2,9539.8,35227.8,914.1,13813.5,43584.7,18.6,41218.2,2504.8,3356.8,1246.4,1051.6,5605.5,2414.9,10396.2,56619.9,18.4,60900.5,6.2,10,49799,608527.8,379854.8,367078,18069,380766,19006,374810,19813,44714.9,2091.2,57335.8,2735,55581.2,2933.6,52575.5,2799.7,51132.8,2744.1,51628.5,2744.2,6522.8,254.2,50348.4,2681.3,169520,8529,421905,24217,20.3,20,18.9,25.7,18.8,21.4,21,18.9,18.8,18.6,18.8,19.9,17.4,68,52.5,10.8,3.5,1.3,9.7,22.3,45.5,1.2,69.9,28,0.9,8.3,32.6,18.9,28.1,12.2,71.8,4.4,5.8,2.2,1.8,9.8,4.2,16.9,61.4,16.6,0.4,0.6,2.5,1.6,24.1,75.9,15.2,50047,52842,55404,58207,63756,55934,66121,80402,106941,5.7,5,4.9,4.2,7429,6548,9803,8432,1308,2019,64.6,67.3,55378,1165,879,2214,43240,7880,10241,22310,17355,284,3886,77,1225,25212,4156,4324,20234,1.6,14.2,4,78.1,100,18.5,40.3,31.3,0.5,7,0.1,2.2,45.5,7.5,7.8,36.5,2.1
"11",591762,56406,100560,310621,281141,54666,158906,101825,268943,22986,43063,1584,21163,40457,41058,41431,42624,44477,45738,45235,45011,44645,49363,45857,42532,40587,215640,89095,234138,2473,29743,1737,18936,565,288434,0.2,623531,7966,1.3,56406,23199,13105,11789,7673,640,41.1,23.2,20.9,13.6,1.1,2,1.9,1,0.6,0.3,0.4,0.2,0.4,0.3,7.8,7.5,4.1,1.7,0.7,0.5,0.5,0.3,0.5,0.6,13.6,39.6,15.1,36.4,0.4,5,0.3,3.2,52.5,47.5,45.4,17,9.5,26.9,17.2,9.2,3.9,7.3,0.3,3.6,6.8,6.9,7,7.2,7.5,7.7,7.6,7.6,7.5,8.3,7.7,7.2,6.9,39954.5,7970,2257.9,800.3,7065.7,2276822263.7,529397073.7,184942968.8,87653350.8,2107.5,11403.8,7873.6,12330.5,6239,105362594.5,607717709.6,435800030.5,721366731.5,406575197.6,396.1,28792.4,10449.5,316.4,118.9,44.1,50982.6,96,1476,68,556,16287.8,74336.1,27.2,169.4,32,510.9,3632.8,5262,29836.3,511,9140.7,30813.7,42.5,28337.4,1806.2,2517.2,980.2,892,3608.4,1813.1,6094.2,39446.5,15.4,43289.6,7,11.3,24166.1,488461,304929.4,250589,11705,254332,12680,251220,13116,33193.4,1564.3,35998,1710.2,35404.1,1875.7,33862,1825,33300.8,1806.6,32678.3,1765.6,5514.7,189.4,35593.5,1924.3,104711,5568,283188,15558,21.4,20.1,19.2,29.1,18.5,21.2,21,18.9,18.6,18.4,18.5,18.8,18.2,68.6,53.7,10.7,3,1.1,9.5,21.9,32.5,1,72.1,26.2,0.8,5.3,28.5,19.7,30.9,15.6,70.9,4.5,6.3,2.5,2.2,9,4.5,9.1,74.7,13.2,0.1,0.4,1.3,1.3,22.9,77.1,14.8,49993,53291,55349,58503,65167,56985,66424,81910,109526,6.8,5.8,5.4,4.8,6363,5436,7373,6552,941,1359,64.3,67.7,40396,587,262,3116,30164,6267,5720,13446,17685,185,2151,110,1099,15224,2896,2213,15276,0.6,15.5,7.7,74.7,100,14.2,33.3,43.8,0.5,5.3,0.3,2.7,37.7,7.2,5.5,37.8,1.5
"12",175857,19058,18797,104670,71187,11085,45266,18159,84078,8718,16376,387,9261,12868,13177,12912,13070,13416,13368,13612,13103,12918,13496,12280,11203,10786,61272,34673,66011,698,3533,1509,8161,165,80563,0.2,186808,3291,1.8,19058,8435,4016,4282,1987,338,44.3,21.1,22.5,10.4,1.8,1.8,4.3,2.3,1.4,0.8,0.8,0.4,0.8,0.5,7.5,7.1,9.3,4,1.4,0.9,1.4,0.8,0.7,1.2,14.3,37.5,19.7,34.8,0.4,2,0.9,4.6,59.5,40.5,47.8,10.7,10.8,25.7,10.3,6.3,5,9.3,0.2,5.3,7.3,7.5,7.3,7.4,7.6,7.6,7.7,7.5,7.3,7.7,7,6.4,6.1,12286.7,2317,854.9,337.5,3260.5,607486469.7,136737700,61788065.3,31789039.4,1031.3,3937,2215.4,3180,1923,43932196.8,179736002.7,106937250.1,165658831,111222189.1,105.4,9396.5,2713.4,71.3,97,16.6,15796.1,57,430,23,123,6094.3,25150.9,49.7,51.1,15.9,124,1195.8,1322.1,9348.7,229.3,2887.2,9399.5,40.9,9546.2,619.1,292.8,413.2,106.7,991.7,317,2451,12141.4,20.2,13426,6.3,10.6,8263.1,142299.2,84896.6,67670,3817,72301,4180,73291,4600,10403.9,539.1,11154.7,526.7,11034.1,558.6,10727.4,567,10285.3,553.3,10913.2,574.9,1590.2,58.3,10396.4,550.7,31185,1803,81144,5593,17.7,17.3,15.9,27.3,18.9,19.3,21.2,19.8,18.9,18.6,19,17.3,14.5,62.8,48.9,9.2,3.4,1.3,13,24.2,32.9,0.9,76.5,22.1,0.6,8.4,32,18,25.9,15.7,77.7,5,2.4,3.4,0.9,8.1,2.6,9.7,76.1,10.8,0.1,0.4,1,1.9,23.5,76.5,14.3,42600,45653,48270,52094,57837,49443,59015,72276,94193,5.9,5.1,4.7,4.2,2086,1800,2097,1856,355,444,62.4,65.8,10654,227,70,468,8085,1804,2044,3404,4459,50,225,83,389,4762,971,431,4162,0.7,16.9,4.4,75.9,100,19.2,32,41.9,0.5,2.1,0.8,3.7,44.7,9.1,4,39.1,2.1
"13",411880,43870,78069,199238,212642,35594,100658,80498,185379,20352,34466,1489,16486,29337,29599,30206,30319,31259,32492,32024,31417,30886,32848,29955,27652,25911,197499,33031,143895,1021,22741,457,13236,378,203187,0.2,411707,5134,1.2,43870,19548,9334,8835,5690,463,44.6,21.3,20.1,13,1.1,1.5,1.5,0.8,0.3,0.2,0.2,0.2,0.2,0.3,6.5,4.9,2.6,1.4,0.8,0.2,0.5,0.3,0.3,0.3,12.4,34.9,8,48,0.2,5.5,0.1,3.2,48.4,51.6,45,19,10.7,24.4,19.5,8.6,4.9,8.4,0.4,4,7.1,7.2,7.3,7.4,7.6,7.9,7.8,7.6,7.5,8,7.3,6.7,6.3,27664.4,5857.3,1783.7,543.7,5540.1,1429055522.2,363197049.8,134507664.3,58787404.8,2227.1,8341.9,5541.6,7643,3910.8,106248092.4,405101909.4,279031908,405830385.1,232843227.3,273.7,20647.1,6570.2,173.4,26.8,3,35849.1,135,872,61,366,12480.1,53869.3,88,89.2,79.2,462.2,1612.2,6015.4,19023.3,382.9,6404.8,21259.6,12.7,19414.5,1118.7,1954.6,671.7,446.5,2944.7,1113.6,4618.4,25977,17.8,29343.5,6.3,10.5,22035.1,307180.7,184175.3,171997,8786,180017,9481,182767,10155,20852.1,1012.4,25934.9,1196,24653.5,1299.7,23728.6,1248.8,23725.2,1249.5,23290.8,1220.5,2838.7,208.4,22790.1,1185.2,80400,4169,200054,12078,19.6,19,18,13.6,19.2,20.6,21.7,19,19,19,19.1,19.3,16.6,66.5,51.4,10.9,3.3,1,10.3,23.2,40.9,1,74.6,23.7,0.6,8.1,30.2,20,27.6,14.1,70.2,4,7.1,2.4,1.6,10.6,4,5.8,68.8,21.7,0.3,0.3,1.7,1.4,23.2,76.8,14.9,47707,48562,50352,53098,59538,51657,62007,75411,108120,6.1,4.9,4.6,3.8,3839,3124,4854,4008,633,1052,62.2,65.9,25264,538,94,937,20861,2834,1877,11167,10265,71,1185,27,672,8694,2018,1308,8911,0.4,11.2,3.7,82.6,100,7.4,44.2,40.6,0.3,4.7,0.1,2.7,34.4,8,5.2,35.3,2.1
"14",57493,6144,3523,31349,26144,2670,14292,3515,23752,1940,3525,207,2307,4567,4612,4390,4572,4467,4604,4527,4478,4475,4259,3621,3395,3012,20716,4923,28288,227,1344,66,1929,56,26081,0.2,63058,778,1.2,6144,2946,1554,994,564,86,47.9,25.3,16.2,9.2,1.4,5.3,5.2,2,1.1,0.9,1.2,1.3,1.6,1.6,8.2,14.3,7.4,1.5,0.9,0.9,1.3,1.4,1.3,2.3,15.6,49.2,8.6,36,0.4,2.3,0.1,3.4,54.5,45.5,41.3,6.1,10.7,24.9,6.1,4.6,3.4,6.1,0.4,4,7.9,8,7.6,8,7.8,8,7.9,7.8,7.8,7.4,6.3,5.9,5.2,4234.4,729.4,269.9,135.3,1260.8,207726910,36439771.1,19746570.3,11703671.8,362.4,1347.9,681,1015,828,15852353.8,60866755.9,31720810.3,51861204.3,47425785.7,29.3,3403.6,784.7,16.8,77.3,0.8,5369,35,127,6,18,1908.9,8538.6,4.8,10.9,1,38.4,154,456.8,3526.9,46.3,920.3,3314.1,16.6,3320.8,241.9,27.8,230.8,4,327.7,81.4,908.7,4203.6,21.6,4633.1,6.8,11.4,2077.1,52657.8,31669.2,21180,1195,22047,1302,22253,1447,3613.6,192.8,4201,219.3,4072.6,229.9,4130.6,230.2,4048.9,231.3,4187.4,236,852.8,30,4250.8,239.3,8785,523,25281,1758,17.7,16.9,15.4,28.5,17.8,18.7,19.2,17.7,17.9,17.5,17.7,16.8,14.4,62.9,49.6,8.5,3.2,1.6,14.8,22.4,24.3,0.7,80.4,18.5,0.4,8.6,31.8,16.1,24,19.6,78.4,5.7,0.7,5.5,0.1,7.7,1.9,3.6,83.3,10.8,0,0.3,0.9,1.1,21.7,78.3,13.6,43745,45156,46577,51093,57278,49057,49958,73155,86526,5.8,4.6,3.2,2.7,992,776,330,272,170,102,61.8,64.8,3101,37,10,203,2554,297,176,1048,1728,8,58,1,82,1338,293,53,1258,0.3,9.6,6.5,82.4,100,5.7,33.8,55.7,0.3,1.9,0,2.6,43.1,9.4,1.7,40.6,1.2
"15",49554,5083,3647,29616,19938,2820,13608,3568,23917,1781,3649,181,1797,3554,3684,3561,3741,3887,4008,3750,3728,3758,3864,3562,3275,3204,28667,1296,18158,118,380,27,908,5,22864,0,53300,714,1.3,5083,2302,1216,1070,415,80,45.3,23.9,21.1,8.2,1.6,2.7,3.8,1.5,1,1,1.8,0.4,0.7,2,6.1,9.6,5.6,2.1,0.9,0.9,0.5,1,0.2,0.2,11.8,36.6,2.6,57.9,0.2,0.8,0.1,1.8,59.8,40.2,48.3,7.4,10.3,27.5,7.2,5.7,3.6,7.4,0.4,3.6,7.2,7.4,7.2,7.5,7.8,8.1,7.6,7.5,7.6,7.8,7.2,6.6,6.5,3690.3,532,222.9,114.6,966.5,168866037.7,29952040.8,15251102,10724643.4,266.5,978,617.3,1033.9,794.5,9726597,38607746.2,26784680.1,50532102.2,43214912.2,32.3,3002.6,650.2,5.2,49.2,23.8,4559.9,25,132,6,18,1815.5,7341.9,10.6,10,2,13.8,65.4,960.6,2614.7,23.8,840.1,2850.2,16.4,2906.9,233.5,77.5,134.6,18.6,252.6,66.6,729.8,3712.2,19.7,4187.2,7.7,12.4,2942.4,51906.4,32382.4,19386,1199,21385,1307,21615,1407,2859.5,159.4,3650.1,192.2,3432,192.3,3387.4,194.6,3233.9,185.2,3226.3,186.9,121.5,3.3,3239.3,188.5,7698,493,26382,1766,16.2,16.4,15.4,37,17.2,17.9,19,17.8,17.4,17.5,17.3,15.6,14.9,62.1,50.3,7.2,3,1.6,13.2,24.7,40.1,0.9,81.4,17.6,0.1,7.2,26.5,16.7,28,21.5,78.8,6.3,2.1,3.6,0.5,6.8,1.8,1.8,70.9,26,0.1,0.3,0.4,0.6,22.8,77.2,13.4,36491,39476,43387,48875,54393,45759,56297,68416,93589,6.1,4.9,4.4,4,830,659,385,350,135,87,59.2,64,3112,21,32,190,2435,434,61,1735,1238,6,30,1,41,1521,271,92,1214,1,13.9,6.1,78.2,100,2,55.8,39.8,0.2,1,0,1.3,48.9,8.7,3,39,0.7
"16",84577,8974,11441,50757,33820,4261,23236,11303,41408,3509,4822,234,4320,6176,6035,6166,6197,6516,6519,6582,6221,6352,6436,5996,5597,5230,40400,4472,34928,400,2389,75,1913,116,38607,0.3,89484,1408,1.6,8974,3816,2172,2322,559,105,42.5,24.2,25.9,6.2,1.2,3.4,3.2,1.9,1,0.6,0.6,0.3,0.3,0.4,4.3,13.4,7,4.1,1.5,0.5,1,0.3,1,2.5,6.4,41.3,5.3,47.8,0.5,2.8,0.1,2.3,60,40,49,13.5,10.6,27.5,13.4,5,4.1,5.7,0.3,5.1,7.3,7.1,7.3,7.3,7.7,7.7,7.8,7.4,7.5,7.6,7.1,6.6,6.2,6369.6,873.2,354.3,160.5,1610.7,323298419.9,52624817.7,27542460.1,15640495.1,525.9,1672.1,1128.7,1769.1,1273.8,23163863.8,75843464.3,55684311.8,93368393.2,75238386.7,72.1,5234.3,1053.3,9.9,32.3,0,7757.6,49,183,18,65,2861.2,12229.5,12.7,26.5,4,24.5,54.5,822.1,5394.8,43.3,1373.2,4996.5,11.7,4686,385.8,198.2,324.7,9.6,531.9,233.4,1047.6,6455.9,16.2,6882.2,8.1,11.8,3227.2,81535.3,55563,33419,2034,35801,2204,35277,2324,5554,281,5850.2,302.9,5768.1,324.1,5585.9,314.2,5289.6,307.5,5256.4,301.3,33.2,1.8,5724.6,311.3,13447,854,39986,2797,16.4,16.2,15.2,18.8,18.4,19.8,19.3,17.8,17.8,17.2,17.4,15.7,14.3,63.4,52.1,7.1,2.9,1.3,13.2,23.4,26.4,1.1,82.2,16.5,0.2,8.3,26.3,17.7,27.8,20,73.6,6.1,3.1,5.1,0.2,8.4,3.7,0.9,84.7,12.9,0.1,0.4,0.4,0.7,21.6,78.4,13.3,44045,45358,49333,52777,59068,50756,60266,77744,97449,7.4,6.2,5.9,5.5,1631,1353,1008,943,219,172,63.8,67,5266,46,4,202,4213,801,257,2267,2488,27,135,1,91,2248,415,202,2121,0.1,15.2,3.8,80,100,4.9,43,47.2,0.5,2.6,0,1.7,42.7,7.9,3.8,40.3,0.9
"17",84148,8613,5234,53213,30935,4984,25055,5415,39046,3586,5161,206,4116,5994,6119,6052,6411,6624,6599,6830,6131,6190,6255,5938,5421,5262,49038,5569,26734,240,1049,46,1472,61,37847,0.2,88390,1573,1.8,8613,4553,1755,1380,797,128,52.9,20.4,16,9.3,1.5,3.7,4.2,2.3,1.1,0.7,0.6,0.1,0.3,0.3,3,12.1,6.3,2.9,0.9,0.1,0.7,0.5,0.2,0.9,3.7,31.8,6.6,58.3,0.3,1.2,0.1,1.7,63.2,36.8,46.4,6.2,10.2,29.8,6.4,5.9,4.3,6.1,0.2,4.9,7.1,7.3,7.2,7.6,7.9,7.8,8.1,7.3,7.4,7.4,7.1,6.4,6.3,6408.8,1020.1,395.4,174.2,1734.9,300486123.8,59081566.5,29969848.3,17205199.6,443.8,1754.7,1164.8,1740,1305.5,17179035.8,71881300.8,51534830.4,86014965.3,73875991.5,46.3,4995.2,1334.8,32.6,67.8,11,7998.5,32,216,18,68,2191.3,11924.8,1.6,14.2,3,24,139.4,1101,5049.9,77.4,1521.6,4887.2,14.5,4732.5,399.1,104.4,331.3,24.5,591.6,225.6,1201.7,6415.1,18.7,7186.5,7,12,3957.7,86229.8,50527.7,31649,1867,35156,2177,36028,2343,4844.2,257.1,5983.6,310.8,5825.7,327.6,5718.4,330.8,5523.5,316.9,5610.1,320.7,257.3,6.7,5635.5,316.7,13098,859,42220,2854,17,16.1,15.4,38.4,17.8,18.8,19.3,17.8,17.3,17.4,17.5,15.2,14.8,67.1,53.7,8.6,3.3,1.5,14.5,18.4,33.2,0.7,77.9,20.8,0.5,6.9,27.4,18.2,27.1,20.4,73.8,6.2,1.6,5.2,0.4,9.2,3.5,2.2,78.8,17.2,0,0.2,0.4,1.2,23.7,76.3,13.1,38711,40964,44242,49435,56588,46886,57915,75794,98775,6.8,5.5,4.6,4.2,1478,1198,851,773,217,185,60.6,70.3,5321,92,13,151,4325,740,323,2969,1862,11,66,5,85,2570,495,89,2124,0.2,13.9,2.8,81.3,100,6.1,55.8,35,0.2,1.2,0.1,1.6,48.3,9.3,1.7,39.9,1.7
"18",93208,7400,13227,49550,43658,5784,24209,12928,48230,2966,3030,131,3586,7429,7485,7099,7151,7519,7550,7421,6783,6828,7196,6512,5542,4976,64509,3955,21983,259,1141,127,1234,86,39771,0.2,97121,1714,1.8,7400,3365,2045,1186,676,128,45.5,27.6,16,9.1,1.7,2.6,3,1.9,1.3,0.7,1.3,1.2,1.4,0.8,9.8,6.3,7.2,2.2,1.7,0.4,0.6,1.1,0.4,0.4,13,23.6,4.2,69.2,0.3,1.2,0.1,1.3,53.2,46.8,51.7,14.2,7.9,26,13.9,6.2,3.2,3.3,0.1,3.8,8,8,7.6,7.7,8.1,8.1,8,7.3,7.3,7.7,7,5.9,5.3,5841,964.2,351,153.4,1036.9,301966532.5,58560405.4,26689787.1,15870480.4,680.9,1671.1,976,1435.1,1077.9,28040701.1,79520727.3,49681654.9,79064822.8,65658626.5,143,4419.7,1248.6,29.7,38.7,4.9,7309.6,24,202,11,60,2710.5,11057,1.9,14.8,4,70,211.2,1919,3569.5,52.4,1287.3,4553.7,4.7,4110.4,289.6,483.1,238.4,141.1,431.4,147,1384.8,5878.9,23.6,6491.7,7.3,11.4,5537.5,73803.5,47396.7,35106,2075,35850,2119,36285,2211,5156.8,234.9,6300.4,284.9,6106.6,305.5,5729.2,290.3,5745.9,289.4,5902.4,299.1,51.6,2,5836.3,294.1,14205,843,40471,2584,16.9,16.9,16.4,25.9,19.8,22,22.1,20,19.7,19.9,19.7,16.9,15.7,66.1,52.8,8.7,3.2,1.4,9.4,24.5,50.1,2.4,75.7,21.4,0.5,11.7,28.6,16.7,24.6,18.5,70.4,5,8.3,4.1,2.4,7.4,2.5,3.6,61.1,32.9,0.1,0.3,1.2,0.9,22,78,16,41182,47586,50904,55095,60911,51698,60732,76043,103426,5.4,4.5,4.6,3.9,914,762,871,749,169,191,61.1,64.5,4706,67,41,166,3609,823,202,3056,1314,18,65,5,46,1518,342,219,2118,0.9,17.5,3.5,76.7,100,4.3,64.9,27.9,0.4,1.4,0.1,1,32.3,7.3,4.7,45,1.4
"19",176546,19206,51174,135604,40942,15008,56760,53225,97892,3036,8349,493,8331,11062,11940,11699,12188,12626,13101,13095,13241,13312,15469,14030,13077,12882,159258,3893,9996,312,1154,378,1555,169,86634,0.2,186205,2776,1.5,19206,8702,4913,3435,2026,130,45.3,25.6,17.9,10.5,0.7,0.9,3.3,1.5,1.1,0.6,0.3,0.3,0.2,0.4,10.4,7.4,7.5,3.3,1.1,1.1,0.7,0.2,0.2,0.3,19.7,5.7,2.2,90.2,0.2,0.7,0.2,0.9,76.8,23.2,55.4,29,10.9,32.2,30.1,8.5,1.7,4.7,0.3,4.7,6.3,6.8,6.6,6.9,7.2,7.4,7.4,7.5,7.5,8.8,7.9,7.4,7.3,11500.2,2692.2,671.2,238.7,1820.7,607436535.9,166274196.3,52920374.2,22725646,642.2,2652.1,2216.2,4143.5,1846.2,25938854.1,131293453.1,113505816.7,225414953.2,111283458.8,181.7,8055.7,3191.1,71.6,0,0,15102.4,12,446,14,210,7232,24155.1,8.2,16.7,6.6,78.4,202,9342.6,1787.1,66.8,3388,8112.2,0,8330.8,609,1359.3,49.5,135.2,790.8,225.6,1231.6,11536.1,10.7,12185,9.9,11.9,21246.5,145380.4,120907.8,84783,4325,88064,4513,86839,4764,9040.2,472.3,9154.9,416.1,7126.8,398.8,6593.7,357.6,6214.7,339.4,6399,341.5,335,6,7287.7,416.3,36572,1907,101287,6548,19.6,19.5,18.2,55.8,17.5,19.1,22,17.9,18.4,18.3,18.7,19.2,15.5,62.5,47.6,11.1,2.8,1,7.5,29.9,88,1.6,70,27.7,0.6,5.6,23.1,19.3,36,16.1,72.4,5.3,11.8,0.4,1.2,6.9,2,1.8,15.5,81.2,0.1,0.1,0.7,0.6,29.5,70.5,15.4,40391,49505,51216,54402,60277,52820,61762,78839,95201,5.8,5.4,5.4,5,1456,1337,2314,2134,249,428,63.7,59.9,12545,182,395,276,10972,720,265,11488,618,21,71,14,68,8152,820,1381,5290,3.1,5.7,2.2,87.5,100,2.1,91.6,4.9,0.2,0.6,0.1,0.5,65,6.5,11,42.2,1.5
"20",477601,51050,58584,287180,190421,34712,117767,59555,249933,17185,38410,1459,20567,32241,33560,33821,34830,36466,37384,36612,35336,35724,39972,35564,33405,30660,328061,28733,97989,1086,9995,724,11013,750,211916,0.4,501337,7759,1.5,51050,21286,11007,11457,6595,705,41.7,21.6,22.4,12.9,1.4,1.4,2.8,1.5,1,0.5,0.5,0.5,0.7,0.5,8.8,4.5,4.1,1.7,0.8,0.3,0.6,0.5,0.9,0.7,16.5,20.5,6,68.7,0.2,2.1,0.2,2.3,60.1,39.9,52.3,12.3,10.7,24.7,12.5,7.3,3.6,8,0.3,4.3,6.8,7,7.1,7.3,7.6,7.8,7.7,7.4,7.5,8.4,7.4,7,6.4,30908.3,7049.6,1752.9,600.1,6219.7,1700263527,442510115.7,137717581,62092910.4,1944.4,8570,6104.6,9520.1,4769.3,95045483.5,441600189.3,327677979.8,539384210.3,296555664.1,230.7,21358.9,9133.1,185.6,46.3,13.9,40310.8,83,1113,39,426,16863.6,63394.1,58.6,69.2,32.7,247.4,1373.1,14150.4,14717.7,317.7,7581.3,23326.9,14.2,21980,1359.4,1893.5,959.7,460.4,2916.1,1339.1,4838.2,31137.9,15.5,32579.5,7.4,11.1,38932.1,362473.4,240402.7,204004,11037,204968,11088,204473,11729,24701.5,1252.7,31052.4,1339.7,29268.1,1465.1,27487.7,1405.1,26070.9,1353.1,25923.2,1339.1,416.2,13.7,24705.2,1317.5,86959,4687,242030,15076,18.5,18.5,17.4,30.3,18.8,19.7,23.2,20,19.6,19.3,19.4,18.6,16.1,63.6,48.8,11.1,2.8,0.9,9.8,26.6,61.4,0.7,69.1,29.5,0.6,6.3,27.7,19.8,30.8,15.4,71.1,4.4,6.1,3.1,1.5,9.4,4.3,4.4,47.6,45.8,0.1,0.2,0.8,1,24.5,75.5,15.5,48883,51529,53677,56658,62180,55010,62771,78567,103469,5.9,5,5.2,4.5,4398,3715,5243,4576,749,1012,63.2,62.8,31155,523,145,405,23193,6889,2056,20479,7215,65,629,66,645,14553,2529,1301,15910,0.5,22.1,1.3,74.4,100,6.6,65.7,23.2,0.2,2,0.2,2.1,46.7,8.1,4.2,51.1,1.7
