"Region Code","TEA Region","County Code","County Name","Gender","8th Grade (FY 2006)","Enrolled in 9th Grade (FY 2007)","% Enrolled in 9th Grade (FY 2007)","Enrolled in 10th Grade(FY 2008)","% Enrolled in 10th Grade (FY 2008)","Enrolled in <10th Grade (FY 2008)","% Enrolled in <10th Grade (FY 2008)","High School Graduate FY 2009-2011","% High School Graduate FY 2009-2011","Enrolled TX 4-year","% Enrolled TX 4-year","Enrolled TX 2-year","% Enrolled TX 2-year","Enrolled in Higher Education","% Enrolled in Higher Education","No Public HS Grad Record Enrolled in Higher Ed","% No Public HS Grad Record Enrolled in Higher Ed","Higher Ed Degree or Certificate Texas","% Higher Ed Degree or Certificate Texas"
01,Edinburg,031,CAMERON,Female,3457,3260,94.30%,2493,72.11%,702,20.31%,2611,75.53%,715,20.68%,1325,38.33%,2040,59.01%,111,3.21%,773,22.36%
01,Edinburg,031,CAMERON,Male,3513,3275,93.23%,2332,66.38%,907,25.82%,2571,73.19%,625,17.79%,1211,34.47%,1836,52.26%,100,2.85%,518,14.75%
01,Edinburg,108,HIDALGO,Female,6289,5943,94.50%,4877,77.55%,952,15.14%,4823,76.69%,1647,26.19%,2003,31.85%,3650,58.04%,168,2.67%,1578,25.09%
01,Edinburg,108,HIDALGO,Male,6350,5949,93.69%,4465,70.31%,1409,22.19%,4639,73.06%,1376,21.67%,1882,29.64%,3258,51.31%,177,2.79%,1017,16.02%
01,Edinburg,124,JIM HOGG,Female,36,35,97.22%,35,97.22%,0,0.00%,26,72.22%,8,22.22%,15,41.67%,23,63.89%,1,2.78%,8,22.22%
01,Edinburg,124,JIM HOGG,Male,39,38,97.44%,37,94.87%,1,2.56%,32,82.05%,11,28.21%,10,25.64%,21,53.85%,0,0.00%,6,15.38%
01,Edinburg,214,STARR,Female,635,605,95.28%,482,75.91%,99,15.59%,481,75.75%,116,18.27%,257,40.47%,373,58.74%,16,2.52%,170,26.77%
01,Edinburg,214,STARR,Male,564,541,95.92%,411,72.87%,125,22.16%,409,72.52%,89,15.78%,203,35.99%,292,51.77%,13,2.30%,113,20.04%
01,Edinburg,240,WEBB,Female,2118,2005,94.66%,1779,83.99%,201,9.49%,1740,82.15%,477,22.52%,978,46.18%,1455,68.70%,60,2.83%,592,27.95%
01,Edinburg,240,WEBB,Male,2246,2094,93.23%,1795,79.92%,292,13.00%,1750,77.92%,407,18.12%,959,42.70%,1366,60.82%,66,2.94%,442,19.68%
01,Edinburg,245,WILLACY,Female,166,149,89.76%,142,85.54%,15,9.04%,127,76.51%,33,19.88%,57,34.34%,90,54.22%,3,1.81%,25,15.06%
01,Edinburg,245,WILLACY,Male,178,169,94.94%,149,83.71%,20,11.24%,139,78.09%,33,18.54%,58,32.58%,91,51.12%,2,1.12%,24,13.48%
01,Edinburg,253,ZAPATA,Female,124,123,99.19%,107,86.29%,12,9.68%,98,79.03%,37,29.84%,35,28.23%,72,58.06%,2,1.61%,34,27.42%
01,Edinburg,253,ZAPATA,Male,137,132,96.35%,115,83.94%,11,8.03%,99,72.26%,28,20.44%,32,23.36%,60,43.80%,4,2.92%,22,16.06%
02,Corpus Christi,004,ARANSAS,Female,132,126,95.45%,111,84.09%,8,6.06%,104,78.79%,37,28.03%,39,29.55%,76,57.58%,3,2.27%,28,21.21%
02,Corpus Christi,004,ARANSAS,Male,164,149,90.85%,131,79.88%,12,7.32%,111,67.68%,31,18.90%,49,29.88%,80,48.78%,5,3.05%,25,15.24%
02,Corpus Christi,013,BEE,Female,199,187,93.97%,163,81.91%,23,11.56%,153,76.88%,32,16.08%,90,45.23%,122,61.31%,11,5.53%,46,23.12%
02,Corpus Christi,013,BEE,Male,212,202,95.28%,154,72.64%,42,19.81%,160,75.47%,13,6.13%,98,46.23%,111,52.36%,6,2.83%,34,16.04%
02,Corpus Christi,024,BROOKS,Female,78,76,97.44%,56,71.79%,17,21.79%,49,62.82%,10,12.82%,26,33.33%,36,46.15%,3,3.85%,12,15.38%
02,Corpus Christi,024,BROOKS,Male,66,65,98.48%,56,84.85%,8,12.12%,50,75.76%,16,24.24%,15,22.73%,31,46.97%,2,3.03%,7,10.61%
02,Corpus Christi,066,DUVAL,Female,112,108,96.43%,98,87.50%,7,6.25%,88,78.57%,28,25.00%,38,33.93%,66,58.93%,3,2.68%,26,23.21%
02,Corpus Christi,066,DUVAL,Male,96,89,92.71%,77,80.21%,8,8.33%,67,69.79%,14,14.58%,26,27.08%,40,41.67%,2,2.08%,13,13.54%
02,Corpus Christi,125,JIM WELLS,Female,326,311,95.40%,246,75.46%,67,20.55%,220,67.48%,73,22.39%,108,33.13%,181,55.52%,19,5.83%,58,17.79%
02,Corpus Christi,125,JIM WELLS,Male,347,338,97.41%,278,80.12%,56,16.14%,254,73.20%,79,22.77%,89,25.65%,168,48.41%,4,1.15%,43,12.39%
02,Corpus Christi,137,KLEBERG,Female,207,190,91.79%,156,75.36%,36,17.39%,148,71.50%,65,31.40%,58,28.02%,123,59.42%,7,3.38%,57,27.54%
02,Corpus Christi,137,KLEBERG,Male,226,215,95.13%,144,63.72%,61,26.99%,158,69.91%,74,32.74%,39,17.26%,113,50.00%,10,4.42%,30,13.27%
02,Corpus Christi,149,LIVE OAK,Female,76,75,98.68%,69,90.79%,3,3.95%,60,78.95%,19,25.00%,29,38.16%,48,63.16%,4,5.26%,19,25.00%
02,Corpus Christi,149,LIVE OAK,Male,79,76,96.20%,70,88.61%,3,3.80%,62,78.48%,12,15.19%,26,32.91%,38,48.10%,1,1.27%,12,15.19%
02,Corpus Christi,162,MCMULLEN,Female,9,9,100.0%,9,100.0%,0,0.00%,8,88.89%,3,33.33%,2,22.22%,5,55.56%,0,0.00%,5,55.56%
02,Corpus Christi,162,MCMULLEN,Male,8,8,100.0%,8,100.0%,0,0.00%,8,100.0%,4,50.00%,4,50.00%,8,100.0%,0,0.00%,3,37.50%
02,Corpus Christi,178,NUECES,Female,2284,2131,93.30%,1806,79.07%,273,11.95%,1623,71.06%,514,22.50%,797,34.89%,1311,57.40%,120,5.25%,482,21.10%
02,Corpus Christi,178,NUECES,Male,2359,2144,90.89%,1759,74.57%,358,15.18%,1664,70.54%,445,18.86%,681,28.87%,1126,47.73%,92,3.90%,318,13.48%
02,Corpus Christi,205,SAN PATRICIO,Female,581,534,91.91%,463,79.69%,53,9.12%,427,73.49%,132,22.72%,173,29.78%,305,52.50%,15,2.58%,115,19.79%
02,Corpus Christi,205,SAN PATRICIO,Male,620,570,91.94%,476,76.77%,88,14.19%,462,74.52%,124,20.00%,142,22.90%,266,42.90%,15,2.42%,78,12.58%
03,Victoria,029,CALHOUN,Female,162,158,97.53%,148,91.36%,6,3.70%,138,85.19%,30,18.52%,66,40.74%,96,59.26%,5,3.09%,42,25.93%
03,Victoria,029,CALHOUN,Male,180,169,93.89%,148,82.22%,17,9.44%,136,75.56%,14,7.78%,60,33.33%,74,41.11%,1,0.56%,22,12.22%
03,Victoria,045,COLORADO,Female,134,123,91.79%,113,84.33%,11,8.21%,106,79.10%,28,20.90%,54,40.30%,82,61.19%,2,1.49%,54,40.30%
03,Victoria,045,COLORADO,Male,152,148,97.37%,127,83.55%,15,9.87%,125,82.24%,17,11.18%,55,36.18%,72,47.37%,2,1.32%,30,19.74%
03,Victoria,062,DE WITT,Female,163,162,99.39%,135,82.82%,15,9.20%,129,79.14%,41,25.15%,59,36.20%,100,61.35%,8,4.91%,46,28.22%
03,Victoria,062,DE WITT,Male,186,179,96.24%,138,74.19%,27,14.52%,128,68.82%,31,16.67%,52,27.96%,83,44.62%,5,2.69%,39,20.97%
03,Victoria,088,GOLIAD,Female,52,50,96.15%,47,90.38%,2,3.85%,44,84.62%,13,25.00%,24,46.15%,37,71.15%,1,1.92%,19,36.54%
03,Victoria,088,GOLIAD,Male,63,61,96.83%,54,85.71%,8,12.70%,53,84.13%,10,15.87%,20,31.75%,30,47.62%,2,3.17%,12,19.05%
03,Victoria,120,JACKSON,Female,127,121,95.28%,113,88.98%,3,2.36%,100,78.74%,26,20.47%,51,40.16%,77,60.63%,4,3.15%,40,31.50%
03,Victoria,120,JACKSON,Male,123,120,97.56%,109,88.62%,3,2.44%,99,80.49%,20,16.26%,43,34.96%,63,51.22%,1,0.81%,23,18.70%
03,Victoria,128,KARNES,Female,74,72,97.30%,66,89.19%,4,5.41%,56,75.68%,12,16.22%,30,40.54%,42,56.76%,1,1.35%,17,22.97%
03,Victoria,128,KARNES,Male,86,85,98.84%,76,88.37%,9,10.47%,70,81.40%,14,16.28%,27,31.40%,41,47.67%,2,2.33%,16,18.60%
03,Victoria,143,LAVACA,Female,80,77,96.25%,73,91.25%,4,5.00%,65,81.25%,23,28.75%,34,42.50%,57,71.25%,7,8.75%,38,47.50%
03,Victoria,143,LAVACA,Male,85,79,92.94%,77,90.59%,2,2.35%,69,81.18%,18,21.18%,34,40.00%,52,61.18%,7,8.24%,29,34.12%
03,Victoria,158,MATAGORDA,Female,285,272,95.44%,245,85.96%,16,5.61%,225,78.95%,53,18.60%,107,37.54%,160,56.14%,1,0.35%,86,30.18%
03,Victoria,158,MATAGORDA,Male,299,284,94.98%,251,83.95%,28,9.36%,238,79.60%,41,13.71%,108,36.12%,149,49.83%,5,1.67%,65,21.74%
03,Victoria,196,REFUGIO,Female,42,38,90.48%,38,90.48%,2,4.76%,36,85.71%,6,14.29%,22,52.38%,28,66.67%,2,4.76%,10,23.81%
03,Victoria,196,REFUGIO,Male,76,74,97.37%,69,90.79%,4,5.26%,65,85.53%,7,9.21%,34,44.74%,41,53.95%,1,1.32%,16,21.05%
03,Victoria,235,VICTORIA,Female,520,478,91.92%,409,78.65%,51,9.81%,344,66.15%,50,9.62%,212,40.77%,262,50.38%,27,5.19%,87,16.73%
03,Victoria,235,VICTORIA,Male,576,522,90.63%,409,71.01%,99,17.19%,354,61.46%,49,8.51%,183,31.77%,232,40.28%,29,5.03%,72,12.50%
03,Victoria,241,WHARTON,Female,268,259,96.64%,248,92.54%,8,2.99%,226,84.33%,34,12.69%,137,51.12%,171,63.81%,6,2.24%,89,33.21%
03,Victoria,241,WHARTON,Male,335,320,95.52%,280,83.58%,32,9.55%,259,77.31%,36,10.75%,151,45.07%,187,55.82%,6,1.79%,77,22.99%
04,Houston,020,BRAZORIA,Female,2002,1914,95.60%,1718,85.81%,148,7.39%,1576,78.72%,399,19.93%,861,43.01%,1260,62.94%,91,4.55%,577,28.82%
04,Houston,020,BRAZORIA,Male,2144,2033,94.82%,1764,82.28%,238,11.10%,1666,77.71%,376,17.54%,834,38.90%,1210,56.44%,72,3.36%,502,23.41%
04,Houston,036,CHAMBERS,Female,244,229,93.85%,223,91.39%,6,2.46%,207,84.84%,56,22.95%,123,50.41%,179,73.36%,6,2.46%,88,36.07%
04,Houston,036,CHAMBERS,Male,264,244,92.42%,218,82.58%,20,7.58%,209,79.17%,61,23.11%,97,36.74%,158,59.85%,8,3.03%,68,25.76%
04,Houston,079,FORT BEND,Female,3457,3250,94.01%,2904,84.00%,322,9.31%,2786,80.59%,1228,35.52%,1126,32.57%,2354,68.09%,157,4.54%,1267,36.65%
04,Houston,079,FORT BEND,Male,3696,3437,92.99%,2943,79.63%,502,13.58%,2853,77.19%,1098,29.71%,1218,32.95%,2316,62.66%,204,5.52%,989,26.76%
04,Houston,084,GALVESTON,Female,2796,2639,94.38%,2295,82.08%,271,9.69%,2186,78.18%,692,24.75%,1194,42.70%,1886,67.45%,157,5.62%,981,35.09%
04,Houston,084,GALVESTON,Male,2913,2706,92.89%,2309,79.27%,334,11.47%,2236,76.76%,659,22.62%,1175,40.34%,1834,62.96%,153,5.25%,749,25.71%
04,Houston,101,HARRIS,Female,26613,24534,92.19%,20769,78.04%,3234,12.15%,19588,73.60%,5677,21.33%,9351,35.14%,15028,56.47%,1334,5.01%,6183,23.23%
04,Houston,101,HARRIS,Male,28174,25776,91.49%,20345,72.21%,4865,17.27%,19340,68.64%,4791,17.01%,8795,31.22%,13586,48.22%,1244,4.42%,4443,15.77%
04,Houston,146,LIBERTY,Female,569,528,92.79%,462,81.20%,58,10.19%,436,76.63%,97,17.05%,207,36.38%,304,53.43%,19,3.34%,110,19.33%
04,Houston,146,LIBERTY,Male,599,519,86.64%,425,70.95%,97,16.19%,412,68.78%,64,10.68%,155,25.88%,219,36.56%,13,2.17%,60,10.02%
04,Houston,237,WALLER,Female,301,290,96.35%,244,81.06%,39,12.96%,231,76.74%,67,22.26%,107,35.55%,174,57.81%,9,2.99%,63,20.93%
04,Houston,237,WALLER,Male,331,319,96.37%,246,74.32%,66,19.94%,244,73.72%,46,13.90%,93,28.10%,139,41.99%,7,2.11%,27,8.16%
05,Beaumont,084,GALVESTON,Female,8,8,100.0%,7,87.50%,1,12.50%,6,75.00%,2,25.00%,5,62.50%,7,87.50%,1,12.50%,1,12.50%
05,Beaumont,084,GALVESTON,Male,15,12,80.00%,12,80.00%,0,0.00%,11,73.33%,4,26.67%,2,13.33%,6,40.00%,0,0.00%,2,13.33%
05,Beaumont,100,HARDIN,Female,416,397,95.43%,364,87.50%,19,4.57%,328,78.85%,140,33.65%,102,24.52%,242,58.17%,12,2.88%,125,30.05%
05,Beaumont,100,HARDIN,Male,393,364,92.62%,314,79.90%,45,11.45%,299,76.08%,112,28.50%,89,22.65%,201,51.15%,13,3.31%,67,17.05%
05,Beaumont,121,JASPER,Female,248,236,95.16%,214,86.29%,9,3.63%,182,73.39%,62,25.00%,75,30.24%,137,55.24%,10,4.03%,51,20.56%
05,Beaumont,121,JASPER,Male,244,236,96.72%,218,89.34%,13,5.33%,187,76.64%,50,20.49%,73,29.92%,123,50.41%,7,2.87%,40,16.39%
05,Beaumont,123,JEFFERSON,Female,1537,1451,94.40%,1284,83.54%,132,8.59%,1163,75.67%,488,31.75%,479,31.16%,967,62.91%,85,5.53%,408,26.55%
05,Beaumont,123,JEFFERSON,Male,1570,1477,94.08%,1244,79.24%,183,11.66%,1090,69.43%,372,23.69%,396,25.22%,768,48.92%,64,4.08%,275,17.52%
05,Beaumont,176,NEWTON,Female,85,80,94.12%,70,82.35%,6,7.06%,58,68.24%,17,20.00%,24,28.24%,41,48.24%,3,3.53%,16,18.82%
05,Beaumont,176,NEWTON,Male,97,88,90.72%,67,69.07%,22,22.68%,67,69.07%,11,11.34%,24,24.74%,35,36.08%,5,5.15%,9,9.28%
05,Beaumont,181,ORANGE,Female,573,533,93.02%,477,83.25%,39,6.81%,439,76.61%,97,16.93%,260,45.38%,357,62.30%,31,5.41%,129,22.51%
05,Beaumont,181,ORANGE,Male,653,591,90.51%,516,79.02%,69,10.57%,471,72.13%,99,15.16%,217,33.23%,316,48.39%,21,3.22%,108,16.54%
05,Beaumont,229,TYLER,Female,143,139,97.20%,121,84.62%,14,9.79%,111,77.62%,24,16.78%,41,28.67%,65,45.45%,1,0.70%,20,13.99%
05,Beaumont,229,TYLER,Male,158,149,94.30%,131,82.91%,20,12.66%,122,77.22%,20,12.66%,47,29.75%,67,42.41%,2,1.27%,23,14.56%
06,Huntsville,008,AUSTIN,Female,192,184,95.83%,165,85.94%,15,7.81%,162,84.38%,44,22.92%,80,41.67%,124,64.58%,7,3.65%,61,31.77%
06,Huntsville,008,AUSTIN,Male,232,221,95.26%,187,80.60%,33,14.22%,188,81.03%,37,15.95%,77,33.19%,114,49.14%,2,0.86%,48,20.69%
06,Huntsville,021,BRAZOS,Female,843,798,94.66%,706,83.75%,73,8.66%,641,76.04%,171,20.28%,319,37.84%,490,58.13%,31,3.68%,206,24.44%
06,Huntsville,021,BRAZOS,Male,915,832,90.93%,679,74.21%,126,13.77%,633,69.18%,147,16.07%,290,31.69%,437,47.76%,27,2.95%,155,16.94%
06,Huntsville,026,BURLESON,Female,119,116,97.48%,104,87.39%,7,5.88%,101,84.87%,14,11.76%,60,50.42%,74,62.18%,0,0.00%,33,27.73%
06,Huntsville,026,BURLESON,Male,114,110,96.49%,88,77.19%,21,18.42%,88,77.19%,13,11.40%,37,32.46%,50,43.86%,4,3.51%,15,13.16%
06,Huntsville,093,GRIMES,Female,191,182,95.29%,169,88.48%,9,4.71%,137,71.73%,34,17.80%,54,28.27%,88,46.07%,6,3.14%,34,17.80%
06,Huntsville,093,GRIMES,Male,164,158,96.34%,143,87.20%,9,5.49%,121,73.78%,19,11.59%,49,29.88%,68,41.46%,2,1.22%,23,14.02%
06,Huntsville,113,HOUSTON,Female,135,129,95.56%,111,82.22%,15,11.11%,112,82.96%,27,20.00%,55,40.74%,82,60.74%,4,2.96%,42,31.11%
06,Huntsville,113,HOUSTON,Male,150,139,92.67%,131,87.33%,13,8.67%,124,82.67%,26,17.33%,50,33.33%,76,50.67%,1,0.67%,29,19.33%
06,Huntsville,145,LEON,Female,128,124,96.88%,115,89.84%,4,3.13%,100,78.13%,21,16.41%,56,43.75%,77,60.16%,3,2.34%,33,25.78%
06,Huntsville,145,LEON,Male,127,124,97.64%,119,93.70%,5,3.94%,108,85.04%,19,14.96%,50,39.37%,69,54.33%,7,5.51%,20,15.75%
06,Huntsville,154,MADISON,Female,93,90,96.77%,86,92.47%,3,3.23%,77,82.80%,27,29.03%,25,26.88%,52,55.91%,1,1.08%,25,26.88%
06,Huntsville,154,MADISON,Male,107,99,92.52%,97,90.65%,2,1.87%,89,83.18%,18,16.82%,24,22.43%,42,39.25%,1,0.93%,11,10.28%
06,Huntsville,166,MILAM,Female,174,163,93.68%,143,82.18%,20,11.49%,133,76.44%,39,22.41%,63,36.21%,102,58.62%,6,3.45%,43,24.71%
06,Huntsville,166,MILAM,Male,169,160,94.67%,142,84.02%,15,8.88%,131,77.51%,28,16.57%,50,29.59%,78,46.15%,3,1.78%,32,18.93%
06,Huntsville,170,MONTGOMERY,Female,2848,2665,93.57%,2342,82.23%,240,8.43%,2212,77.67%,632,22.19%,1060,37.22%,1692,59.41%,104,3.65%,767,26.93%
06,Huntsville,170,MONTGOMERY,Male,2998,2775,92.56%,2265,75.55%,451,15.04%,2203,73.48%,534,17.81%,964,32.15%,1498,49.97%,92,3.07%,548,18.28%
06,Huntsville,187,POLK,Female,274,260,94.89%,220,80.29%,20,7.30%,180,65.69%,32,11.68%,91,33.21%,123,44.89%,12,4.38%,33,12.04%
06,Huntsville,187,POLK,Male,296,267,90.20%,233,78.72%,35,11.82%,206,69.59%,45,15.20%,90,30.41%,135,45.61%,13,4.39%,49,16.55%
06,Huntsville,198,ROBERTSON,Female,132,125,94.70%,113,85.61%,5,3.79%,100,75.76%,19,14.39%,58,43.94%,77,58.33%,4,3.03%,33,25.00%
06,Huntsville,198,ROBERTSON,Male,121,112,92.56%,105,86.78%,10,8.26%,97,80.17%,17,14.05%,46,38.02%,63,52.07%,1,0.83%,15,12.40%
06,Huntsville,204,SAN JACINTO,Female,134,120,89.55%,106,79.10%,10,7.46%,89,66.42%,23,17.16%,42,31.34%,65,48.51%,6,4.48%,25,18.66%
06,Huntsville,204,SAN JACINTO,Male,148,136,91.89%,113,76.35%,15,10.14%,99,66.89%,17,11.49%,26,17.57%,43,29.05%,0,0.00%,16,10.81%
06,Huntsville,228,TRINITY,Female,81,76,93.83%,72,88.89%,3,3.70%,58,71.60%,12,14.81%,31,38.27%,43,53.09%,3,3.70%,15,18.52%
06,Huntsville,228,TRINITY,Male,81,80,98.77%,71,87.65%,6,7.41%,53,65.43%,9,11.11%,25,30.86%,34,41.98%,3,3.70%,13,16.05%
06,Huntsville,236,WALKER,Female,292,279,95.55%,239,81.85%,34,11.64%,220,75.34%,84,28.77%,79,27.05%,163,55.82%,6,2.05%,60,20.55%
06,Huntsville,236,WALKER,Male,313,306,97.76%,250,79.87%,47,15.02%,240,76.68%,88,28.12%,76,24.28%,164,52.40%,5,1.60%,54,17.25%
06,Huntsville,239,WASHINGTON,Female,188,183,97.34%,160,85.11%,17,9.04%,148,78.72%,32,17.02%,79,42.02%,111,59.04%,3,1.60%,56,29.79%
06,Huntsville,239,WASHINGTON,Male,206,200,97.09%,174,84.47%,16,7.77%,147,71.36%,25,12.14%,76,36.89%,101,49.03%,4,1.94%,47,22.82%
07,Kilgore,001,ANDERSON,Female,302,288,95.36%,264,87.42%,21,6.95%,241,79.80%,40,13.25%,140,46.36%,180,59.60%,13,4.30%,74,24.50%
07,Kilgore,001,ANDERSON,Male,356,332,93.26%,296,83.15%,37,10.39%,280,78.65%,38,10.67%,119,33.43%,157,44.10%,8,2.25%,66,18.54%
07,Kilgore,003,ANGELINA,Female,594,573,96.46%,514,86.53%,40,6.73%,478,80.47%,88,14.81%,286,48.15%,374,62.96%,24,4.04%,152,25.59%
07,Kilgore,003,ANGELINA,Male,596,567,95.13%,498,83.56%,59,9.90%,479,80.37%,78,13.09%,218,36.58%,296,49.66%,10,1.68%,90,15.10%
07,Kilgore,037,CHEROKEE,Female,291,275,94.50%,249,85.57%,13,4.47%,207,71.13%,37,12.71%,123,42.27%,160,54.98%,15,5.15%,67,23.02%
07,Kilgore,037,CHEROKEE,Male,329,302,91.79%,262,79.64%,30,9.12%,232,70.52%,33,10.03%,102,31.00%,135,41.03%,7,2.13%,45,13.68%
07,Kilgore,092,GREGG,Female,852,800,93.90%,712,83.57%,61,7.16%,663,77.82%,148,17.37%,369,43.31%,517,60.68%,25,2.93%,214,25.12%
07,Kilgore,092,GREGG,Male,885,831,93.90%,720,81.36%,82,9.27%,659,74.46%,102,11.53%,340,38.42%,442,49.94%,27,3.05%,162,18.31%
07,Kilgore,102,HARRISON,Female,456,430,94.30%,393,86.18%,25,5.48%,359,78.73%,92,20.18%,180,39.47%,272,59.65%,12,2.63%,120,26.32%
07,Kilgore,102,HARRISON,Male,502,471,93.82%,410,81.67%,53,10.56%,377,75.10%,67,13.35%,177,35.26%,244,48.61%,9,1.79%,90,17.93%
07,Kilgore,107,HENDERSON,Female,369,337,91.33%,297,80.49%,31,8.40%,267,72.36%,33,8.94%,182,49.32%,215,58.27%,17,4.61%,90,24.39%
07,Kilgore,107,HENDERSON,Male,418,402,96.17%,363,86.84%,31,7.42%,316,75.60%,49,11.72%,149,35.65%,198,47.37%,18,4.31%,77,18.42%
07,Kilgore,174,NACOGDOCHES,Female,413,402,97.34%,352,85.23%,30,7.26%,319,77.24%,96,23.24%,141,34.14%,237,57.38%,15,3.63%,96,23.24%
07,Kilgore,174,NACOGDOCHES,Male,393,375,95.42%,304,77.35%,48,12.21%,267,67.94%,74,18.83%,105,26.72%,179,45.55%,14,3.56%,67,17.05%
07,Kilgore,183,PANOLA,Female,158,152,96.20%,134,84.81%,15,9.49%,115,72.78%,18,11.39%,76,48.10%,94,59.49%,7,4.43%,41,25.95%
07,Kilgore,183,PANOLA,Male,130,120,92.31%,97,74.62%,17,13.08%,93,71.54%,13,10.00%,50,38.46%,63,48.46%,3,2.31%,30,23.08%
07,Kilgore,190,RAINS,Female,49,48,97.96%,47,95.92%,2,4.08%,43,87.76%,20,40.82%,18,36.73%,38,77.55%,3,6.12%,20,40.82%
07,Kilgore,190,RAINS,Male,53,50,94.34%,48,90.57%,4,7.55%,46,86.79%,13,24.53%,17,32.08%,30,56.60%,0,0.00%,11,20.75%
07,Kilgore,201,RUSK,Female,266,254,95.49%,225,84.59%,20,7.52%,206,77.44%,36,13.53%,117,43.98%,153,57.52%,5,1.88%,64,24.06%
07,Kilgore,201,RUSK,Male,296,280,94.59%,240,81.08%,30,10.14%,229,77.36%,33,11.15%,107,36.15%,140,47.30%,4,1.35%,55,18.58%
07,Kilgore,202,SABINE,Female,60,52,86.67%,43,71.67%,10,16.67%,42,70.00%,16,26.67%,18,30.00%,34,56.67%,1,1.67%,20,33.33%
07,Kilgore,202,SABINE,Male,65,61,93.85%,54,83.08%,4,6.15%,54,83.08%,8,12.31%,17,26.15%,25,38.46%,0,0.00%,7,10.77%
07,Kilgore,203,SAN AUGUSTINE,Female,46,43,93.48%,40,86.96%,2,4.35%,30,65.22%,8,17.39%,15,32.61%,23,50.00%,1,2.17%,8,17.39%
07,Kilgore,203,SAN AUGUSTINE,Male,57,52,91.23%,38,66.67%,15,26.32%,42,73.68%,4,7.02%,18,31.58%,22,38.60%,2,3.51%,12,21.05%
07,Kilgore,210,SHELBY,Female,186,174,93.55%,157,84.41%,9,4.84%,138,74.19%,22,11.83%,96,51.61%,118,63.44%,12,6.45%,46,24.73%
07,Kilgore,210,SHELBY,Male,190,180,94.74%,160,84.21%,17,8.95%,140,73.68%,21,11.05%,61,32.11%,82,43.16%,5,2.63%,24,12.63%
07,Kilgore,212,SMITH,Female,1168,1107,94.78%,950,81.34%,129,11.04%,903,77.31%,170,14.55%,568,48.63%,738,63.18%,50,4.28%,291,24.91%
07,Kilgore,212,SMITH,Male,1275,1177,92.31%,920,72.16%,223,17.49%,901,70.67%,159,12.47%,501,39.29%,660,51.76%,55,4.31%,236,18.51%
07,Kilgore,230,UPSHUR,Female,244,229,93.85%,203,83.20%,12,4.92%,174,71.31%,33,13.52%,97,39.75%,130,53.28%,9,3.69%,45,18.44%
07,Kilgore,230,UPSHUR,Male,295,281,95.25%,250,84.75%,23,7.80%,240,81.36%,49,16.61%,115,38.98%,164,55.59%,12,4.07%,56,18.98%
07,Kilgore,234,VAN ZANDT,Female,187,177,94.65%,164,87.70%,6,3.21%,136,72.73%,26,13.90%,84,44.92%,110,58.82%,10,5.35%,43,22.99%
07,Kilgore,234,VAN ZANDT,Male,226,211,93.36%,188,83.19%,15,6.64%,183,80.97%,28,12.39%,90,39.82%,118,52.21%,6,2.65%,49,21.68%
07,Kilgore,250,WOOD,Female,232,222,95.69%,199,85.78%,10,4.31%,179,77.16%,40,17.24%,87,37.50%,127,54.74%,5,2.16%,55,23.71%
07,Kilgore,250,WOOD,Male,252,235,93.25%,208,82.54%,19,7.54%,192,76.19%,38,15.08%,86,34.13%,124,49.21%,8,3.17%,50,19.84%
08,Mt. Pleasant,019,BOWIE,Female,620,574,92.58%,530,85.48%,22,3.55%,463,74.68%,92,14.84%,264,42.58%,356,57.42%,30,4.84%,124,20.00%
08,Mt. Pleasant,019,BOWIE,Male,733,669,91.27%,620,84.58%,27,3.68%,543,74.08%,89,12.14%,270,36.83%,359,48.98%,26,3.55%,117,15.96%
08,Mt. Pleasant,032,CAMP,Female,94,92,97.87%,87,92.55%,3,3.19%,77,81.91%,4,4.26%,60,63.83%,64,68.09%,7,7.45%,22,23.40%
08,Mt. Pleasant,032,CAMP,Male,90,89,98.89%,73,81.11%,10,11.11%,66,73.33%,2,2.22%,41,45.56%,43,47.78%,2,2.22%,10,11.11%
08,Mt. Pleasant,034,CASS,Female,212,197,92.92%,187,88.21%,5,2.36%,168,79.25%,31,14.62%,107,50.47%,138,65.09%,8,3.77%,46,21.70%
08,Mt. Pleasant,034,CASS,Male,223,205,91.93%,188,84.30%,13,5.83%,169,75.78%,20,8.97%,74,33.18%,94,42.15%,5,2.24%,30,13.45%
08,Mt. Pleasant,060,DELTA,Female,32,32,100.0%,32,100.0%,0,0.00%,28,87.50%,12,37.50%,11,34.38%,23,71.88%,0,0.00%,11,34.38%
08,Mt. Pleasant,060,DELTA,Male,47,47,100.0%,44,93.62%,1,2.13%,40,85.11%,6,12.77%,19,40.43%,25,53.19%,0,0.00%,10,21.28%
08,Mt. Pleasant,080,FRANKLIN,Female,45,44,97.78%,41,91.11%,1,2.22%,39,86.67%,9,20.00%,22,48.89%,31,68.89%,2,4.44%,13,28.89%
08,Mt. Pleasant,080,FRANKLIN,Male,64,60,93.75%,55,85.94%,4,6.25%,51,79.69%,8,12.50%,28,43.75%,36,56.25%,1,1.56%,19,29.69%
08,Mt. Pleasant,112,HOPKINS,Female,235,225,95.74%,201,85.53%,14,5.96%,187,79.57%,37,15.74%,105,44.68%,142,60.43%,12,5.11%,66,28.09%
08,Mt. Pleasant,112,HOPKINS,Male,267,253,94.76%,229,85.77%,20,7.49%,220,82.40%,47,17.60%,86,32.21%,133,49.81%,5,1.87%,48,17.98%
08,Mt. Pleasant,139,LAMAR,Female,317,304,95.90%,260,82.02%,28,8.83%,235,74.13%,42,13.25%,154,48.58%,196,61.83%,25,7.89%,83,26.18%
08,Mt. Pleasant,139,LAMAR,Male,407,377,92.63%,340,83.54%,25,6.14%,292,71.74%,35,8.60%,194,47.67%,229,56.27%,26,6.39%,91,22.36%
08,Mt. Pleasant,155,MARION,Female,57,51,89.47%,38,66.67%,9,15.79%,35,61.40%,6,10.53%,22,38.60%,28,49.12%,2,3.51%,9,15.79%
08,Mt. Pleasant,155,MARION,Male,51,48,94.12%,27,52.94%,18,35.29%,34,66.67%,9,17.65%,14,27.45%,23,45.10%,1,1.96%,8,15.69%
08,Mt. Pleasant,172,MORRIS,Female,92,89,96.74%,82,89.13%,4,4.35%,67,72.83%,17,18.48%,42,45.65%,59,64.13%,7,7.61%,19,20.65%
08,Mt. Pleasant,172,MORRIS,Male,121,107,88.43%,96,79.34%,15,12.40%,90,74.38%,10,8.26%,54,44.63%,64,52.89%,7,5.79%,17,14.05%
08,Mt. Pleasant,194,RED RIVER,Female,106,103,97.17%,97,91.51%,3,2.83%,83,78.30%,7,6.60%,60,56.60%,67,63.21%,4,3.77%,18,16.98%
08,Mt. Pleasant,194,RED RIVER,Male,103,100,97.09%,92,89.32%,3,2.91%,81,78.64%,12,11.65%,37,35.92%,49,47.57%,3,2.91%,13,12.62%
08,Mt. Pleasant,225,TITUS,Female,207,192,92.75%,174,84.06%,9,4.35%,159,76.81%,12,5.80%,122,58.94%,134,64.73%,12,5.80%,57,27.54%
08,Mt. Pleasant,225,TITUS,Male,241,222,92.12%,188,78.01%,30,12.45%,187,77.59%,12,4.98%,95,39.42%,107,44.40%,5,2.07%,31,12.86%
09,Wichita Falls,005,ARCHER,Female,64,63,98.44%,60,93.75%,0,0.00%,52,81.25%,24,37.50%,19,29.69%,43,67.19%,2,3.13%,22,34.38%
09,Wichita Falls,005,ARCHER,Male,85,82,96.47%,77,90.59%,2,2.35%,69,81.18%,30,35.29%,18,21.18%,48,56.47%,4,4.71%,21,24.71%
09,Wichita Falls,012,BAYLOR,Female,43,42,97.67%,39,90.70%,1,2.33%,37,86.05%,18,41.86%,15,34.88%,33,76.74%,1,2.33%,16,37.21%
09,Wichita Falls,012,BAYLOR,Male,21,19,90.48%,17,80.95%,1,4.76%,13,61.90%,5,23.81%,6,28.57%,11,52.38%,0,0.00%,4,19.05%
09,Wichita Falls,039,CLAY,Female,64,61,95.31%,58,90.63%,1,1.56%,54,84.38%,16,25.00%,25,39.06%,41,64.06%,2,3.13%,15,23.44%
09,Wichita Falls,039,CLAY,Male,86,83,96.51%,77,89.53%,6,6.98%,68,79.07%,27,31.40%,21,24.42%,48,55.81%,1,1.16%,22,25.58%
09,Wichita Falls,078,FOARD,Female,14,14,100.0%,14,100.0%,0,0.00%,11,78.57%,5,35.71%,1,7.14%,6,42.86%,1,7.14%,5,35.71%
09,Wichita Falls,078,FOARD,Male,10,9,90.00%,9,90.00%,0,0.00%,9,90.00%,2,20.00%,4,40.00%,6,60.00%,0,0.00%,1,10.00%
09,Wichita Falls,099,HARDEMAN,Female,29,27,93.10%,26,89.66%,1,3.45%,26,89.66%,6,20.69%,12,41.38%,18,62.07%,0,0.00%,10,34.48%
09,Wichita Falls,099,HARDEMAN,Male,23,21,91.30%,21,91.30%,1,4.35%,21,91.30%,4,17.39%,7,30.43%,11,47.83%,0,0.00%,4,17.39%
09,Wichita Falls,119,JACK,Female,69,64,92.75%,59,85.51%,3,4.35%,57,82.61%,18,26.09%,23,33.33%,41,59.42%,1,1.45%,17,24.64%
09,Wichita Falls,119,JACK,Male,65,62,95.38%,51,78.46%,7,10.77%,51,78.46%,14,21.54%,18,27.69%,32,49.23%,1,1.54%,9,13.85%
09,Wichita Falls,138,KNOX,Female,30,30,100.0%,30,100.0%,0,0.00%,28,93.33%,2,6.67%,15,50.00%,17,56.67%,0,0.00%,6,20.00%
09,Wichita Falls,138,KNOX,Male,31,29,93.55%,27,87.10%,3,9.68%,27,87.10%,4,12.90%,15,48.39%,19,61.29%,0,0.00%,4,12.90%
09,Wichita Falls,169,MONTAGUE,Female,133,127,95.49%,123,92.48%,3,2.26%,105,78.95%,37,27.82%,43,32.33%,80,60.15%,4,3.01%,41,30.83%
09,Wichita Falls,169,MONTAGUE,Male,122,115,94.26%,114,93.44%,3,2.46%,103,84.43%,24,19.67%,32,26.23%,56,45.90%,4,3.28%,16,13.11%
09,Wichita Falls,224,THROCKMORTON,Female,8,8,100.0%,8,100.0%,0,0.00%,8,100.0%,3,37.50%,4,50.00%,7,87.50%,0,0.00%,3,37.50%
09,Wichita Falls,224,THROCKMORTON,Male,16,14,87.50%,14,87.50%,1,6.25%,14,87.50%,7,43.75%,3,18.75%,10,62.50%,0,0.00%,5,31.25%
09,Wichita Falls,243,WICHITA,Female,807,746,92.44%,660,81.78%,48,5.95%,613,75.96%,200,24.78%,227,28.13%,427,52.91%,28,3.47%,165,20.45%
09,Wichita Falls,243,WICHITA,Male,837,784,93.67%,687,82.08%,63,7.53%,627,74.91%,193,23.06%,152,18.16%,345,41.22%,22,2.63%,124,14.81%
09,Wichita Falls,244,WILBARGER,Female,87,83,95.40%,74,85.06%,6,6.90%,69,79.31%,16,18.39%,38,43.68%,54,62.07%,3,3.45%,27,31.03%
09,Wichita Falls,244,WILBARGER,Male,107,97,90.65%,87,81.31%,10,9.35%,81,75.70%,21,19.63%,23,21.50%,44,41.12%,4,3.74%,18,16.82%
09,Wichita Falls,252,YOUNG,Female,109,108,99.08%,100,91.74%,3,2.75%,92,84.40%,41,37.61%,29,26.61%,70,64.22%,1,0.92%,44,40.37%
09,Wichita Falls,252,YOUNG,Male,126,121,96.03%,106,84.13%,11,8.73%,99,78.57%,38,30.16%,33,26.19%,71,56.35%,2,1.59%,33,26.19%
10,Richardson,043,COLLIN,Female,4605,4362,94.72%,4073,88.45%,171,3.71%,3877,84.19%,1278,27.75%,1659,36.03%,2937,63.78%,178,3.87%,1504,32.66%
10,Richardson,043,COLLIN,Male,4955,4644,93.72%,4213,85.03%,312,6.30%,4025,81.23%,1123,22.66%,1813,36.59%,2936,59.25%,201,4.06%,1257,25.37%
10,Richardson,057,DALLAS,Female,15954,14879,93.26%,12583,78.87%,1949,12.22%,11754,73.67%,3119,19.55%,5268,33.02%,8387,52.57%,629,3.94%,3110,19.49%
10,Richardson,057,DALLAS,Male,16195,14757,91.12%,11536,71.23%,3028,18.70%,10945,67.58%,2441,15.07%,4773,29.47%,7214,44.54%,670,4.14%,2189,13.52%
10,Richardson,070,ELLIS,Female,1106,1073,97.02%,939,84.90%,85,7.69%,882,79.75%,236,21.34%,497,44.94%,733,66.27%,54,4.88%,341,30.83%
10,Richardson,070,ELLIS,Male,1175,1110,94.47%,949,80.77%,153,13.02%,921,78.38%,194,16.51%,460,39.15%,654,55.66%,44,3.74%,246,20.94%
10,Richardson,074,FANNIN,Female,209,193,92.34%,192,91.87%,6,2.87%,165,78.95%,34,16.27%,98,46.89%,132,63.16%,8,3.83%,55,26.32%
10,Richardson,074,FANNIN,Male,251,236,94.02%,219,87.25%,14,5.58%,196,78.09%,32,12.75%,90,35.86%,122,48.61%,9,3.59%,42,16.73%
10,Richardson,091,GRAYSON,Female,794,762,95.97%,679,85.52%,56,7.05%,606,76.32%,136,17.13%,357,44.96%,493,62.09%,44,5.54%,213,26.83%
10,Richardson,091,GRAYSON,Male,927,880,94.93%,783,84.47%,77,8.31%,719,77.56%,122,13.16%,358,38.62%,480,51.78%,30,3.24%,156,16.83%
10,Richardson,116,HUNT,Female,547,517,94.52%,454,83.00%,50,9.14%,403,73.67%,107,19.56%,189,34.55%,296,54.11%,23,4.20%,139,25.41%
10,Richardson,116,HUNT,Male,577,541,93.76%,430,74.52%,98,16.98%,412,71.40%,96,16.64%,157,27.21%,253,43.85%,16,2.77%,78,13.52%
10,Richardson,129,KAUFMAN,Female,795,759,95.47%,693,87.17%,48,6.04%,637,80.13%,146,18.36%,353,44.40%,499,62.77%,33,4.15%,218,27.42%
10,Richardson,129,KAUFMAN,Male,829,788,95.05%,673,81.18%,107,12.91%,657,79.25%,133,16.04%,287,34.62%,420,50.66%,22,2.65%,149,17.97%
10,Richardson,199,ROCKWALL,Female,518,493,95.17%,465,89.77%,18,3.47%,434,83.78%,140,27.03%,203,39.19%,343,66.22%,20,3.86%,164,31.66%
10,Richardson,199,ROCKWALL,Male,556,534,96.04%,503,90.47%,24,4.32%,465,83.63%,112,20.14%,216,38.85%,328,58.99%,19,3.42%,119,21.40%
10,Richardson,234,VAN ZANDT,Female,192,182,94.79%,161,83.85%,14,7.29%,150,78.13%,23,11.98%,91,47.40%,114,59.38%,6,3.13%,58,30.21%
10,Richardson,234,VAN ZANDT,Male,188,178,94.68%,144,76.60%,27,14.36%,137,72.87%,31,16.49%,56,29.79%,87,46.28%,4,2.13%,34,18.09%
11,Fort Worth,049,COOKE,Female,232,218,93.97%,192,82.76%,20,8.62%,180,77.59%,40,17.24%,84,36.21%,124,53.45%,7,3.02%,56,24.14%
11,Fort Worth,049,COOKE,Male,241,233,96.68%,207,85.89%,16,6.64%,186,77.18%,29,12.03%,87,36.10%,116,48.13%,5,2.07%,40,16.60%
11,Fort Worth,061,DENTON,Female,3352,3158,94.21%,2815,83.98%,292,8.71%,2721,81.18%,889,26.52%,1167,34.82%,2056,61.34%,127,3.79%,971,28.97%
11,Fort Worth,061,DENTON,Male,3601,3368,93.53%,2897,80.45%,434,12.05%,2854,79.26%,793,22.02%,1215,33.74%,2008,55.76%,129,3.58%,768,21.33%
11,Fort Worth,072,ERATH,Female,208,204,98.08%,191,91.83%,9,4.33%,178,85.58%,78,37.50%,58,27.88%,136,65.38%,5,2.40%,64,30.77%
11,Fort Worth,072,ERATH,Male,213,197,92.49%,173,81.22%,21,9.86%,156,73.24%,63,29.58%,37,17.37%,100,46.95%,4,1.88%,43,20.19%
11,Fort Worth,111,HOOD,Female,311,287,92.28%,265,85.21%,11,3.54%,240,77.17%,66,21.22%,99,31.83%,165,53.05%,11,3.54%,75,24.12%
11,Fort Worth,111,HOOD,Male,315,304,96.51%,284,90.16%,12,3.81%,257,81.59%,89,28.25%,86,27.30%,175,55.56%,6,1.90%,77,24.44%
11,Fort Worth,126,JOHNSON,Female,1088,1026,94.30%,920,84.56%,86,7.90%,857,78.77%,213,19.58%,425,39.06%,638,58.64%,44,4.04%,303,27.85%
11,Fort Worth,126,JOHNSON,Male,1074,1003,93.39%,865,80.54%,133,12.38%,810,75.42%,176,16.39%,342,31.84%,518,48.23%,35,3.26%,180,16.76%
11,Fort Worth,182,PALO PINTO,Female,169,160,94.67%,143,84.62%,8,4.73%,130,76.92%,32,18.93%,62,36.69%,94,55.62%,7,4.14%,50,29.59%
11,Fort Worth,182,PALO PINTO,Male,202,189,93.56%,156,77.23%,16,7.92%,144,71.29%,25,12.38%,55,27.23%,80,39.60%,1,0.50%,33,16.34%
11,Fort Worth,184,PARKER,Female,715,682,95.38%,630,88.11%,24,3.36%,561,78.46%,163,22.80%,289,40.42%,452,63.22%,41,5.73%,233,32.59%
11,Fort Worth,184,PARKER,Male,783,726,92.72%,649,82.89%,70,8.94%,603,77.01%,153,19.54%,276,35.25%,429,54.79%,32,4.09%,178,22.73%
11,Fort Worth,213,SOMERVELL,Female,64,64,100.0%,61,95.31%,3,4.69%,55,85.94%,24,37.50%,13,20.31%,37,57.81%,1,1.56%,20,31.25%
11,Fort Worth,213,SOMERVELL,Male,60,55,91.67%,51,85.00%,4,6.67%,50,83.33%,17,28.33%,10,16.67%,27,45.00%,0,0.00%,14,23.33%
11,Fort Worth,220,TARRANT,Female,11360,10569,93.04%,9206,81.04%,1120,9.86%,8543,75.20%,2606,22.94%,3992,35.14%,6598,58.08%,507,4.46%,2892,25.46%
11,Fort Worth,220,TARRANT,Male,11799,10887,92.27%,8749,74.15%,1837,15.57%,8178,69.31%,2101,17.81%,3859,32.71%,5960,50.51%,555,4.70%,1991,16.87%
11,Fort Worth,249,WISE,Female,333,308,92.49%,289,86.79%,13,3.90%,269,80.78%,77,23.12%,120,36.04%,197,59.16%,5,1.50%,88,26.43%
11,Fort Worth,249,WISE,Male,342,323,94.44%,296,86.55%,22,6.43%,276,80.70%,52,15.20%,115,33.63%,167,48.83%,5,1.46%,65,19.01%
12,Waco,014,BELL,Female,1941,1761,90.73%,1418,73.06%,253,13.03%,1331,68.57%,331,17.05%,749,38.59%,1080,55.64%,108,5.56%,394,20.30%
12,Waco,014,BELL,Male,2058,1821,88.48%,1391,67.59%,371,18.03%,1386,67.35%,310,15.06%,675,32.80%,985,47.86%,99,4.81%,294,14.29%
12,Waco,018,BOSQUE,Female,146,142,97.26%,132,90.41%,2,1.37%,129,88.36%,36,24.66%,74,50.68%,110,75.34%,4,2.74%,53,36.30%
12,Waco,018,BOSQUE,Male,112,106,94.64%,99,88.39%,3,2.68%,95,84.82%,17,15.18%,48,42.86%,65,58.04%,3,2.68%,25,22.32%
12,Waco,050,CORYELL,Female,432,381,88.19%,330,76.39%,45,10.42%,303,70.14%,84,19.44%,163,37.73%,247,57.18%,21,4.86%,104,24.07%
12,Waco,050,CORYELL,Male,414,376,90.82%,322,77.78%,51,12.32%,315,76.09%,69,16.67%,137,33.09%,206,49.76%,10,2.42%,67,16.18%
12,Waco,073,FALLS,Female,106,101,95.28%,90,84.91%,5,4.72%,80,75.47%,22,20.75%,46,43.40%,68,64.15%,5,4.72%,28,26.42%
12,Waco,073,FALLS,Male,113,104,92.04%,82,72.57%,21,18.58%,74,65.49%,14,12.39%,36,31.86%,50,44.25%,4,3.54%,21,18.58%
12,Waco,081,FREESTONE,Female,133,128,96.24%,117,87.97%,5,3.76%,111,83.46%,31,23.31%,68,51.13%,99,74.44%,4,3.01%,49,36.84%
12,Waco,081,FREESTONE,Male,148,136,91.89%,120,81.08%,10,6.76%,109,73.65%,18,12.16%,59,39.86%,77,52.03%,4,2.70%,30,20.27%
12,Waco,097,HAMILTON,Female,80,78,97.50%,76,95.00%,3,3.75%,66,82.50%,29,36.25%,24,30.00%,53,66.25%,4,5.00%,19,23.75%
12,Waco,097,HAMILTON,Male,63,60,95.24%,58,92.06%,3,4.76%,53,84.13%,22,34.92%,15,23.81%,37,58.73%,1,1.59%,15,23.81%
12,Waco,109,HILL,Female,207,202,97.58%,180,86.96%,12,5.80%,168,81.16%,36,17.39%,106,51.21%,142,68.60%,12,5.80%,65,31.40%
12,Waco,109,HILL,Male,242,230,95.04%,208,85.95%,14,5.79%,191,78.93%,30,12.40%,112,46.28%,142,58.68%,7,2.89%,45,18.60%
12,Waco,141,LAMPASAS,Female,132,120,90.91%,109,82.58%,5,3.79%,100,75.76%,33,25.00%,33,25.00%,66,50.00%,5,3.79%,24,18.18%
12,Waco,141,LAMPASAS,Male,179,167,93.30%,147,82.12%,17,9.50%,132,73.74%,25,13.97%,53,29.61%,78,43.58%,7,3.91%,25,13.97%
12,Waco,147,LIMESTONE,Female,154,149,96.75%,127,82.47%,14,9.09%,110,71.43%,26,16.88%,75,48.70%,101,65.58%,8,5.19%,43,27.92%
12,Waco,147,LIMESTONE,Male,160,155,96.88%,137,85.63%,12,7.50%,118,73.75%,21,13.13%,69,43.13%,90,56.25%,8,5.00%,33,20.63%
12,Waco,161,MCLENNAN,Female,1482,1377,92.91%,1233,83.20%,145,9.78%,1157,78.07%,247,16.67%,779,52.56%,1026,69.23%,81,5.47%,450,30.36%
12,Waco,161,MCLENNAN,Male,1533,1408,91.85%,1219,79.52%,188,12.26%,1129,73.65%,195,12.72%,707,46.12%,902,58.84%,79,5.15%,338,22.05%
12,Waco,167,MILLS,Female,26,26,100.0%,24,92.31%,2,7.69%,25,96.15%,8,30.77%,9,34.62%,17,65.38%,0,0.00%,8,30.77%
12,Waco,167,MILLS,Male,43,42,97.67%,36,83.72%,5,11.63%,31,72.09%,9,20.93%,14,32.56%,23,53.49%,2,4.65%,10,23.26%
12,Waco,175,NAVARRO,Female,311,297,95.50%,264,84.89%,23,7.40%,231,74.28%,31,9.97%,183,58.84%,214,68.81%,30,9.65%,86,27.65%
12,Waco,175,NAVARRO,Male,359,334,93.04%,289,80.50%,37,10.31%,248,69.08%,29,8.08%,173,48.19%,202,56.27%,22,6.13%,67,18.66%
13,Austin,011,BASTROP,Female,509,482,94.70%,415,81.53%,61,11.98%,410,80.55%,106,20.83%,161,31.63%,267,52.46%,12,2.36%,88,17.29%
13,Austin,011,BASTROP,Male,540,505,93.52%,408,75.56%,89,16.48%,417,77.22%,84,15.56%,149,27.59%,233,43.15%,11,2.04%,63,11.67%
13,Austin,014,BELL,Female,16,16,100.0%,14,87.50%,1,6.25%,11,68.75%,5,31.25%,4,25.00%,9,56.25%,0,0.00%,3,18.75%
13,Austin,014,BELL,Male,14,12,85.71%,9,64.29%,2,14.29%,9,64.29%,3,21.43%,2,14.29%,5,35.71%,0,0.00%,0,0.00%
13,Austin,016,BLANCO,Female,49,49,100.0%,42,85.71%,2,4.08%,39,79.59%,21,42.86%,10,20.41%,31,63.27%,2,4.08%,12,24.49%
13,Austin,016,BLANCO,Male,71,67,94.37%,58,81.69%,6,8.45%,57,80.28%,12,16.90%,23,32.39%,35,49.30%,4,5.63%,13,18.31%
13,Austin,027,BURNET,Female,240,225,93.75%,203,84.58%,18,7.50%,189,78.75%,50,20.83%,74,30.83%,124,51.67%,5,2.08%,61,25.42%
13,Austin,027,BURNET,Male,268,257,95.90%,225,83.96%,30,11.19%,220,82.09%,61,22.76%,63,23.51%,124,46.27%,6,2.24%,44,16.42%
13,Austin,028,CALDWELL,Female,223,214,95.96%,205,91.93%,5,2.24%,188,84.30%,56,25.11%,59,26.46%,115,51.57%,3,1.35%,45,20.18%
13,Austin,028,CALDWELL,Male,243,237,97.53%,208,85.60%,19,7.82%,193,79.42%,57,23.46%,37,15.23%,94,38.68%,0,0.00%,29,11.93%
13,Austin,046,COMAL,Female,787,730,92.76%,648,82.34%,58,7.37%,606,77.00%,220,27.95%,232,29.48%,452,57.43%,34,4.32%,218,27.70%
13,Austin,046,COMAL,Male,864,819,94.79%,713,82.52%,94,10.88%,685,79.28%,235,27.20%,224,25.93%,459,53.13%,17,1.97%,218,25.23%
13,Austin,075,FAYETTE,Female,137,133,97.08%,120,87.59%,9,6.57%,115,83.94%,25,18.25%,61,44.53%,86,62.77%,2,1.46%,52,37.96%
13,Austin,075,FAYETTE,Male,172,160,93.02%,143,83.14%,19,11.05%,139,80.81%,23,13.37%,77,44.77%,100,58.14%,1,0.58%,46,26.74%
13,Austin,086,GILLESPIE,Female,143,136,95.10%,126,88.11%,5,3.50%,126,88.11%,52,36.36%,28,19.58%,80,55.94%,1,0.70%,44,30.77%
13,Austin,086,GILLESPIE,Male,135,130,96.30%,123,91.11%,6,4.44%,119,88.15%,30,22.22%,34,25.19%,64,47.41%,1,0.74%,23,17.04%
13,Austin,089,GONZALES,Female,134,129,96.27%,117,87.31%,10,7.46%,98,73.13%,26,19.40%,35,26.12%,61,45.52%,3,2.24%,26,19.40%
13,Austin,089,GONZALES,Male,133,128,96.24%,105,78.95%,22,16.54%,93,69.92%,22,16.54%,25,18.80%,47,35.34%,3,2.26%,19,14.29%
13,Austin,094,GUADALUPE,Female,768,715,93.10%,610,79.43%,86,11.20%,599,77.99%,195,25.39%,228,29.69%,423,55.08%,21,2.73%,197,25.65%
13,Austin,094,GUADALUPE,Male,710,658,92.68%,547,77.04%,113,15.92%,549,77.32%,145,20.42%,179,25.21%,324,45.63%,16,2.25%,114,16.06%
13,Austin,105,HAYS,Female,834,793,95.08%,713,85.49%,74,8.87%,664,79.62%,258,30.94%,226,27.10%,484,58.03%,21,2.52%,209,25.06%
13,Austin,105,HAYS,Male,916,884,96.51%,749,81.77%,124,13.54%,738,80.57%,242,26.42%,235,25.66%,477,52.07%,18,1.97%,151,16.48%
13,Austin,130,KENDALL,Female,48,46,95.83%,45,93.75%,1,2.08%,42,87.50%,16,33.33%,10,20.83%,26,54.17%,0,0.00%,14,29.17%
13,Austin,130,KENDALL,Male,49,46,93.88%,40,81.63%,5,10.20%,37,75.51%,17,34.69%,12,24.49%,29,59.18%,2,4.08%,14,28.57%
13,Austin,144,LEE,Female,94,89,94.68%,75,79.79%,14,14.89%,74,78.72%,20,21.28%,29,30.85%,49,52.13%,2,2.13%,23,24.47%
13,Austin,144,LEE,Male,100,93,93.00%,85,85.00%,9,9.00%,77,77.00%,16,16.00%,41,41.00%,57,57.00%,5,5.00%,17,17.00%
13,Austin,150,LLANO,Female,75,69,92.00%,61,81.33%,4,5.33%,57,76.00%,25,33.33%,14,18.67%,39,52.00%,1,1.33%,17,22.67%
13,Austin,150,LLANO,Male,61,57,93.44%,47,77.05%,10,16.39%,48,78.69%,17,27.87%,15,24.59%,32,52.46%,0,0.00%,11,18.03%
13,Austin,166,MILAM,Female,21,20,95.24%,20,95.24%,0,0.00%,20,95.24%,6,28.57%,10,47.62%,16,76.19%,1,4.76%,6,28.57%
13,Austin,166,MILAM,Male,24,22,91.67%,22,91.67%,1,4.17%,21,87.50%,3,12.50%,9,37.50%,12,50.00%,0,0.00%,4,16.67%
13,Austin,227,TRAVIS,Female,4320,4022,93.10%,3449,79.84%,462,10.69%,3169,73.36%,1083,25.07%,1191,27.57%,2274,52.64%,166,3.84%,940,21.76%
13,Austin,227,TRAVIS,Male,4727,4346,91.94%,3546,75.02%,689,14.58%,3299,69.79%,1011,21.39%,1252,26.49%,2263,47.87%,176,3.72%,765,16.18%
13,Austin,246,WILLIAMSON,Female,2920,2799,95.86%,2547,87.23%,182,6.23%,2442,83.63%,955,32.71%,924,31.64%,1879,64.35%,81,2.77%,961,32.91%
13,Austin,246,WILLIAMSON,Male,3034,2902,95.65%,2592,85.43%,255,8.40%,2489,82.04%,872,28.74%,953,31.41%,1825,60.15%,93,3.07%,791,26.07%
14,Abilene,030,CALLAHAN,Female,114,107,93.86%,102,89.47%,2,1.75%,89,78.07%,38,33.33%,42,36.84%,80,70.18%,5,4.39%,41,35.96%
14,Abilene,030,CALLAHAN,Male,106,98,92.45%,92,86.79%,10,9.43%,82,77.36%,27,25.47%,28,26.42%,55,51.89%,3,2.83%,28,26.42%
14,Abilene,047,COMANCHE,Female,94,88,93.62%,80,85.11%,5,5.32%,71,75.53%,29,30.85%,25,26.60%,54,57.45%,4,4.26%,23,24.47%
14,Abilene,047,COMANCHE,Male,99,95,95.96%,82,82.83%,10,10.10%,75,75.76%,23,23.23%,27,27.27%,50,50.51%,2,2.02%,15,15.15%
14,Abilene,067,EASTLAND,Female,115,112,97.39%,107,93.04%,1,0.87%,92,80.00%,34,29.57%,50,43.48%,84,73.04%,3,2.61%,44,38.26%
14,Abilene,067,EASTLAND,Male,123,120,97.56%,111,90.24%,6,4.88%,101,82.11%,23,18.70%,46,37.40%,69,56.10%,3,2.44%,27,21.95%
14,Abilene,076,FISHER,Female,27,27,100.0%,25,92.59%,0,0.00%,21,77.78%,9,33.33%,8,29.63%,17,62.96%,1,3.70%,8,29.63%
14,Abilene,076,FISHER,Male,31,30,96.77%,29,93.55%,0,0.00%,22,70.97%,4,12.90%,9,29.03%,13,41.94%,0,0.00%,5,16.13%
14,Abilene,104,HASKELL,Female,36,36,100.0%,34,94.44%,1,2.78%,30,83.33%,16,44.44%,9,25.00%,25,69.44%,0,0.00%,9,25.00%
14,Abilene,104,HASKELL,Male,29,25,86.21%,22,75.86%,1,3.45%,25,86.21%,7,24.14%,3,10.34%,10,34.48%,0,0.00%,8,27.59%
14,Abilene,127,JONES,Female,112,107,95.54%,103,91.96%,2,1.79%,93,83.04%,36,32.14%,37,33.04%,73,65.18%,1,0.89%,33,29.46%
14,Abilene,127,JONES,Male,110,105,95.45%,101,91.82%,4,3.64%,92,83.64%,32,29.09%,22,20.00%,54,49.09%,0,0.00%,25,22.73%
14,Abilene,168,MITCHELL,Female,58,54,93.10%,51,87.93%,2,3.45%,40,68.97%,11,18.97%,17,29.31%,28,48.28%,3,5.17%,12,20.69%
14,Abilene,168,MITCHELL,Male,50,48,96.00%,42,84.00%,5,10.00%,41,82.00%,6,12.00%,15,30.00%,21,42.00%,1,2.00%,11,22.00%
14,Abilene,177,NOLAN,Female,114,109,95.61%,93,81.58%,14,12.28%,89,78.07%,29,25.44%,31,27.19%,60,52.63%,1,0.88%,29,25.44%
14,Abilene,177,NOLAN,Male,121,116,95.87%,96,79.34%,19,15.70%,87,71.90%,32,26.45%,29,23.97%,61,50.41%,3,2.48%,32,26.45%
14,Abilene,208,SCURRY,Female,125,123,98.40%,114,91.20%,10,8.00%,102,81.60%,10,8.00%,76,60.80%,86,68.80%,4,3.20%,34,27.20%
14,Abilene,208,SCURRY,Male,129,121,93.80%,101,78.29%,20,15.50%,96,74.42%,8,6.20%,57,44.19%,65,50.39%,0,0.00%,32,24.81%
14,Abilene,209,SHACKELFORD,Female,,,,,,,,,,,,,,,,,,,
14,Abilene,209,SHACKELFORD,Male,,,,,,,,,,,,,,,,,,,
14,Abilene,215,STEPHENS,Female,72,69,95.83%,65,90.28%,2,2.78%,59,81.94%,9,12.50%,39,54.17%,48,66.67%,4,5.56%,19,26.39%
14,Abilene,215,STEPHENS,Male,64,64,100.0%,54,84.38%,6,9.38%,47,73.44%,18,28.13%,13,20.31%,31,48.44%,2,3.13%,10,15.63%
14,Abilene,217,STONEWALL,Female,,,,,,,,,,,,,,,,,,,
14,Abilene,217,STONEWALL,Male,,,,,,,,,,,,,,,,,,,
14,Abilene,221,TAYLOR,Female,853,795,93.20%,724,84.88%,65,7.62%,646,75.73%,242,28.37%,278,32.59%,520,60.96%,34,3.99%,249,29.19%
14,Abilene,221,TAYLOR,Male,833,771,92.56%,668,80.19%,86,10.32%,606,72.75%,181,21.73%,237,28.45%,418,50.18%,28,3.36%,168,20.17%
15,San Angelo,025,BROWN,Female,254,244,96.06%,224,88.19%,12,4.72%,199,78.35%,90,35.43%,67,26.38%,157,61.81%,11,4.33%,80,31.50%
15,San Angelo,025,BROWN,Male,303,287,94.72%,269,88.78%,19,6.27%,226,74.59%,74,24.42%,74,24.42%,148,48.84%,10,3.30%,56,18.48%
15,San Angelo,041,COKE,Female,34,33,97.06%,31,91.18%,0,0.00%,28,82.35%,3,8.82%,13,38.24%,16,47.06%,0,0.00%,4,11.76%
15,San Angelo,041,COKE,Male,34,33,97.06%,32,94.12%,2,5.88%,28,82.35%,8,23.53%,11,32.35%,19,55.88%,0,0.00%,3,8.82%
15,San Angelo,042,COLEMAN,Female,74,71,95.95%,67,90.54%,2,2.70%,59,79.73%,15,20.27%,28,37.84%,43,58.11%,4,5.41%,17,22.97%
15,San Angelo,042,COLEMAN,Male,65,62,95.38%,57,87.69%,3,4.62%,52,80.00%,13,20.00%,15,23.08%,28,43.08%,1,1.54%,10,15.38%
15,San Angelo,048,CONCHO,Female,15,15,100.0%,15,100.0%,0,0.00%,15,100.0%,6,40.00%,6,40.00%,12,80.00%,0,0.00%,1,6.67%
15,San Angelo,048,CONCHO,Male,15,15,100.0%,15,100.0%,0,0.00%,13,86.67%,3,20.00%,5,33.33%,8,53.33%,0,0.00%,3,20.00%
15,San Angelo,053,CROCKETT,Female,28,27,96.43%,26,92.86%,0,0.00%,21,75.00%,4,14.29%,11,39.29%,15,53.57%,4,14.29%,5,17.86%
15,San Angelo,053,CROCKETT,Male,31,30,96.77%,28,90.32%,1,3.23%,27,87.10%,8,25.81%,7,22.58%,15,48.39%,0,0.00%,7,22.58%
15,San Angelo,069,EDWARDS,Female,32,30,93.75%,27,84.38%,2,6.25%,24,75.00%,6,18.75%,10,31.25%,16,50.00%,1,3.13%,7,21.88%
15,San Angelo,069,EDWARDS,Male,34,30,88.24%,24,70.59%,5,14.71%,22,64.71%,9,26.47%,6,17.65%,15,44.12%,1,2.94%,1,2.94%
15,San Angelo,118,IRION,Female,17,17,100.0%,17,100.0%,0,0.00%,16,94.12%,7,41.18%,6,35.29%,13,76.47%,0,0.00%,5,29.41%
15,San Angelo,118,IRION,Male,15,15,100.0%,15,100.0%,0,0.00%,14,93.33%,6,40.00%,2,13.33%,8,53.33%,0,0.00%,2,13.33%
15,San Angelo,134,KIMBLE,Female,27,25,92.59%,20,74.07%,3,11.11%,20,74.07%,12,44.44%,4,14.81%,16,59.26%,0,0.00%,6,22.22%
15,San Angelo,134,KIMBLE,Male,19,16,84.21%,17,89.47%,1,5.26%,16,84.21%,4,21.05%,3,15.79%,7,36.84%,0,0.00%,4,21.05%
15,San Angelo,157,MASON,Female,17,16,94.12%,16,94.12%,0,0.00%,15,88.24%,7,41.18%,5,29.41%,12,70.59%,0,0.00%,8,47.06%
15,San Angelo,157,MASON,Male,23,21,91.30%,21,91.30%,0,0.00%,22,95.65%,9,39.13%,3,13.04%,12,52.17%,0,0.00%,7,30.43%
15,San Angelo,160,MCCULLOCH,Female,45,42,93.33%,38,84.44%,4,8.89%,38,84.44%,22,48.89%,6,13.33%,28,62.22%,0,0.00%,14,31.11%
15,San Angelo,160,MCCULLOCH,Male,66,63,95.45%,54,81.82%,4,6.06%,52,78.79%,19,28.79%,10,15.15%,29,43.94%,1,1.52%,12,18.18%
15,San Angelo,164,MENARD,Female,19,19,100.0%,18,94.74%,0,0.00%,15,78.95%,6,31.58%,2,10.53%,8,42.11%,0,0.00%,5,26.32%
15,San Angelo,164,MENARD,Male,15,15,100.0%,15,100.0%,0,0.00%,13,86.67%,3,20.00%,2,13.33%,5,33.33%,0,0.00%,2,13.33%
15,San Angelo,200,RUNNELS,Female,85,78,91.76%,73,85.88%,6,7.06%,69,81.18%,25,29.41%,26,30.59%,51,60.00%,4,4.71%,29,34.12%
15,San Angelo,200,RUNNELS,Male,104,97,93.27%,88,84.62%,7,6.73%,82,78.85%,30,28.85%,19,18.27%,49,47.12%,1,0.96%,23,22.12%
15,San Angelo,206,SAN SABA,Female,49,49,100.0%,48,97.96%,0,0.00%,43,87.76%,16,32.65%,11,22.45%,27,55.10%,0,0.00%,9,18.37%
15,San Angelo,206,SAN SABA,Male,48,44,91.67%,43,89.58%,1,2.08%,34,70.83%,10,20.83%,10,20.83%,20,41.67%,2,4.17%,4,8.33%
15,San Angelo,207,SCHLEICHER,Female,14,14,100.0%,14,100.0%,0,0.00%,12,85.71%,1,7.14%,4,28.57%,5,35.71%,0,0.00%,2,14.29%
15,San Angelo,207,SCHLEICHER,Male,25,22,88.00%,20,80.00%,2,8.00%,21,84.00%,6,24.00%,8,32.00%,14,56.00%,0,0.00%,6,24.00%
15,San Angelo,216,STERLING,Female,10,10,100.0%,9,90.00%,0,0.00%,8,80.00%,3,30.00%,3,30.00%,6,60.00%,0,0.00%,2,20.00%
15,San Angelo,216,STERLING,Male,17,17,100.0%,17,100.0%,0,0.00%,16,94.12%,2,11.76%,8,47.06%,10,58.82%,0,0.00%,3,17.65%
15,San Angelo,218,SUTTON,Female,45,41,91.11%,37,82.22%,0,0.00%,34,75.56%,15,33.33%,13,28.89%,28,62.22%,2,4.44%,12,26.67%
15,San Angelo,218,SUTTON,Male,33,33,100.0%,32,96.97%,0,0.00%,27,81.82%,10,30.30%,7,21.21%,17,51.52%,0,0.00%,6,18.18%
15,San Angelo,226,TOM GREEN,Female,735,669,91.02%,611,83.13%,56,7.62%,552,75.10%,224,30.48%,170,23.13%,394,53.61%,27,3.67%,158,21.50%
15,San Angelo,226,TOM GREEN,Male,699,646,92.42%,585,83.69%,69,9.87%,531,75.97%,200,28.61%,134,19.17%,334,47.78%,11,1.57%,125,17.88%
15,San Angelo,233,VAL VERDE,Female,387,354,91.47%,328,84.75%,26,6.72%,273,70.54%,74,19.12%,148,38.24%,222,57.36%,15,3.88%,98,25.32%
15,San Angelo,233,VAL VERDE,Male,439,398,90.66%,350,79.73%,54,12.30%,309,70.39%,53,12.07%,138,31.44%,191,43.51%,9,2.05%,67,15.26%
16,Amarillo,006,ARMSTRONG,Female,18,17,94.44%,17,94.44%,0,0.00%,17,94.44%,7,38.89%,7,38.89%,14,77.78%,0,0.00%,8,44.44%
16,Amarillo,006,ARMSTRONG,Male,15,15,100.0%,15,100.0%,0,0.00%,14,93.33%,5,33.33%,7,46.67%,12,80.00%,1,6.67%,4,26.67%
16,Amarillo,023,BRISCOE,Female,,,,,,,,,,,,,,,,,,,
16,Amarillo,023,BRISCOE,Male,,,,,,,,,,,,,,,,,,,
16,Amarillo,033,CARSON,Female,50,49,98.00%,46,92.00%,0,0.00%,42,84.00%,20,40.00%,15,30.00%,35,70.00%,1,2.00%,22,44.00%
16,Amarillo,033,CARSON,Male,58,55,94.83%,51,87.93%,3,5.17%,46,79.31%,17,29.31%,24,41.38%,41,70.69%,2,3.45%,19,32.76%
16,Amarillo,035,CASTRO,Female,64,63,98.44%,60,93.75%,3,4.69%,49,76.56%,20,31.25%,22,34.38%,42,65.63%,2,3.13%,19,29.69%
16,Amarillo,035,CASTRO,Male,59,56,94.92%,50,84.75%,5,8.47%,46,77.97%,15,25.42%,17,28.81%,32,54.24%,1,1.69%,16,27.12%
16,Amarillo,038,CHILDRESS,Female,43,42,97.67%,39,90.70%,0,0.00%,33,76.74%,6,13.95%,18,41.86%,24,55.81%,0,0.00%,9,20.93%
16,Amarillo,038,CHILDRESS,Male,52,51,98.08%,45,86.54%,2,3.85%,40,76.92%,9,17.31%,12,23.08%,21,40.38%,1,1.92%,13,25.00%
16,Amarillo,044,COLLINGSWORTH,Female,29,26,89.66%,26,89.66%,0,0.00%,20,68.97%,9,31.03%,7,24.14%,16,55.17%,2,6.90%,4,13.79%
16,Amarillo,044,COLLINGSWORTH,Male,33,33,100.0%,31,93.94%,1,3.03%,30,90.91%,13,39.39%,5,15.15%,18,54.55%,1,3.03%,8,24.24%
16,Amarillo,056,DALLAM,Female,62,55,88.71%,56,90.32%,0,0.00%,49,79.03%,17,27.42%,17,27.42%,34,54.84%,1,1.61%,18,29.03%
16,Amarillo,056,DALLAM,Male,73,64,87.67%,57,78.08%,2,2.74%,54,73.97%,13,17.81%,18,24.66%,31,42.47%,1,1.37%,12,16.44%
16,Amarillo,059,DEAF SMITH,Female,139,134,96.40%,122,87.77%,12,8.63%,104,74.82%,29,20.86%,52,37.41%,81,58.27%,4,2.88%,34,24.46%
16,Amarillo,059,DEAF SMITH,Male,176,163,92.61%,140,79.55%,20,11.36%,116,65.91%,34,19.32%,37,21.02%,71,40.34%,5,2.84%,28,15.91%
16,Amarillo,065,DONLEY,Female,28,28,100.0%,28,100.0%,0,0.00%,24,85.71%,4,14.29%,19,67.86%,23,82.14%,1,3.57%,10,35.71%
16,Amarillo,065,DONLEY,Male,32,31,96.88%,29,90.63%,1,3.13%,26,81.25%,6,18.75%,11,34.38%,17,53.13%,0,0.00%,5,15.63%
16,Amarillo,090,GRAY,Female,158,148,93.67%,135,85.44%,7,4.43%,123,77.85%,37,23.42%,70,44.30%,107,67.72%,14,8.86%,52,32.91%
16,Amarillo,090,GRAY,Male,130,123,94.62%,101,77.69%,18,13.85%,88,67.69%,20,15.38%,40,30.77%,60,46.15%,7,5.38%,16,12.31%
16,Amarillo,096,HALL,Female,31,30,96.77%,30,96.77%,0,0.00%,27,87.10%,12,38.71%,13,41.94%,25,80.65%,2,6.45%,13,41.94%
16,Amarillo,096,HALL,Male,30,28,93.33%,28,93.33%,0,0.00%,24,80.00%,7,23.33%,3,10.00%,10,33.33%,0,0.00%,7,23.33%
16,Amarillo,098,HANSFORD,Female,41,40,97.56%,41,100.0%,0,0.00%,36,87.80%,14,34.15%,13,31.71%,27,65.85%,0,0.00%,14,34.15%
16,Amarillo,098,HANSFORD,Male,53,53,100.0%,52,98.11%,1,1.89%,49,92.45%,16,30.19%,11,20.75%,27,50.94%,0,0.00%,10,18.87%
16,Amarillo,103,HARTLEY,Female,,,,,,,,,,,,,,,,,,,
16,Amarillo,103,HARTLEY,Male,,,,,,,,,,,,,,,,,,,
16,Amarillo,106,HEMPHILL,Female,30,28,93.33%,26,86.67%,3,10.00%,21,70.00%,8,26.67%,8,26.67%,16,53.33%,1,3.33%,8,26.67%
16,Amarillo,106,HEMPHILL,Male,19,17,89.47%,14,73.68%,3,15.79%,13,68.42%,4,21.05%,2,10.53%,6,31.58%,0,0.00%,4,21.05%
16,Amarillo,117,HUTCHINSON,Female,153,138,90.20%,127,83.01%,3,1.96%,109,71.24%,21,13.73%,67,43.79%,88,57.52%,10,6.54%,37,24.18%
16,Amarillo,117,HUTCHINSON,Male,164,151,92.07%,144,87.80%,8,4.88%,126,76.83%,16,9.76%,69,42.07%,85,51.83%,4,2.44%,34,20.73%
16,Amarillo,148,LIPSCOMB,Female,35,31,88.57%,31,88.57%,0,0.00%,29,82.86%,6,17.14%,9,25.71%,15,42.86%,0,0.00%,7,20.00%
16,Amarillo,148,LIPSCOMB,Male,27,26,96.30%,26,96.30%,0,0.00%,23,85.19%,6,22.22%,6,22.22%,12,44.44%,0,0.00%,3,11.11%
16,Amarillo,171,MOORE,Female,159,148,93.08%,145,91.19%,2,1.26%,124,77.99%,21,13.21%,66,41.51%,87,54.72%,6,3.77%,40,25.16%
16,Amarillo,171,MOORE,Male,160,148,92.50%,144,90.00%,10,6.25%,128,80.00%,21,13.13%,70,43.75%,91,56.88%,4,2.50%,42,26.25%
16,Amarillo,179,OCHILTREE,Female,76,72,94.74%,61,80.26%,11,14.47%,66,86.84%,6,7.89%,29,38.16%,35,46.05%,0,0.00%,17,22.37%
16,Amarillo,179,OCHILTREE,Male,79,70,88.61%,58,73.42%,13,16.46%,61,77.22%,16,20.25%,20,25.32%,36,45.57%,2,2.53%,10,12.66%
16,Amarillo,180,OLDHAM,Female,38,35,92.11%,36,94.74%,1,2.63%,30,78.95%,9,23.68%,16,42.11%,25,65.79%,2,5.26%,7,18.42%
16,Amarillo,180,OLDHAM,Male,50,47,94.00%,43,86.00%,3,6.00%,36,72.00%,9,18.00%,16,32.00%,25,50.00%,1,2.00%,5,10.00%
16,Amarillo,185,PARMER,Female,88,84,95.45%,77,87.50%,2,2.27%,70,79.55%,21,23.86%,37,42.05%,58,65.91%,3,3.41%,30,34.09%
16,Amarillo,185,PARMER,Male,95,91,95.79%,86,90.53%,1,1.05%,74,77.89%,22,23.16%,33,34.74%,55,57.89%,1,1.05%,30,31.58%
16,Amarillo,188,POTTER,Female,1222,1169,95.66%,1047,85.68%,84,6.87%,958,78.40%,220,18.00%,556,45.50%,776,63.50%,60,4.91%,305,24.96%
16,Amarillo,188,POTTER,Male,1217,1147,94.25%,1000,82.17%,118,9.70%,906,74.45%,147,12.08%,468,38.46%,615,50.53%,46,3.78%,216,17.75%
16,Amarillo,191,RANDALL,Female,330,314,95.15%,296,89.70%,2,0.61%,255,77.27%,92,27.88%,147,44.55%,239,72.42%,21,6.36%,127,38.48%
16,Amarillo,191,RANDALL,Male,343,326,95.04%,316,92.13%,9,2.62%,289,84.26%,97,28.28%,116,33.82%,213,62.10%,11,3.21%,90,26.24%
16,Amarillo,197,ROBERTS,Female,,,,,,,,,,,,,,,,,,,
16,Amarillo,197,ROBERTS,Male,,,,,,,,,,,,,,,,,,,
16,Amarillo,211,SHERMAN,Female,22,19,86.36%,18,81.82%,1,4.55%,17,77.27%,1,4.55%,8,36.36%,9,40.91%,1,4.55%,4,18.18%
16,Amarillo,211,SHERMAN,Male,38,37,97.37%,35,92.11%,0,0.00%,24,63.16%,9,23.68%,5,13.16%,14,36.84%,2,5.26%,7,18.42%
16,Amarillo,219,SWISHER,Female,51,46,90.20%,45,88.24%,3,5.88%,44,86.27%,14,27.45%,11,21.57%,25,49.02%,1,1.96%,9,17.65%
16,Amarillo,219,SWISHER,Male,48,48,100.0%,47,97.92%,0,0.00%,41,85.42%,13,27.08%,12,25.00%,25,52.08%,1,2.08%,10,20.83%
16,Amarillo,242,WHEELER,Female,34,32,94.12%,28,82.35%,1,2.94%,26,76.47%,8,23.53%,9,26.47%,17,50.00%,0,0.00%,7,20.59%
16,Amarillo,242,WHEELER,Male,47,43,91.49%,41,87.23%,3,6.38%,37,78.72%,9,19.15%,16,34.04%,25,53.19%,0,0.00%,6,12.77%
17,Lubbock,009,BAILEY,Female,45,43,95.56%,41,91.11%,3,6.67%,38,84.44%,5,11.11%,11,24.44%,16,35.56%,1,2.22%,7,15.56%
17,Lubbock,009,BAILEY,Male,49,46,93.88%,41,83.67%,5,10.20%,39,79.59%,14,28.57%,10,20.41%,24,48.98%,1,2.04%,13,26.53%
17,Lubbock,017,BORDEN,Female,9,9,100.0%,9,100.0%,0,0.00%,9,100.0%,3,33.33%,5,55.56%,8,88.89%,0,0.00%,7,77.78%
17,Lubbock,017,BORDEN,Male,7,7,100.0%,7,100.0%,0,0.00%,7,100.0%,4,57.14%,2,28.57%,6,85.71%,0,0.00%,4,57.14%
17,Lubbock,040,COCHRAN,Female,29,27,93.10%,24,82.76%,1,3.45%,24,82.76%,3,10.34%,14,48.28%,17,58.62%,0,0.00%,9,31.03%
17,Lubbock,040,COCHRAN,Male,33,32,96.97%,29,87.88%,2,6.06%,28,84.85%,4,12.12%,11,33.33%,15,45.45%,0,0.00%,7,21.21%
17,Lubbock,051,COTTLE,Female,,,,,,,,,,,,,,,,,,,
17,Lubbock,051,COTTLE,Male,,,,,,,,,,,,,,,,,,,
17,Lubbock,054,CROSBY,Female,48,46,95.83%,44,91.67%,1,2.08%,37,77.08%,10,20.83%,12,25.00%,22,45.83%,0,0.00%,13,27.08%
17,Lubbock,054,CROSBY,Male,49,49,100.0%,47,95.92%,2,4.08%,40,81.63%,6,12.24%,17,34.69%,23,46.94%,2,4.08%,7,14.29%
17,Lubbock,058,DAWSON,Female,90,82,91.11%,74,82.22%,10,11.11%,65,72.22%,12,13.33%,24,26.67%,36,40.00%,0,0.00%,14,15.56%
17,Lubbock,058,DAWSON,Male,94,86,91.49%,80,85.11%,8,8.51%,71,75.53%,11,11.70%,26,27.66%,37,39.36%,2,2.13%,12,12.77%
17,Lubbock,063,DICKENS,Female,17,17,100.0%,17,100.0%,0,0.00%,13,76.47%,5,29.41%,6,35.29%,11,64.71%,0,0.00%,7,41.18%
17,Lubbock,063,DICKENS,Male,13,13,100.0%,13,100.0%,0,0.00%,12,92.31%,1,7.69%,4,30.77%,5,38.46%,0,0.00%,0,0.00%
17,Lubbock,077,FLOYD,Female,69,66,95.65%,59,85.51%,3,4.35%,48,69.57%,18,26.09%,21,30.43%,39,56.52%,2,2.90%,20,28.99%
17,Lubbock,077,FLOYD,Male,58,56,96.55%,53,91.38%,4,6.90%,49,84.48%,12,20.69%,19,32.76%,31,53.45%,0,0.00%,7,12.07%
17,Lubbock,083,GAINES,Female,109,106,97.25%,103,94.50%,2,1.83%,96,88.07%,24,22.02%,29,26.61%,53,48.62%,0,0.00%,31,28.44%
17,Lubbock,083,GAINES,Male,101,93,92.08%,87,86.14%,1,0.99%,83,82.18%,16,15.84%,24,23.76%,40,39.60%,2,1.98%,18,17.82%
17,Lubbock,085,GARZA,Female,36,34,94.44%,32,88.89%,2,5.56%,28,77.78%,12,33.33%,14,38.89%,26,72.22%,1,2.78%,9,25.00%
17,Lubbock,085,GARZA,Male,54,53,98.15%,52,96.30%,1,1.85%,45,83.33%,10,18.52%,15,27.78%,25,46.30%,0,0.00%,7,12.96%
17,Lubbock,095,HALE,Female,291,275,94.50%,240,82.47%,25,8.59%,214,73.54%,74,25.43%,89,30.58%,163,56.01%,10,3.44%,69,23.71%
17,Lubbock,095,HALE,Male,311,295,94.86%,243,78.14%,44,14.15%,229,73.63%,65,20.90%,76,24.44%,141,45.34%,7,2.25%,52,16.72%
17,Lubbock,110,HOCKLEY,Female,183,181,98.91%,163,89.07%,9,4.92%,148,80.87%,22,12.02%,91,49.73%,113,61.75%,3,1.64%,55,30.05%
17,Lubbock,110,HOCKLEY,Male,184,176,95.65%,155,84.24%,17,9.24%,145,78.80%,20,10.87%,83,45.11%,103,55.98%,2,1.09%,31,16.85%
17,Lubbock,132,KENT,Female,,,,,,,,,,,,,,,,,,,
17,Lubbock,132,KENT,Male,,,,,,,,,,,,,,,,,,,
17,Lubbock,135,KING,Female,,,,,,,,,,,,,,,,,,,
17,Lubbock,135,KING,Male,,,,,,,,,,,,,,,,,,,
17,Lubbock,140,LAMB,Female,132,128,96.97%,108,81.82%,9,6.82%,94,71.21%,18,13.64%,48,36.36%,66,50.00%,2,1.52%,25,18.94%
17,Lubbock,140,LAMB,Male,122,118,96.72%,106,86.89%,10,8.20%,97,79.51%,23,18.85%,36,29.51%,59,48.36%,2,1.64%,28,22.95%
17,Lubbock,152,LUBBOCK,Female,1506,1430,94.95%,1317,87.45%,76,5.05%,1166,77.42%,351,23.31%,495,32.87%,846,56.18%,46,3.05%,353,23.44%
17,Lubbock,152,LUBBOCK,Male,1679,1591,94.76%,1419,84.51%,122,7.27%,1231,73.32%,298,17.75%,489,29.12%,787,46.87%,45,2.68%,259,15.43%
17,Lubbock,153,LYNN,Female,57,54,94.74%,52,91.23%,3,5.26%,49,85.96%,9,15.79%,14,24.56%,23,40.35%,2,3.51%,7,12.28%
17,Lubbock,153,LYNN,Male,64,57,89.06%,53,82.81%,6,9.38%,48,75.00%,11,17.19%,17,26.56%,28,43.75%,2,3.13%,11,17.19%
17,Lubbock,173,MOTLEY,Female,,,,,,,,,,,,,,,,,,,
17,Lubbock,173,MOTLEY,Male,,,,,,,,,,,,,,,,,,,
17,Lubbock,223,TERRY,Female,91,87,95.60%,83,91.21%,6,6.59%,66,72.53%,18,19.78%,26,28.57%,44,48.35%,0,0.00%,13,14.29%
17,Lubbock,223,TERRY,Male,80,76,95.00%,69,86.25%,7,8.75%,65,81.25%,10,12.50%,29,36.25%,39,48.75%,2,2.50%,14,17.50%
17,Lubbock,251,YOAKUM,Female,67,65,97.01%,62,92.54%,1,1.49%,58,86.57%,17,25.37%,22,32.84%,39,58.21%,0,0.00%,24,35.82%
17,Lubbock,251,YOAKUM,Male,56,53,94.64%,51,91.07%,1,1.79%,48,85.71%,9,16.07%,19,33.93%,28,50.00%,0,0.00%,14,25.00%
18,Midland,002,ANDREWS,Female,92,89,96.74%,81,88.04%,4,4.35%,69,75.00%,10,10.87%,33,35.87%,43,46.74%,2,2.17%,16,17.39%
18,Midland,002,ANDREWS,Male,119,116,97.48%,102,85.71%,14,11.76%,96,80.67%,16,13.45%,29,24.37%,45,37.82%,1,0.84%,13,10.92%
18,Midland,022,BREWSTER,Female,37,34,91.89%,31,83.78%,0,0.00%,30,81.08%,23,62.16%,4,10.81%,27,72.97%,2,5.41%,6,16.22%
18,Midland,022,BREWSTER,Male,46,43,93.48%,37,80.43%,3,6.52%,32,69.57%,9,19.57%,10,21.74%,19,41.30%,1,2.17%,8,17.39%
18,Midland,052,CRANE,Female,32,30,93.75%,29,90.63%,2,6.25%,25,78.13%,10,31.25%,10,31.25%,20,62.50%,2,6.25%,9,28.13%
18,Midland,052,CRANE,Male,39,38,97.44%,31,79.49%,8,20.51%,30,76.92%,8,20.51%,13,33.33%,21,53.85%,0,0.00%,9,23.08%
18,Midland,055,CULBERSON,Female,24,24,100.0%,23,95.83%,0,0.00%,20,83.33%,8,33.33%,5,20.83%,13,54.17%,1,4.17%,7,29.17%
18,Midland,055,CULBERSON,Male,23,21,91.30%,22,95.65%,0,0.00%,19,82.61%,7,30.43%,2,8.70%,9,39.13%,0,0.00%,4,17.39%
18,Midland,068,ECTOR,Female,1031,934,90.59%,876,84.97%,85,8.24%,683,66.25%,142,13.77%,398,38.60%,540,52.38%,52,5.04%,215,20.85%
18,Midland,068,ECTOR,Male,1061,929,87.56%,820,77.29%,130,12.25%,631,59.47%,118,11.12%,314,29.59%,432,40.72%,41,3.86%,108,10.18%
18,Midland,087,GLASSCOCK,Female,17,17,100.0%,16,94.12%,0,0.00%,16,94.12%,8,47.06%,4,23.53%,12,70.59%,0,0.00%,8,47.06%
18,Midland,087,GLASSCOCK,Male,11,11,100.0%,10,90.91%,0,0.00%,11,100.0%,2,18.18%,4,36.36%,6,54.55%,0,0.00%,3,27.27%
18,Midland,114,HOWARD,Female,196,190,96.94%,171,87.24%,12,6.12%,147,75.00%,26,13.27%,101,51.53%,127,64.80%,11,5.61%,59,30.10%
18,Midland,114,HOWARD,Male,210,192,91.43%,171,81.43%,20,9.52%,136,64.76%,26,12.38%,64,30.48%,90,42.86%,7,3.33%,35,16.67%
18,Midland,122,JEFF DAVIS,Female,,,,,,,,,,,,,,,,,,,
18,Midland,122,JEFF DAVIS,Male,,,,,,,,,,,,,,,,,,,
18,Midland,156,MARTIN,Female,41,41,100.0%,39,95.12%,0,0.00%,33,80.49%,6,14.63%,17,41.46%,23,56.10%,0,0.00%,9,21.95%
18,Midland,156,MARTIN,Male,34,29,85.29%,29,85.29%,3,8.82%,26,76.47%,4,11.76%,16,47.06%,20,58.82%,1,2.94%,12,35.29%
18,Midland,165,MIDLAND,Female,947,882,93.14%,774,81.73%,83,8.76%,705,74.45%,138,14.57%,397,41.92%,535,56.49%,26,2.75%,199,21.01%
18,Midland,165,MIDLAND,Male,923,849,91.98%,718,77.79%,117,12.68%,615,66.63%,110,11.92%,312,33.80%,422,45.72%,33,3.58%,147,15.93%
18,Midland,186,PECOS,Female,90,86,95.56%,76,84.44%,8,8.89%,64,71.11%,9,10.00%,36,40.00%,45,50.00%,5,5.56%,13,14.44%
18,Midland,186,PECOS,Male,111,110,99.10%,98,88.29%,10,9.01%,90,81.08%,33,29.73%,32,28.83%,65,58.56%,3,2.70%,17,15.32%
18,Midland,189,PRESIDIO,Female,81,63,77.78%,60,74.07%,7,8.64%,53,65.43%,25,30.86%,14,17.28%,39,48.15%,2,2.47%,16,19.75%
18,Midland,189,PRESIDIO,Male,77,70,90.91%,61,79.22%,8,10.39%,52,67.53%,27,35.06%,7,9.09%,34,44.16%,0,0.00%,8,10.39%
18,Midland,192,REAGAN,Female,27,27,100.0%,26,96.30%,0,0.00%,24,88.89%,7,25.93%,10,37.04%,17,62.96%,0,0.00%,9,33.33%
18,Midland,192,REAGAN,Male,28,28,100.0%,28,100.0%,0,0.00%,25,89.29%,8,28.57%,3,10.71%,11,39.29%,0,0.00%,3,10.71%
18,Midland,195,REEVES,Female,71,66,92.96%,53,74.65%,7,9.86%,49,69.01%,12,16.90%,22,30.99%,34,47.89%,2,2.82%,4,5.63%
18,Midland,195,REEVES,Male,98,95,96.94%,77,78.57%,12,12.24%,75,76.53%,22,22.45%,18,18.37%,40,40.82%,0,0.00%,10,10.20%
18,Midland,222,TERRELL,Female,,,,,,,,,,,,,,,,,,,
18,Midland,222,TERRELL,Male,,,,,,,,,,,,,,,,,,,
18,Midland,231,UPTON,Female,20,19,95.00%,19,95.00%,0,0.00%,17,85.00%,5,25.00%,8,40.00%,13,65.00%,0,0.00%,6,30.00%
18,Midland,231,UPTON,Male,31,30,96.77%,29,93.55%,1,3.23%,25,80.65%,5,16.13%,9,29.03%,14,45.16%,0,0.00%,4,12.90%
18,Midland,238,WARD,Female,93,91,97.85%,74,79.57%,13,13.98%,80,86.02%,24,25.81%,21,22.58%,45,48.39%,0,0.00%,26,27.96%
18,Midland,238,WARD,Male,82,78,95.12%,67,81.71%,9,10.98%,62,75.61%,12,14.63%,25,30.49%,37,45.12%,1,1.22%,10,12.20%
18,Midland,248,WINKLER,Female,50,47,94.00%,47,94.00%,1,2.00%,42,84.00%,12,24.00%,22,44.00%,34,68.00%,2,4.00%,13,26.00%
18,Midland,248,WINKLER,Male,72,66,91.67%,65,90.28%,2,2.78%,53,73.61%,13,18.06%,21,29.17%,34,47.22%,2,2.78%,8,11.11%
19,El Paso,999,El Paso&Hudsp,Female,6388,5960,93.30%,4969,77.79%,835,13.07%,4896,76.64%,1441,22.56%,2444,38.26%,3885,60.82%,233,3.65%,1462,22.89%
19,El Paso,999,El Paso&Hudsp,Male,6592,6075,92.16%,4726,71.69%,1242,18.84%,4758,72.18%,1314,19.93%,2255,34.21%,3569,54.14%,305,4.63%,943,14.31%
20,San Antonio,007,ATASCOSA,Female,329,312,94.83%,282,85.71%,23,6.99%,256,77.81%,61,18.54%,101,30.70%,162,49.24%,6,1.82%,63,19.15%
20,San Antonio,007,ATASCOSA,Male,345,336,97.39%,279,80.87%,47,13.62%,265,76.81%,42,12.17%,90,26.09%,132,38.26%,4,1.16%,34,9.86%
20,San Antonio,010,BANDERA,Female,98,94,95.92%,84,85.71%,9,9.18%,82,83.67%,29,29.59%,27,27.55%,56,57.14%,3,3.06%,18,18.37%
20,San Antonio,010,BANDERA,Male,120,114,95.00%,98,81.67%,13,10.83%,93,77.50%,18,15.00%,32,26.67%,50,41.67%,4,3.33%,16,13.33%
20,San Antonio,015,BEXAR,Female,10386,9735,93.73%,7921,76.27%,1583,15.24%,7583,73.01%,2146,20.66%,3660,35.24%,5806,55.90%,421,4.05%,2311,22.25%
20,San Antonio,015,BEXAR,Male,11026,10227,92.75%,7842,71.12%,2170,19.68%,7624,69.15%,1843,16.72%,3420,31.02%,5263,47.73%,393,3.56%,1633,14.81%
20,San Antonio,064,DIMMIT,Female,106,100,94.34%,87,82.08%,15,14.15%,80,75.47%,12,11.32%,47,44.34%,59,55.66%,6,5.66%,19,17.92%
20,San Antonio,064,DIMMIT,Male,89,86,96.63%,52,58.43%,28,31.46%,60,67.42%,12,13.48%,27,30.34%,39,43.82%,2,2.25%,18,20.22%
20,San Antonio,082,FRIO,Female,125,122,97.60%,95,76.00%,24,19.20%,101,80.80%,23,18.40%,33,26.40%,56,44.80%,1,0.80%,20,16.00%
20,San Antonio,082,FRIO,Male,111,106,95.50%,86,77.48%,21,18.92%,89,80.18%,22,19.82%,28,25.23%,50,45.05%,1,0.90%,21,18.92%
20,San Antonio,130,KENDALL,Female,260,247,95.00%,235,90.38%,2,0.77%,228,87.69%,120,46.15%,69,26.54%,189,72.69%,10,3.85%,119,45.77%
20,San Antonio,130,KENDALL,Male,264,254,96.21%,241,91.29%,5,1.89%,232,87.88%,117,44.32%,80,30.30%,197,74.62%,14,5.30%,94,35.61%
20,San Antonio,133,KERR,Female,285,269,94.39%,235,82.46%,25,8.77%,219,76.84%,81,28.42%,56,19.65%,137,48.07%,12,4.21%,58,20.35%
20,San Antonio,133,KERR,Male,302,276,91.39%,226,74.83%,43,14.24%,200,66.23%,68,22.52%,46,15.23%,114,37.75%,9,2.98%,42,13.91%
20,San Antonio,136,KINNEY,Female,25,25,100.0%,23,92.00%,0,0.00%,21,84.00%,6,24.00%,7,28.00%,13,52.00%,0,0.00%,3,12.00%
20,San Antonio,136,KINNEY,Male,31,29,93.55%,26,83.87%,1,3.23%,23,74.19%,11,35.48%,5,16.13%,16,51.61%,0,0.00%,8,25.81%
20,San Antonio,142,LA SALLE,Female,49,48,97.96%,44,89.80%,5,10.20%,39,79.59%,15,30.61%,4,8.16%,19,38.78%,0,0.00%,7,14.29%
20,San Antonio,142,LA SALLE,Male,47,46,97.87%,40,85.11%,6,12.77%,43,91.49%,12,25.53%,7,14.89%,19,40.43%,0,0.00%,7,14.89%
20,San Antonio,159,MAVERICK,Female,512,492,96.09%,426,83.20%,50,9.77%,404,78.91%,108,21.09%,237,46.29%,345,67.38%,14,2.73%,156,30.47%
20,San Antonio,159,MAVERICK,Male,564,536,95.04%,453,80.32%,65,11.52%,419,74.29%,115,20.39%,206,36.52%,321,56.91%,13,2.30%,134,23.76%
20,San Antonio,163,MEDINA,Female,362,338,93.37%,290,80.11%,48,13.26%,270,74.59%,73,20.17%,117,32.32%,190,52.49%,14,3.87%,79,21.82%
20,San Antonio,163,MEDINA,Male,377,360,95.49%,303,80.37%,43,11.41%,299,79.31%,83,22.02%,98,25.99%,181,48.01%,6,1.59%,74,19.63%
20,San Antonio,193,REAL,Female,16,16,100.0%,15,93.75%,0,0.00%,11,68.75%,2,12.50%,6,37.50%,8,50.00%,0,0.00%,3,18.75%
20,San Antonio,193,REAL,Male,12,11,91.67%,10,83.33%,1,8.33%,11,91.67%,0,0.00%,9,75.00%,9,75.00%,0,0.00%,1,8.33%
20,San Antonio,232,UVALDE,Female,240,226,94.17%,194,80.83%,26,10.83%,176,73.33%,38,15.83%,118,49.17%,156,65.00%,11,4.58%,63,26.25%
20,San Antonio,232,UVALDE,Male,257,246,95.72%,180,70.04%,52,20.23%,170,66.15%,29,11.28%,104,40.47%,133,51.75%,12,4.67%,47,18.29%
20,San Antonio,247,WILSON,Female,296,286,96.62%,261,88.18%,22,7.43%,260,87.84%,73,24.66%,119,40.20%,192,64.86%,11,3.72%,88,29.73%
20,San Antonio,247,WILSON,Male,313,305,97.44%,279,89.14%,21,6.71%,257,82.11%,55,17.57%,105,33.55%,160,51.12%,4,1.28%,61,19.49%
20,San Antonio,254,ZAVALA,Female,106,101,95.28%,86,81.13%,17,16.04%,75,70.75%,9,8.49%,57,53.77%,66,62.26%,3,2.83%,29,27.36%
20,San Antonio,254,ZAVALA,Male,103,94,91.26%,77,74.76%,14,13.59%,73,70.87%,5,4.85%,46,44.66%,51,49.51%,1,0.97%,15,14.56%
