REGION,REGNNAME,RPETALLC,RPETSPEC,RPETLEPC,RPETECOC,RPETNEDC,RPETGIFC,RPETVOCC,RPETBILC,RPETRSKC,RPETGEEC,RPETGPKC,RPETGKNC,RPETG01C,RPETG02C,RPETG03C,RPETG04C,RPETG05C,RPETG06C,RPETG07C,RPETG08C,RPETG09C,RPETG10C,RPETG11C,RPETG12C,RPETHISC,RPETBLAC,RPETWHIC,RPETASIC,RPETPCIC,RPETTWOC,RPETINDC,RPETMALC,RPETFEMC,RPETDSLC,RPET504C,RPETTT1C,RPETHOMC,RPETIMMC,RPETMIGC,RPETMLCC,RPETFOSC,RPETVHSC,RAUND23C,RAUND23D,RAUND23R,RPETDISD,RPETDISC,RPETDISP,RPETATTC,RPETATTD,RPETATTP,RPETSIMC,RPETSINC,RPETSPHC,RPETSBHC,RPETSAUC,RPETSNOC,RPETSINP,RPETSPHP,RPETSBHP,RPETSAUP,RPETSNOP,RPERRAKR,RPERRA1R,RPERRA2R,RPERRA3R,RPERRA4R,RPERRA5R,RPERRA6R,RPERRA7R,RPERRA8R,RPERRA9R,RPERSAKR,RPERSA1R,RPERSA2R,RPERSA3R,RPERSA4R,RPERSA5R,RPERSA6R,RPERSA7R,RPERSA8R,RPERSA9R,RPETWHIP,RPETBLAP,RPETHISP,RPETINDP,RPETASIP,RPETPCIP,RPETTWOP,RPETECOP,RPETNEDP,RPETRSKP,RPETLEPP,RPETSPEP,RPETVOCP,RPETBILP,RPETGIFP,RPET504P,RPETDSLP,RPETTT1P,RPETHOMP,RPETIMMP,RPETMIGP,RPETMLCP,RPETFOSP,RPETGEEP,RPETGPKP,RPETGKNP,RPETG01P,RPETG02P,RPETG03P,RPETG04P,RPETG05P,RPETG06P,RPETG07P,RPETG08P,RPETG09P,RPETG10P,RPETG11P,RPETG12P,RPETMALP,RPETFEMP,RPETVHSP,RPNTALLC,RPNTALLP,RPNTGEEC,RPNTGEEP,RPNTGPKC,RPNTGPKP,RPNTGKNC,RPNTGKNP,RPNTG01C,RPNTG01P,RPNTG02C,RPNTG02P,RPNTG03C,RPNTG03P,RPNTG04C,RPNTG04P,RPNTG05C,RPNTG05P,RPNTG06C,RPNTG06P,RPNTG07C,RPNTG07P,RPNTG08C,RPNTG08P,RPNTG09C,RPNTG09P,RPNTG10C,RPNTG10P,RPNTG11C,RPNTG11P,RPNTG12C,RPNTG12P,RPNTBLAC,RPNTBLAP,RPNTHISC,RPNTHISP,RPNTWHIC,RPNTWHIP,RPNTINDC,RPNTINDP,RPNTASIC,RPNTASIP,RPNTPCIC,RPNTPCIP,RPNTTWOC,RPNTTWOP,RPNTFEMC,RPNTFEMP,RPNTMALC,RPNTMALP,RPNTECOC,RPNTECOP,RPNTNEDC,RPNTNEDP,RPNT504C,RPNT504P,RPNTLEPC,RPNTLEPP,RPNTDSLC,RPNTDSLP,RPNTFOSC,RPNTFOSP,RPNTHOMC,RPNTHOMP,RPNTIMMC,RPNTIMMP,RPNTMIGC,RPNTMIGP,RPNTTT1C,RPNTTT1P,RPNTMLCC,RPNTMLCP,RPNTRSKC,RPNTRSKP,RPNTBILC,RPNTBILP,RPNTGIFC,RPNTGIFP,RPNTSPEC,RPNTSPEP,RPCTSOCS,RPCTSOCC,RPCTSOCA,RPCTSCIS,RPCTSCIC,RPCTSCIA,RPCTMATS,RPCTMATC,RPCTMATA,RPCTGMES,RPCTGMEC,RPCTGMEA,RPCTGKGS,RPCTGKGC,RPCTGKGA,RPCTG06S,RPCTG06C,RPCTG06A,RPCTG05S,RPCTG05C,RPCTG05A,RPCTG04S,RPCTG04C,RPCTG04A,RPCTG03S,RPCTG03C,RPCTG03A,RPCTG02S,RPCTG02C,RPCTG02A,RPCTG01S,RPCTG01C,RPCTG01A,RPCTFLAS,RPCTFLAC,RPCTFLAA,RPCTENGS,RPCTENGC,RPCTENGA,RPEMALLT,RPEMECOT,RPEMLEPT,RPEMSPET,RPEMALLC,RPEMINDC,RPEMPCIC,RPEMASIC,RPEMBLAC,RPEMHISC,RPEMWHIC,RPEMTWOC,RPEMECOC,RPEMLEPC,RPEMSPEC,RPEMALLP,RPEMINDP,RPEMASIP,RPEMPCIP,RPEMTWOP,RPEMBLAP,RPEMHISP,RPEMWHIP,RPEMECOP,RPEMLEPP,RPEMSPEP,RPSTTOFC,RPSUTOFC,RPSSTOFC,RPSCTOFC,RPSETOFC,RPSTTOST,RPSUTOST,RPSSTOST,RPSCTOST,RPST00FC,RPST01FC,RPST06FC,RPST11FC,RPST21FC,RPST30FC,RPST00ST,RPST01ST,RPST06ST,RPST11ST,RPST21ST,RPST30ST,RPSTNOFC,RPSTBAFC,RPSTMSFC,RPSTPHFC,RPSPCOFC,RPSECOFC,RPSPTOFC,RPSRTOPC,RPSRTOFC,RPSBTOPC,RPSBTOFC,RPSXTOFC,RPSATOFC,RPSOTOFC,RPSTINFC,RPSTPIFC,RPSTASFC,RPSTBLFC,RPSTHIFC,RPSTWHFC,RPSTTWFC,RPSTMAFC,RPSTFEFC,RPSXCOFC,RPSTREFC,RPSTVOFC,RPSTBIFC,RPSTCOFC,RPSTGIFC,RPSTSPFC,RPSTOPFC,RPSTURNN,RPSTURND,RPSTURNR,RPSTFTEC,RPSTTENA,RPSTEXPA,RPSAMIFC,RPSTEXPT,RPSTTENT,RPSPTOFP,RPSTTOFP,RPSUTOFP,RPSSTOFP,RPSCTOFP,RPSETOFP,RPSXTOFP,RPSAMIFP,RPSTNOFP,RPSTBAFP,RPSTMSFP,RPSTPHFP,RPST00FP,RPST01FP,RPST06FP,RPST11FP,RPST21FP,RPST30FP,RPSTREFP,RPSTVOFP,RPSTBIFP,RPSTCOFP,RPSTGIFP,RPSTSPFP,RPSTOPFP,RPSTBLFP,RPSTWHFP,RPSTHIFP,RPSTPIFP,RPSTINFP,RPSTASFP,RPSTTWFP,RPSTMAFP,RPSTFEFP,RPSTKIDR,RPST00SA,RPST01SA,RPST06SA,RPST11SA,RPST21SA,RPST30SA,RPSTTOSA,RPSUTOSA,RPSSTOSA,RPSCTOSA,RPSHEXPA,RPSHTENA,RPSLEXPA,RPSLTENA,RPSHEXPT,RPSHTENT,RPSLEXPT,RPSLTENT,RPSHFTEC,RPSLFTEC,RA0GR23N,RA0GM23N,RA0GH23N,RA0GN23N,RA0GE23N,RA0GA23N,RB0GR23N,RH0GR23N,RW0GR23N,RI0GR23N,R30GR23N,R40GR23N,R20GR23N,RE0GR23N,RS0GR23N,RL0GR23N,RR0GR23N,RA0GH23P,RA0GN23P,RA0GE23P,RA0GA23P,RA0GR23R,RB0GR23R,RH0GR23R,RW0GR23R,RI0GR23R,R30GR23R,R40GR23R,R20GR23R,RE0GR23R,RS0GR23R,RL0GR23R,RR0GR23R,RA0GM23P
01,REGION 01: EDINBURG,437907,54807,184415,374740,63167,35174,129641,188319,291954,438,28514,26947,29921,31165,31311,31170,31063,32111,32783,32680,36747,33911,30587,28559,418723,6343,9488,2119,149,864,221,223454,214453,19486,25376,430871,6778,7557,7457,5232,461,104834,443,207180,0.2,457907,8249,1.8,55774,349525,16.0,54807,27106,8061,9606,8965,1069,49.5,14.7,17.5,16.4,2.0,0.8,3.2,2.2,1.0,0.5,0.1,0.3,0.5,0.4,7.2,1.8,4.0,2.2,0.7,0.4,0.3,0.3,0.4,0.7,10.9,2.2,1.4,95.6,0.1,0.5,0.0,0.2,85.6,14.4,66.7,42.1,12.5,29.6,43.0,8.0,5.8,4.4,98.4,1.5,1.7,1.7,1.2,0.1,0.1,6.5,6.2,6.8,7.1,7.2,7.1,7.1,7.3,7.5,7.5,8.4,7.7,7.0,6.5,51.0,49.0,80.8,438318,100,722,0.2,28539,6.5,26953,6.1,29929,6.8,31170,7.1,31314,7.1,31177,7.1,31067,7.1,32116,7.3,32786,7.5,32687,7.5,36762,8.4,33919,7.7,30598,7.0,28579,6.5,6343,1.4,419118,95.6,9504,2.2,221,0.1,2119,0.5,149,0.0,864,0.2,214584,49.0,223734,51.0,375025,85.6,63293,14.4,25386,5.8,184483,42.1,19495,4.4,461,0.1,6780,1.5,7557,1.7,7466,1.7,431263,98.4,5232,1.2,292061,66.6,188349,43.0,35177,8.0,55124,12.6,193620,10825,17.9,187722,10671,17.6,195694,11606,16.9,4974.9,217.6,22.9,18914.3,952.4,19.9,24057.0,1239.5,19.4,19878.7,923.5,21.5,18670.5,922.6,20.2,18727.3,919.0,20.4,20019.9,961.2,20.8,19442.1,950.6,20.5,78040,4416,17.7,226243,14205,15.9,409048,347824,168922,53409,71097,42,25,196,1389,67704,1567,174,63731,31406,10405,17.4,0.0,0.0,0.0,0.0,0.3,16.6,0.4,18.3,18.6,19.5,28762.1,6797.6,1870.5,702.9,7334.0,1767283675.9,502290672.5,162729351.0,78930045.0,1373.9,7031.7,5448.8,9242.1,4674.4,991.1,74037146.5,396732444.9,321374999.7,581339604.4,319519465.7,74280014.7,590.9,21785.8,6298.7,86.7,32.7,3.0,38133.1,67,1264,29,442,21496.5,66963.5,42.0,21.8,12.5,182.3,527.6,26251.0,1701.7,65.2,8352.1,20410.0,29.7,20677.9,1777.2,2428.5,280.3,942.1,2259.4,396.6,3435.2,28721.0,12.0,31209.9,10.3,12.6,63783.6,393490.2,321701.4,56.9,43.0,10.2,2.8,1.0,11.0,32.1,95.3,2.1,75.7,21.9,0.3,4.8,24.4,18.9,32.1,16.3,3.4,71.9,6.2,8.4,1.0,3.3,7.9,1.4,1.8,5.9,91.3,0.0,0.1,0.6,0.2,29.0,71.0,15.2,53888,56421,58981,62901,68354,74949,61445,73893,86998,112285,6.6,6.1,5.9,5.6,4324,4000,6748,6376,659,1137,29717,5,10,1947,897,26855,97,29017,427,9,128,4,35,24573,2783,7794,15474,0.0,6.6,3.0,90.4,100,0.3,97.6,1.4,0.0,0.4,0.0,0.1,82.7,9.4,26.2,52.1,0.0
02,REGION 02: CORPUS CHRISTI,95161,13970,5715,65746,29415,4968,24363,5363,48407,236,5157,6118,6440,6881,6895,7057,6878,6749,6896,7000,8084,7543,6785,6442,72107,2088,18083,1222,79,1454,128,49022,46139,5924,8070,82593,2097,552,300,4970,402,20756,139,46522,0.3,100702,2781,2.8,11581,71642,16.2,13970,6121,2861,2749,1981,258,43.8,20.5,19.7,14.2,1.8,1.8,2.8,1.7,0.7,0.4,0.3,0.6,0.7,0.5,8.0,2.8,5.3,1.6,0.7,0.5,0.5,0.2,0.6,0.4,12.4,19.0,2.2,75.8,0.1,1.3,0.1,1.5,69.1,30.9,50.9,6.0,14.7,25.6,5.6,5.2,8.5,6.2,86.8,2.2,0.6,0.3,5.2,0.4,0.2,5.4,6.4,6.8,7.2,7.2,7.4,7.2,7.1,7.2,7.4,8.5,7.9,7.1,6.8,51.5,48.5,71.9,95399,100,390,0.4,5188,5.4,6127,6.4,6446,6.8,6893,7.2,6898,7.2,7061,7.4,6885,7.2,6750,7.1,6897,7.2,7000,7.3,8086,8.5,7545,7.9,6785,7.1,6448,6.8,2095,2.2,72286,75.8,18128,19.0,128,0.1,1223,1.3,79,0.1,1460,1.5,46237,48.5,49162,51.5,65853,69.0,29546,31.0,8071,8.5,5718,6.0,5924,6.2,403,0.4,2098,2.2,552,0.6,300,0.3,82814,86.8,4970,5.2,48421,50.8,5366,5.6,4968,5.2,14145,14.8,39206,2067,19.0,42183,2236,18.9,41964,2357,17.8,1262.0,48.0,26.3,5130.7,289.8,17.7,4611.9,244.2,18.9,5965.7,297.0,20.1,6117.1,323.0,18.9,5945.3,319.8,18.6,5668.6,312.0,18.2,5400.1,304.5,17.7,16352,842,19.4,43066,2636,16.3,93697,64897,5034,14131,14881,30,20,126,567,11163,2666,309,11533,799,2585,15.9,0.0,0.1,0.0,0.3,0.6,11.9,2.8,17.8,15.9,18.3,6480.4,1249.9,497.9,263.8,1858.7,381896575.4,84936201.8,38908542.1,27317703.9,633.9,1430.4,1206.1,1854.8,1046.9,308.3,32574624.7,76989079.7,68546967.1,113008196.3,69435273.6,21342434.0,209.5,4650.1,1579.2,41.6,4.8,1.7,8492.1,24,268,10,81,3827.1,14177.9,10.3,15.9,1.4,26.8,148.7,3531.8,2710.3,45.5,1571.7,4908.7,4.7,4846.8,346.5,130.4,302.5,83.9,615.5,164.7,1224.7,6521.8,18.8,6957.7,7.7,12.3,9524.4,85474.2,53411.6,59.9,45.7,8.8,3.5,1.9,13.1,27.0,67.2,3.2,71.8,24.4,0.6,9.8,22.1,18.6,28.6,16.2,4.8,74.8,5.3,2.0,4.7,1.3,9.5,2.5,2.3,41.8,54.5,0.0,0.2,0.4,0.7,24.3,75.7,14.7,51392,53822,56832,60928,66324,69235,58931,67954,78142,103537,7.3,5.9,4.8,3.9,1392,1135,1142,942,191,239,6788,17,11,996,326,5432,154,5052,1370,15,84,8,105,4222,658,234,3058,0.2,14.7,4.8,80.0,100,2.3,74.4,20.2,0.2,1.2,0.1,1.5,62.2,9.7,3.4,45.1,0.3
03,REGION 03: VICTORIA,47953,7197,4964,31384,16569,2919,14962,4789,23482,174,2592,3217,3419,3487,3424,3417,3437,3397,3366,3598,3857,3840,3537,3191,28594,3297,14548,475,17,939,83,24652,23301,2334,3941,35583,1066,266,120,890,94,12043,104,23343,0.4,51265,1400,2.7,5124,36376,14.1,7197,3594,1354,1247,719,283,49.9,18.8,17.3,10.0,3.9,1.9,2.2,1.3,0.6,0.4,0.4,0.4,0.4,0.3,4.8,7.8,3.7,2.8,0.7,0.4,0.3,0.6,0.6,0.8,4.8,30.3,6.9,59.6,0.2,1.0,0.0,2.0,65.4,34.6,49.0,10.4,15.0,31.2,10.0,6.1,8.2,4.9,74.2,2.2,0.6,0.3,1.9,0.2,0.4,5.4,6.7,7.1,7.3,7.1,7.1,7.2,7.1,7.0,7.5,8.0,8.0,7.4,6.7,51.4,48.6,83.5,48209,100,297,0.6,2597,5.4,3233,6.7,3434,7.1,3504,7.3,3440,7.1,3428,7.1,3445,7.1,3399,7.1,3372,7.0,3605,7.5,3864,8.0,3845,8.0,3540,7.3,3206,6.7,3311,6.9,28706,59.5,14672,30.4,84,0.2,478,1.0,17,0.0,941,2.0,23396,48.5,24813,51.5,31463,65.3,16746,34.7,3943,8.2,4969,10.3,2337,4.8,94,0.2,1066,2.2,266,0.6,120,0.2,35804,74.3,892,1.9,23509,48.8,4791,9.9,2919,6.1,7445,15.4,20411,1280,15.9,21048,1293,16.3,20806,1353,15.4,27.1,1.4,18.9,2864.1,165.3,17.3,2230.2,129.8,17.2,3079.5,169.0,18.2,2950.4,164.1,18.0,3031.2,166.7,18.2,3045.3,169.1,18.0,3098.1,172.3,18.0,7524,460,16.4,21622,1529,14.1,46251,30603,4448,6992,6649,14,2,43,670,4077,1686,157,4798,531,1152,14.4,0.0,0.1,0.0,0.3,1.4,8.8,3.6,15.7,11.9,16.5,3608.5,588.9,266.3,123.6,1252.5,200832242.3,38673217.4,20900428.3,13397271.0,313.7,846.9,639.6,977.0,600.7,230.7,14059715.2,41628958.3,33852034.5,57192108.4,38764439.7,15334986.0,126.5,2873.5,587.2,21.4,64.1,0.0,4587.3,26,131,11,21,2105.7,7945.5,1.4,7.0,1.0,19.6,194.1,728.3,2640.5,18.1,818.3,2790.2,32.3,2597.4,284.5,50.0,156.7,56.3,334.7,129.0,712.5,3603.3,19.8,4010.1,7.5,12.8,3197.9,51242.4,30138.9,57.7,45.4,7.4,3.4,1.6,15.8,26.5,40.2,3.5,79.6,16.3,0.6,8.7,23.5,17.7,27.1,16.6,6.4,72.0,7.9,1.4,4.3,1.6,9.3,3.6,5.4,73.2,20.2,0.0,0.2,0.5,0.5,22.7,77.3,13.3,44825,49153,52928,58539,64535,66477,55655,65668,78491,108397,6.0,4.7,4.9,3.5,801,630,546,392,134,111,3244,0,3,383,103,2747,270,1860,1016,5,46,1,46,1894,340,218,1580,0.1,11.8,3.2,84.7,100,8.3,57.3,31.3,0.2,1.4,0.0,1.4,58.4,10.5,6.7,48.7,0.0
04,REGION 04: HOUSTON,1249697,162764,367999,821437,428260,104604,320629,364051,701662,4560,54116,79781,86297,90854,90636,89987,90443,90639,92755,94915,109728,98813,93345,82828,651279,234495,227872,95742,1467,34863,3979,637884,611813,64176,63543,768003,18437,53360,579,27612,2374,268019,1200,610071,0.2,1306534,21954,1.7,178002,963054,18.5,162764,71847,28535,28196,31087,3099,44.1,17.5,17.3,19.1,1.9,0.7,2.8,1.7,0.9,0.5,0.3,0.3,0.5,0.4,8.8,2.3,3.3,1.5,0.8,0.5,0.3,0.3,0.5,0.4,13.3,18.2,18.8,52.1,0.3,7.7,0.1,2.8,65.7,34.3,56.1,29.4,13.0,25.7,29.1,8.4,5.1,5.1,61.5,1.5,4.3,0.0,2.2,0.2,0.4,4.3,6.4,6.9,7.3,7.3,7.2,7.2,7.3,7.4,7.6,8.8,7.9,7.5,6.6,51.0,49.0,69.7,1252788,100,6155,0.5,54166,4.3,79878,6.4,86387,6.9,90917,7.3,90719,7.2,90058,7.2,90500,7.2,90678,7.2,92805,7.4,94956,7.6,109780,8.8,98865,7.9,93423,7.5,83501,6.7,234975,18.8,652603,52.1,228904,18.3,3990,0.3,95886,7.7,1470,0.1,34960,2.8,612901,48.9,639887,51.1,822673,65.7,430115,34.3,63605,5.1,368334,29.4,64236,5.1,2383,0.2,18478,1.5,53400,4.3,583,0.0,769567,61.4,27640,2.2,702669,56.1,364274,29.1,104624,8.4,164897,13.2,550819,26921,20.5,558547,27822,20.1,561118,29394,19.1,8493.5,284.8,29.8,61430.0,3234.2,19.0,60847.6,3032.3,20.1,73896.5,3306.2,22.4,71409.4,3546.9,20.1,71609.2,3538.0,20.2,67629.5,3437.5,19.7,62980.0,3284.6,19.2,212859,10311,20.6,591690,33684,17.6,1218146,806963,327689,164431,185170,654,296,7272,56171,91439,23973,5365,143400,51277,27836,15.2,0.1,0.6,0.0,0.4,4.6,7.5,2.0,17.8,15.6,16.9,82018.4,21777.0,5659.7,1662.7,17352.0,5447434172.6,1684196576.0,517257719.8,202468772.0,8341.4,23491.3,17007.6,21132.4,9902.7,2142.9,485490556.1,1475252081.8,1117126541.5,1462809351.2,734293094.4,172462547.6,2651.5,58219.5,20260.8,886.6,22.6,4.5,111117.7,209,2769,142,867,44504.9,172974.6,622.3,268.8,111.5,3183.3,20238.1,20245.2,36692.8,1278.6,19550.0,62468.4,15.7,56853.7,3864.8,5689.6,1829.0,1715.5,8603.0,3462.7,15835.5,80279.3,19.7,87263.7,6.7,10.4,108441.9,905522.5,584820.1,64.2,47.4,12.6,3.3,1.0,10.0,25.7,62.7,3.2,71.0,24.7,1.1,10.2,28.6,20.7,25.8,12.1,2.6,69.3,4.7,6.9,2.2,2.1,10.5,4.2,24.7,44.7,24.7,0.1,0.3,3.9,1.6,23.8,76.2,15.2,58202,62800,65684,69221,74151,80481,66417,77338,91393,121772,6.0,5.5,5.2,4.5,9727,8822,17495,15057,1618,3338,84350,12,82,12852,3882,67475,15490,42703,17138,260,6873,104,1782,49416,7121,11526,39977,0.1,15.2,4.6,80.0,100,18.4,50.6,20.3,0.3,8.1,0.1,2.1,58.6,8.4,13.7,47.4,0.0
05,REGION 05: BEAUMONT,84332,11789,10846,56192,28140,4549,24052,10516,38724,325,4146,5918,6091,6482,6376,6073,6340,5989,6100,6255,6816,6402,5831,5188,21988,19975,37403,1727,73,2777,389,43162,41170,5003,7552,64608,1259,1172,390,1820,292,19576,133,39469,0.3,88992,2153,2.4,9986,61902,16.1,11789,5569,2392,1973,1632,223,47.2,20.3,16.7,13.8,1.9,2.2,3.4,2.5,1.4,0.7,0.5,0.5,0.9,0.4,6.0,8.5,7.4,2.7,0.9,0.6,0.6,0.4,1.0,1.0,6.6,44.4,23.7,26.1,0.5,2.0,0.1,3.3,66.6,33.4,45.9,12.9,14.0,28.5,12.5,5.4,9.0,5.9,76.6,1.5,1.4,0.5,2.2,0.3,0.4,4.9,7.0,7.2,7.7,7.6,7.2,7.5,7.1,7.2,7.4,8.1,7.6,6.9,6.2,51.2,48.8,80.8,84671,100,578,0.7,4158,4.9,5926,7.0,6092,7.2,6488,7.7,6379,7.5,6075,7.2,6342,7.5,5991,7.1,6101,7.2,6259,7.4,6819,8.1,6406,7.6,5834,6.9,5223,6.2,20095,23.7,22066,26.1,37528,44.3,392,0.5,1733,2.0,73,0.1,2784,3.3,41310,48.8,43361,51.2,56409,66.6,28262,33.4,7557,8.9,10880,12.8,5005,5.9,292,0.3,1268,1.5,1173,1.4,392,0.5,64748,76.5,1820,2.1,38796,45.8,10544,12.5,4549,5.4,11921,14.1,32311,1938,16.7,35680,2150,16.6,34053,2139,15.9,98.5,6.1,16.2,4673.5,259.2,18.0,3472.3,202.9,17.1,4978.1,258.0,19.3,4585.4,250.3,18.3,5014.9,269.6,18.6,4935.6,269.0,18.4,4571.1,257.1,17.8,13103,759,17.3,35782,2444,14.6,81543,53160,9378,11966,12765,69,9,117,4685,2942,4505,438,9400,1368,1983,15.7,0.1,0.1,0.0,0.5,5.7,3.6,5.5,17.7,14.6,16.6,5753.6,1037.7,443.5,189.8,1684.9,319947976.4,69037153.3,35212377.8,20584695.1,556.5,1713.8,1001.5,1362.3,802.1,317.4,25766791.2,86024664.5,54288927.7,79738143.8,52091135.6,22038313.6,200.6,4512.1,1011.7,29.2,35.3,4.9,7424.6,26,198,18,48,3284.7,12394.2,417.8,18.8,4.9,81.2,1033.3,407.9,4172.7,34.7,1201.9,4551.6,12.7,4262.4,427.9,145.8,195.7,61.6,528.6,131.5,1171.8,5836.4,20.1,6163.9,7.2,11.4,4368.2,69989.3,44533.2,59.9,46.4,8.4,3.6,1.5,13.6,26.5,35.2,3.5,78.4,17.6,0.5,9.7,29.8,17.4,23.7,13.9,5.5,74.1,7.4,2.5,3.4,1.1,9.2,2.3,18.0,72.5,7.1,0.1,0.3,1.4,0.6,20.9,79.1,14.7,46305,50194,54210,58533,64942,69427,55608,66530,79400,108435,5.6,4.8,4.5,3.9,881,746,977,831,157,215,5222,0,0,770,453,3999,1202,1304,2433,36,132,3,112,2889,510,370,2188,0.0,14.7,8.7,76.6,100,23.0,25.0,46.6,0.7,2.5,0.1,2.1,55.3,9.8,7.1,41.9,0.0
06,REGION 06: HUNTSVILLE,221614,30595,42326,124203,97411,16036,62829,42772,102985,755,7731,14318,15222,16049,16151,16155,16496,16512,16526,17315,19109,17957,16559,14759,89656,24078,92360,6327,315,8096,782,113331,108283,15727,19344,103367,2288,5208,218,5755,476,51256,260,107509,0.2,232601,4546,2.0,26617,162319,16.4,30595,14325,5612,5487,4575,596,46.8,18.3,17.9,15.0,1.9,1.1,1.6,0.8,0.5,0.3,0.1,0.2,0.3,0.3,5.9,3.7,3.6,1.6,0.6,0.6,0.2,0.2,0.3,0.4,11.3,41.7,10.9,40.5,0.4,2.9,0.1,3.7,56.0,44.0,46.5,19.1,13.8,28.4,19.3,7.2,8.7,7.1,46.6,1.0,2.4,0.1,2.6,0.2,0.3,3.5,6.5,6.9,7.2,7.3,7.3,7.4,7.5,7.5,7.8,8.6,8.1,7.5,6.7,51.1,48.9,75.0,222702,100,1423,0.6,7744,3.5,14378,6.5,15249,6.8,16072,7.2,16174,7.3,16174,7.3,16508,7.4,16524,7.4,16534,7.4,17325,7.8,19122,8.6,17993,8.1,16589,7.4,14893,6.7,24203,10.9,90020,40.4,92853,41.7,786,0.4,6368,2.9,317,0.1,8155,3.7,108653,48.8,114049,51.2,124552,55.9,98150,44.1,19363,8.7,42383,19.0,15747,7.1,483,0.2,2297,1.0,5220,2.3,219,0.1,103971,46.7,5757,2.6,103173,46.3,42820,19.2,16038,7.2,31213,14.0,98000,4908,20.0,96322,5018,19.2,96541,5415,17.8,199.0,11.4,17.4,11377.5,637.8,17.8,11604.8,593.7,19.5,12427.6,619.0,20.1,13412.9,703.5,19.1,13355.6,697.8,19.1,12932.5,692.6,18.7,12165.5,652.7,18.6,37778,1872,20.2,106431,6261,17.0,213977,119545,37066,30525,30897,115,62,619,5511,11991,11238,1361,20877,5272,5076,14.4,0.1,0.3,0.0,0.6,2.6,5.6,5.3,17.5,14.2,16.6,14952.3,2824.1,1132.0,425.8,3633.7,909847333.6,205010563.7,94433446.3,46976518.3,1561.6,4114.8,2988.7,3944.5,1900.6,442.2,83520294.9,236775530.6,178991324.4,249423524.6,128989841.3,32146817.7,370.6,10965.3,3514.4,102.1,76.9,0.0,19334.3,54,499,28,135,7680.9,30648.9,36.8,43.5,10.9,130.7,1059.3,2313.8,11241.1,152.9,3214.0,11738.3,16.5,10061.0,976.5,907.2,429.1,85.5,1837.1,655.8,2858.2,14544.9,19.7,15721.7,5.8,10.7,10323.2,168501.9,91448.7,63.1,48.8,9.2,3.7,1.4,11.9,25.1,33.7,2.5,73.3,23.5,0.7,10.4,27.5,20.0,26.4,12.7,3.0,67.3,6.5,6.1,2.9,0.6,12.3,4.4,7.1,75.2,15.5,0.1,0.3,0.9,1.0,21.5,78.5,14.8,53485,57543,59889,63234,67869,72698,60850,72592,83425,110314,6.2,5.3,5.7,4.5,2119,1808,3160,2511,342,554,14959,1,0,2086,632,12227,1621,5765,6662,45,432,15,419,7023,1261,1444,5873,0.0,13.9,4.2,81.7,100,10.8,38.5,44.5,0.3,2.9,0.1,2.8,46.9,8.4,9.7,39.3,0.0
07,REGION 07: KILGORE,181639,26792,26573,120554,61085,11896,64614,26057,97095,433,7432,11161,11876,12306,12063,12434,12510,13062,13600,14806,16683,15826,14631,12816,58707,28289,84248,1830,165,7782,618,92105,89534,12573,17328,141460,2480,1360,131,4798,645,50199,178,97634,0.2,194989,4875,2.5,22415,135494,16.5,26792,12276,5163,5317,3659,377,45.8,19.3,19.8,13.7,1.4,2.7,3.4,1.8,0.9,0.4,0.3,0.4,0.7,0.9,7.5,5.8,5.3,2.4,0.9,0.5,0.7,0.4,0.6,1.2,11.5,46.4,15.6,32.3,0.3,1.0,0.1,4.3,66.4,33.6,53.5,14.6,14.8,35.6,14.3,6.5,9.5,6.9,77.9,1.4,0.7,0.1,2.6,0.4,0.2,4.1,6.1,6.5,6.8,6.6,6.8,6.9,7.2,7.5,8.2,9.2,8.7,8.1,7.1,50.7,49.3,83.7,181936,100,581,0.3,7451,4.1,11175,6.1,11889,6.5,12316,6.8,12071,6.6,12438,6.8,12516,6.9,13066,7.2,13601,7.5,14807,8.1,16689,9.2,15832,8.7,14637,8.0,12867,7.1,28318,15.6,58774,32.3,84423,46.4,619,0.3,1835,1.0,166,0.1,7801,4.3,89652,49.3,92284,50.7,120655,66.3,61281,33.7,17333,9.5,26585,14.6,12577,6.9,649,0.4,2480,1.4,1361,0.7,131,0.1,141702,77.9,4802,2.6,97152,53.4,26066,14.3,11896,6.5,27038,14.9,69452,4228,16.4,73014,4483,16.3,72661,4816,15.1,1559.3,70.8,22.0,9200.7,536.2,17.2,9573.1,533.0,18.0,9885.2,527.1,18.8,10001.9,532.0,18.8,9310.3,508.3,18.3,9818.8,534.8,18.4,9347.6,516.5,18.1,25090,1542,16.3,75041,5222,14.4,180207,116626,24104,27935,29654,132,48,268,6098,8647,12810,1651,18544,2765,5201,16.5,0.1,0.1,0.0,0.9,3.4,4.8,7.1,15.9,11.5,18.6,12738.6,2340.0,941.9,470.8,3723.9,707951974.9,152375364.3,74129681.2,51608937.1,994.9,3390.6,2328.3,3322.8,2026.6,675.4,47383431.5,166212392.3,122423598.7,195238266.8,130940831.4,45753454.3,321.7,9681.7,2670.6,64.6,191.3,46.4,16491.3,48,433,23,97,6472.6,26687.8,18.3,38.0,13.1,73.2,1287.4,1067.2,10139.6,120.0,2926.7,9811.9,36.9,8815.4,1077.3,502.9,667.6,95.0,1154.2,426.2,2540.9,12768.8,19.9,13943.9,6.6,12.1,7412.3,168549.7,91532.5,61.8,47.7,8.8,3.5,1.8,14.0,24.3,27.8,2.5,76.0,21.0,0.5,7.8,26.6,18.3,26.1,15.9,5.3,69.2,8.5,3.9,5.2,0.7,9.1,3.3,10.1,79.6,8.4,0.1,0.3,0.6,0.9,23.0,77.0,14.3,47626,49022,52580,58757,64611,67746,55575,65117,78700,109621,5.7,4.5,4.1,3.5,2257,1781,1830,1547,393,445,13066,3,7,1668,818,10552,2047,4088,6297,51,149,12,422,7586,1409,1055,6324,0.1,12.8,6.3,80.8,100,15.7,31.3,48.2,0.4,1.1,0.1,3.2,58.1,10.8,8.1,48.4,0.0
08,REGION 08: MT PLEASANT,55760,8405,7349,37939,17821,3907,16333,7750,27350,283,3300,3813,4035,4075,4025,4023,3919,4121,3962,4149,4338,4288,3908,3521,13337,10230,28168,425,67,3286,247,28448,27312,5273,7577,42251,697,351,30,1396,124,13695,105,26089,0.4,58976,1248,2.1,5804,41250,14.1,8405,3950,1833,1374,1093,155,47.0,21.8,16.3,13.0,1.8,4.4,3.3,1.4,0.6,0.4,0.1,0.3,0.4,0.5,3.1,9.1,4.8,1.3,1.0,0.5,0.3,1.1,0.2,0.7,4.1,50.5,18.3,23.9,0.4,0.8,0.1,5.9,68.0,32.0,49.0,13.2,15.1,29.3,13.9,7.0,13.6,9.5,75.8,1.3,0.6,0.1,2.5,0.2,0.5,5.9,6.8,7.2,7.3,7.2,7.2,7.0,7.4,7.1,7.4,7.8,7.7,7.0,6.3,51.0,49.0,85.3,55829,100,322,0.6,3302,5.9,3820,6.8,4038,7.2,4077,7.3,4028,7.2,4025,7.2,3921,7.0,4122,7.4,3964,7.1,4149,7.4,4339,7.8,4289,7.7,3909,7.0,3524,6.3,10233,18.3,13345,23.9,28218,50.5,248,0.4,426,0.8,67,0.1,3292,5.9,27333,49.0,28496,51.0,37967,68.0,17862,32.0,7577,13.6,7352,13.2,5273,9.4,124,0.2,697,1.2,351,0.6,31,0.1,42314,75.8,1396,2.5,27358,49.0,7753,13.9,3907,7.0,8463,15.2,22978,1510,15.2,22958,1532,15.0,23037,1654,13.9,235.1,11.4,20.7,3352.5,205.5,16.3,3234.5,187.1,17.3,3080.1,179.9,17.1,3259.0,190.2,17.1,3325.7,193.3,17.2,3330.1,198.2,16.8,3236.1,191.7,16.9,8626,592,14.6,24803,1866,13.3,52337,35205,6331,8514,7106,40,8,37,1728,1321,3453,519,5165,470,1356,13.6,0.1,0.1,0.0,1.0,3.3,2.5,6.6,14.7,7.4,15.9,4692.0,789.0,340.2,159.0,1522.9,250318271.3,50489921.6,26306423.8,16760602.1,384.4,1140.1,869.4,1237.5,793.8,266.7,17071983.3,51662864.8,43339913.9,71012918.4,50121386.5,17109204.3,107.8,3556.0,1011.2,17.1,29.8,11.9,5980.2,26,142,7,16,2037.2,9540.3,8.9,27.2,0.0,14.9,466.4,333.2,3796.6,53.8,1019.9,3672.1,18.1,3261.5,390.9,111.4,327.0,35.6,377.2,188.4,950.8,4738.9,20.1,5138.2,7.3,12.5,2437.4,64336.9,37439.2,62.7,49.2,8.3,3.6,1.7,16.0,21.4,25.5,2.3,75.8,21.6,0.4,8.2,24.3,18.5,26.4,16.9,5.7,69.5,8.3,2.4,7.0,0.8,8.0,4.0,9.9,80.9,7.1,0.0,0.6,0.3,1.1,21.7,78.3,11.9,44407,45314,49848,57385,63142,64145,53350,63989,77330,105442,6.0,4.9,4.7,3.8,949,786,686,553,159,147,3612,0,50,534,220,2805,679,841,1897,22,33,2,138,2060,458,325,1388,1.4,14.8,6.1,77.7,100,18.8,23.3,52.5,0.6,0.9,0.1,3.8,57.0,12.7,9.0,38.4,0.0
09,REGION 09: WICHITA FALLS,36250,6687,2949,21946,14304,2296,10526,2863,16539,153,1962,2462,2568,2603,2715,2629,2676,2693,2595,2615,2899,2685,2563,2432,10943,2518,20021,509,41,2012,206,18833,17417,3058,3622,32656,375,221,16,2580,109,8405,50,17257,0.3,39119,797,2.0,4626,28184,16.4,6687,3194,1149,1376,800,168,47.8,17.2,20.6,12.0,2.5,2.6,1.8,0.7,0.5,0.3,0.1,0.2,0.1,0.3,4.3,5.0,4.6,1.5,1.1,0.5,0.5,0.9,0.8,0.6,4.9,55.2,6.9,30.2,0.6,1.4,0.1,5.6,60.5,39.5,45.6,8.1,18.4,29.0,7.9,6.3,10.0,8.4,90.1,1.0,0.6,0.0,7.1,0.3,0.4,5.4,6.8,7.1,7.2,7.5,7.3,7.4,7.4,7.2,7.2,8.0,7.4,7.1,6.7,52.0,48.0,79.4,36335,100,216,0.6,1964,5.4,2463,6.8,2571,7.1,2605,7.2,2716,7.5,2630,7.2,2677,7.4,2693,7.4,2595,7.1,2615,7.2,2900,8.0,2685,7.4,2564,7.1,2441,6.7,2520,6.9,10959,30.2,20082,55.3,207,0.6,510,1.4,41,0.1,2016,5.5,17449,48.0,18886,52.0,21975,60.5,14360,39.5,3623,10.0,2951,8.1,3058,8.4,109,0.3,376,1.0,221,0.6,16,0.0,32740,90.1,2580,7.1,16550,45.5,2864,7.9,2296,6.3,6749,18.6,14820,954,15.5,16006,1021,15.7,16335,1153,14.2,68.8,4.7,14.8,2216.4,133.9,16.6,1762.1,101.1,17.4,2181.6,121.0,18.0,2162.7,126.1,17.2,2273.9,128.5,17.7,1935.5,112.3,17.2,2073.7,121.9,17.0,5285,325,16.3,17215,1259,13.7,35065,21256,2607,6910,5071,46,8,45,633,1479,2546,314,3676,268,1087,14.5,0.1,0.1,0.0,0.9,1.8,4.2,7.3,17.3,10.3,15.7,2858.6,388.6,169.8,86.4,924.5,159527059.0,25150871.5,13267579.2,9456576.0,169.4,680.1,532.7,787.6,542.0,146.8,7745936.6,32229452.8,27667957.3,46507038.1,35504325.6,9872348.4,56.6,2202.5,583.4,16.1,95.1,0.0,3503.4,18,98,7,19,1064.9,5492.8,13.0,10.9,0.0,10.0,96.8,242.8,2463.8,34.4,723.2,2135.4,11.5,2045.9,214.8,34.7,160.9,8.3,313.6,80.4,579.2,2925.5,19.8,3150.4,7.7,13.0,962.9,41110.4,24216.6,63.8,52.0,7.1,3.1,1.6,16.8,19.4,17.5,2.0,77.0,20.4,0.6,5.9,23.8,18.6,27.6,19.0,5.1,71.6,7.5,1.2,5.6,0.3,11.0,2.8,3.4,86.2,8.5,0.0,0.4,0.3,1.2,25.3,74.7,12.7,45723,47392,51936,59049,65503,67248,55805,64723,78119,109511,6.0,4.7,3.6,3.2,647,507,301,266,108,83,2377,1,1,275,122,1977,155,709,1363,10,43,0,97,1205,312,130,1024,0.0,11.6,5.1,83.2,100,6.5,29.8,57.3,0.4,1.8,0.0,4.1,50.7,13.1,5.5,43.1,0.0
10,REGION 10: RICHARDSON,900648,119200,261448,518183,382465,96597,237391,262791,466821,3728,38573,59733,63714,66129,65481,65391,65835,65955,66134,67261,76298,71571,65989,58856,394941,162396,211922,93509,927,31805,5148,461160,439488,60445,69027,564432,12544,40839,58,18718,1812,200362,1302,437988,0.3,941736,14065,1.5,133760,683960,19.6,119200,48961,24233,19882,24520,1604,41.1,20.3,16.7,20.6,1.3,1.2,1.2,0.9,0.5,0.3,0.2,0.2,0.2,0.2,7.9,3.4,1.8,1.2,0.6,0.3,0.3,0.2,0.3,0.4,11.6,23.5,18.0,43.9,0.6,10.4,0.1,3.5,57.5,42.5,51.8,29.0,13.2,26.4,29.2,10.7,7.7,6.7,62.7,1.4,4.5,0.0,2.1,0.2,0.4,4.3,6.6,7.1,7.3,7.3,7.3,7.3,7.3,7.3,7.5,8.5,7.9,7.3,6.5,51.2,48.8,73.5,902618,100,4777,0.5,38599,4.3,59828,6.6,63788,7.1,66193,7.3,65537,7.3,65457,7.3,65888,7.3,65992,7.3,66186,7.3,67294,7.5,76306,8.5,71590,7.9,66023,7.3,59160,6.6,162651,18.0,395594,43.8,212795,23.6,5155,0.6,93612,10.4,929,0.1,31882,3.5,440249,48.8,462369,51.2,518790,57.5,383828,42.5,69083,7.7,261652,29.0,60489,6.7,1818,0.2,12558,1.4,40862,4.5,58,0.0,565476,62.6,18730,2.1,467303,51.8,262955,29.1,96643,10.7,120640,13.4,413450,21276,19.4,409283,21287,19.2,412327,22329,18.5,5749.9,294.4,19.5,46729.8,2541.2,18.4,46636.5,2357.6,19.8,53110.8,2596.9,20.5,52785.6,2792.6,18.9,53679.5,2749.4,19.5,51341.8,2699.6,19.0,44484.5,2360.9,18.8,179620,9404,19.1,436080,26098,16.7,874382,504426,231891,121534,139702,719,194,9222,43566,60160,20826,5015,96059,37923,20783,16.0,0.1,1.1,0.0,0.6,5.0,6.9,2.4,19.0,16.4,17.1,61689.8,14189.1,4142.6,1765.5,13038.9,3981618811.9,1088093775.8,374323167.1,208594366.0,6595.7,18052.3,12816.0,15610.2,7277.8,1337.8,373853753.9,1094742966.3,826995824.8,1062172911.7,522845473.8,101007881.4,1803.9,42238.9,17031.0,615.9,60.2,10.0,81787.0,115,2431,79,708,26481.9,121307.8,56.3,333.2,173.1,1931.3,12070.9,12052.4,34108.0,1020.9,15445.1,46244.6,22.4,43019.9,3028.1,3648.1,2192.3,1131.0,6263.0,2407.3,12690.8,60676.3,20.9,65992.3,5.9,10.1,61698.4,663483.0,388246.2,67.4,50.9,11.7,3.4,1.5,10.7,21.8,50.9,2.9,68.5,27.6,1.0,10.7,29.3,20.8,25.3,11.8,2.2,69.7,4.9,5.9,3.6,1.8,10.2,3.9,19.6,55.3,19.5,0.3,0.5,3.1,1.7,25.0,75.0,14.6,56681,60643,64529,68044,71841,75506,64543,76685,90358,118148,5.6,4.9,5.0,4.0,7780,6898,11576,9410,1395,2325,61361,26,21,7137,3320,50851,10935,26112,16809,259,5460,60,1726,30585,5054,10321,25257,0.0,11.6,5.4,82.9,100,17.8,42.6,27.4,0.4,8.9,0.1,2.8,49.8,8.2,16.8,41.2,0.0
11,REGION 11: FORT WORTH,594188,83418,125082,322135,272053,56342,171946,123537,296171,2201,22981,38766,40449,42484,42002,42786,42616,42216,42783,43945,52396,49840,46338,42385,226976,96112,208232,33740,1927,25150,2051,304377,289811,39712,49320,323075,7699,14224,160,25876,1026,137088,413,302999,0.1,633179,9959,1.6,83380,452302,18.4,83418,37432,16593,14367,13876,1150,44.9,19.9,17.2,16.6,1.4,1.6,1.3,0.7,0.5,0.2,0.2,0.2,0.4,0.3,8.7,4.1,2.3,1.1,0.5,0.3,0.3,0.3,0.2,0.4,11.8,35.0,16.2,38.2,0.3,5.7,0.3,4.2,54.2,45.8,49.8,21.1,14.0,28.9,20.8,9.5,8.3,6.7,54.4,1.3,2.4,0.0,4.4,0.2,0.4,3.9,6.5,6.8,7.1,7.1,7.2,7.2,7.1,7.2,7.4,8.8,8.4,7.8,7.1,51.2,48.8,71.8,595757,100,3254,0.5,23005,3.9,38838,6.5,40496,6.8,42526,7.1,42038,7.1,42823,7.2,42637,7.2,42235,7.1,42791,7.2,43960,7.4,52414,8.8,49858,8.4,46357,7.8,42525,7.1,96237,16.2,227429,38.2,209072,35.1,2059,0.3,33794,5.7,1929,0.3,25237,4.2,290354,48.7,305403,51.3,322532,54.1,273225,45.9,49342,8.3,125183,21.0,39738,6.7,1027,0.2,7706,1.3,14236,2.4,160,0.0,324023,54.4,25891,4.3,296420,49.8,123599,20.7,56353,9.5,84771,14.2,252335,12767,19.8,248500,13220,18.8,247581,13774,18.0,8158.4,288.5,28.3,32537.4,1777.8,18.3,28435.6,1439.6,19.8,31893.3,1522.9,20.9,32359.3,1654.3,19.6,31415.7,1649.9,19.0,32430.3,1719.8,18.9,31112.6,1684.4,18.5,95666,5208,18.4,264336,15446,17.1,587271,323387,111692,86342,94659,403,312,2976,26810,35591,24323,4244,65466,17214,14608,16.1,0.1,0.5,0.1,0.7,4.6,6.1,4.1,20.2,15.4,16.9,41613.4,9284.0,2714.5,970.8,8308.8,2695834355.2,710111687.6,243434619.1,116615766.6,2893.8,10587.3,8925.1,11806.6,6313.9,1086.7,156813159.0,640268453.6,566475950.8,792691279.4,453492102.4,86093409.9,508.7,29434.3,11286.0,384.4,160.0,50.1,54582.7,134,1581,81,548,17519.2,80410.6,128.7,191.9,36.2,675.6,4425.9,6454.3,29251.4,578.0,9647.6,31965.8,38.7,28123.6,2207.3,2296.1,1665.9,825.4,4463.4,2032.6,7902.5,41406.4,19.1,45447.5,6.7,11.5,29724.3,521264.0,305273.4,67.9,51.8,11.5,3.4,1.2,10.3,21.8,37.0,1.2,70.7,27.1,0.9,7.0,25.4,21.4,28.4,15.2,2.6,67.6,5.3,5.5,4.0,2.0,10.7,4.9,10.6,70.3,15.5,0.1,0.5,1.6,1.4,23.2,76.8,14.3,54189,60475,63470,67140,71825,79224,64783,76488,89680,120121,6.1,5.3,5.3,4.4,6013,5233,8098,6797,979,1531,44113,18,3,7117,1149,35816,6864,16122,16895,172,2462,124,1474,20299,4056,5062,17872,0.0,16.1,2.6,81.2,100,15.6,36.5,38.3,0.4,5.6,0.3,3.3,46.0,9.2,11.5,40.5,0.0
12,REGION 12: WACO,177294,28751,23552,109916,67378,11818,46028,23216,84819,594,8264,12261,12939,13188,13379,13319,13112,13153,13115,13065,14417,13297,12283,10908,66529,32901,60899,4001,1581,10796,587,90810,86484,14450,17973,125029,2192,1271,157,35287,756,39434,45,83000,0.1,189132,4095,2.2,26690,137474,19.4,28751,13631,5104,5787,3721,508,47.4,17.8,20.1,12.9,1.8,1.3,2.5,1.4,0.8,0.4,0.4,0.3,0.6,0.5,7.2,3.6,6.9,2.9,1.1,0.9,0.7,0.5,0.4,0.8,11.3,34.3,18.6,37.5,0.3,2.3,0.9,6.1,62.0,38.0,47.8,13.3,16.2,26.0,13.1,6.7,10.1,8.2,70.5,1.2,0.7,0.1,19.9,0.4,0.3,4.7,6.9,7.3,7.4,7.5,7.5,7.4,7.4,7.4,7.4,8.1,7.5,6.9,6.2,51.2,48.8,77.5,177692,100,793,0.4,8266,4.7,12270,6.9,12951,7.3,13203,7.4,13391,7.5,13325,7.5,13121,7.4,13159,7.4,13119,7.4,13068,7.4,14423,8.1,13311,7.5,12301,6.9,10991,6.2,32947,18.5,66678,37.5,61071,34.4,592,0.3,4008,2.3,1583,0.9,10813,6.1,86656,48.8,91036,51.2,110092,62.0,67600,38.0,17985,10.1,23585,13.3,14459,8.1,758,0.4,2199,1.2,1274,0.7,157,0.1,125345,70.5,35304,19.9,84940,47.8,23246,13.1,11821,6.7,29032,16.3,71027,4115,17.3,74498,4397,16.9,76195,4947,15.4,2603.1,94.5,27.5,9167.7,492.7,18.6,9305.8,526.2,17.7,9830.9,486.3,20.2,10229.3,533.4,19.2,10282.4,539.8,19.0,9849.9,519.3,19.0,9719.8,522.8,18.6,29353,1632,18.0,79175,5726,13.8,174520,106147,21233,30426,31500,130,431,462,9357,10553,8414,2153,20847,3095,6315,18.0,0.1,0.3,0.2,1.2,5.4,6.0,4.8,19.6,14.6,20.8,12616.2,2616.1,1005.4,377.0,3677.9,750087995.6,179888112.2,81317730.1,42951136.8,1055.1,3790.3,2543.2,3101.2,1704.0,422.4,54182390.2,206673839.4,148463700.1,195196705.4,115576016.7,29995343.9,220.7,9322.1,2984.8,88.6,118.2,9.7,16614.7,51,441,24,124,6296.6,26589.2,80.6,54.2,25.7,153.4,1548.4,1724.9,8864.7,245.0,3063.3,9552.9,51.4,9256.8,760.7,444.2,524.1,119.1,1205.0,306.4,2562.3,12750.2,20.1,13888.5,6.2,10.9,9675.6,151441.5,86157.5,62.5,47.4,9.8,3.8,1.4,13.8,23.7,36.4,1.7,73.9,23.7,0.7,8.4,30.0,20.2,24.6,13.5,3.3,73.4,6.0,3.5,4.2,0.9,9.6,2.4,12.3,70.3,13.7,0.2,0.4,1.2,1.9,24.3,75.7,14.1,51351,54526,58377,62942,67827,71013,59454,68761,80885,113934,5.8,4.8,4.5,3.7,2040,1668,2188,1827,349,489,11317,10,2,1812,639,8849,2030,4187,4188,43,257,101,511,5774,1285,885,4922,0.0,16.0,5.6,78.2,100,17.9,37.0,37.0,0.4,2.3,0.9,4.5,51.0,11.4,7.8,43.5,0.1
13,REGION 13: AUSTIN,390164,57857,93447,175183,214981,42721,98928,96737,187172,1385,15536,26330,27110,28816,28785,28635,28285,27815,28344,28756,32462,31442,29424,27039,183750,25938,131230,31057,429,16849,911,200427,189737,28621,36168,173242,4007,14474,322,10208,772,83912,393,191979,0.2,410906,6903,1.7,52685,301689,17.5,57857,28039,10028,10474,8570,746,48.5,17.3,18.1,14.8,1.3,1.1,0.6,0.4,0.3,0.2,0.1,0.1,0.2,0.2,5.1,2.7,1.3,0.8,0.3,0.3,0.2,0.2,0.3,0.3,8.6,33.6,6.6,47.1,0.2,8.0,0.1,4.3,44.9,55.1,48.0,24.0,14.8,25.4,24.8,10.9,9.3,7.3,44.4,1.0,3.7,0.1,2.6,0.2,0.4,4.0,6.7,6.9,7.4,7.4,7.3,7.2,7.1,7.3,7.4,8.3,8.1,7.5,6.9,51.4,48.6,69.7,391175,100,1935,0.5,15541,4.0,26352,6.7,27125,6.9,28846,7.4,28798,7.4,28653,7.3,28292,7.2,27824,7.1,28365,7.3,28772,7.4,32473,8.3,31454,8.0,29447,7.5,27298,7.0,26000,6.6,184181,47.1,131665,33.7,916,0.2,31088,7.9,429,0.1,16896,4.3,190105,48.6,201070,51.4,175445,44.9,215730,55.1,36198,9.3,93545,23.9,28644,7.3,775,0.2,4016,1.0,14483,3.7,325,0.1,173865,44.4,10216,2.6,187468,47.9,96825,24.8,42728,10.9,58610,15.0,170207,8884,19.2,174080,9134,19.1,174222,9926,17.6,4884.9,241.5,20.2,18649.3,1008.4,18.5,14879.2,803.2,18.5,20037.9,952.4,21.0,20625.9,1044.1,19.8,20241.4,1033.9,19.6,19911.1,1034.0,19.3,18948.9,1010.7,18.7,75135,3773,19.9,179320,10776,16.6,380355,175345,82623,59391,58887,207,82,3210,7333,31622,14080,2353,34785,15288,10177,15.5,0.1,0.8,0.0,0.6,1.9,8.3,3.7,19.8,18.5,17.1,27200.5,5968.9,1861.1,624.0,6226.0,1635598252.5,436706567.5,155922007.4,74453491.9,2352.2,8042.2,5336.7,7216.9,3553.2,699.2,125277351.7,453913720.6,314580927.1,452316288.7,238367655.8,51142308.6,664.6,19208.2,7089.2,238.5,21.9,0.0,35654.5,116,920,65,332,12026.0,53906.5,36.0,82.5,43.6,734.4,1565.4,6635.0,17731.4,408.1,6697.4,20503.0,6.6,18078.8,1206.5,2255.2,533.1,386.1,3629.4,1111.3,5278.3,25981.9,20.3,28891.7,6.1,10.6,23428.4,306090.8,175115.1,66.1,50.5,11.1,3.5,1.2,11.5,22.3,43.5,2.4,70.6,26.1,0.9,8.6,29.6,19.6,26.5,13.1,2.6,66.5,4.4,8.3,2.0,1.4,13.3,4.1,5.8,65.2,24.4,0.2,0.3,2.7,1.5,24.6,75.4,14.3,53261,56441,58946,62675,67085,73141,60131,73164,83779,119317,5.8,4.8,4.7,3.7,3418,2869,4759,3754,592,1018,27097,312,17,3082,895,22782,1871,12088,10258,72,1828,30,950,10237,2705,3318,10889,0.1,11.4,3.3,84.1,100,6.9,44.6,37.9,0.3,6.7,0.1,3.5,37.8,10.0,12.2,40.2,1.2
14,REGION 14: ABILENE,68324,9814,5392,37990,30334,3302,14257,5065,30148,219,2808,5816,6281,6159,5877,5452,5213,5038,5096,4708,4597,3977,3626,3457,26185,7165,29578,2272,109,2796,219,34535,33789,3343,4365,38083,1633,473,84,3890,262,11369,40,28214,0.1,74325,935,1.3,12094,54254,22.3,9814,4812,2169,1522,1204,107,49.0,22.1,15.5,12.3,1.1,3.8,3.4,1.8,1.5,1.5,1.2,0.9,1.2,1.1,8.8,12.3,7.5,2.5,2.1,1.3,1.5,1.1,1.1,1.5,16.4,43.3,10.5,38.3,0.3,3.3,0.2,4.1,55.6,44.4,44.1,7.9,14.4,20.9,7.4,4.8,6.4,4.9,55.7,2.4,0.7,0.1,5.7,0.4,0.3,4.1,8.5,9.2,9.0,8.6,8.0,7.6,7.4,7.5,6.9,6.7,5.8,5.3,5.1,50.5,49.5,72.6,68615,100,470,0.7,2810,4.1,5820,8.5,6283,9.2,6160,9.0,5878,8.6,5456,8.0,5216,7.6,5041,7.3,5099,7.4,4709,6.9,4599,6.7,3978,5.8,3628,5.3,3468,5.1,7177,10.5,26366,38.4,29668,43.2,220,0.3,2273,3.3,109,0.2,2802,4.1,33913,49.4,34702,50.6,38060,55.5,30555,44.5,4365,6.4,5393,7.9,3344,4.9,266,0.4,1646,2.4,473,0.7,84,0.1,38224,55.7,3890,5.7,30175,44.0,5066,7.4,3303,4.8,9903,14.4,23341,1459,16.0,22989,1469,15.6,23491,1634,14.4,257.3,9.1,28.4,4259.6,251.4,16.9,3366.7,182.4,18.5,4191.3,222.1,18.9,4186.7,228.5,18.3,4382.1,242.3,18.1,4456.9,239.4,18.6,4506.6,247.5,18.2,9355,680,13.8,25675,1818,14.1,66436,36927,4812,10193,14259,65,15,315,2316,5482,5371,695,9118,871,2344,21.5,0.1,0.5,0.0,1.0,3.5,8.3,8.1,24.7,18.1,23.0,4613.8,822.3,290.1,130.0,1431.6,244247108.3,45795633.9,21795521.2,13374268.8,340.3,1521.5,927.9,1057.4,611.8,155.0,15100330.5,73969993.0,47514010.3,59382908.8,38030693.8,10249172.0,75.6,3598.0,906.3,33.8,88.8,0.0,5856.1,31,149,3,19,2037.9,9325.6,53.6,14.4,1.8,52.8,224.6,632.3,3636.1,51.8,1047.5,3566.3,14.9,3567.1,309.0,12.3,207.3,6.6,397.6,114.7,1046.8,4748.4,22.0,5051.9,5.9,10.8,2658.7,54344.9,29961.8,62.8,49.5,8.8,3.1,1.4,15.4,21.9,28.5,1.6,78.0,19.6,0.7,7.4,33.0,20.1,22.9,13.3,3.4,77.3,6.7,0.3,4.5,0.1,8.6,2.5,4.9,78.8,13.7,0.0,0.3,1.1,1.1,22.7,77.3,14.8,44375,48618,51208,56161,62159,66141,52939,55694,75136,102880,5.2,4.2,3.9,3.3,880,712,513,429,170,131,3728,1,1,328,280,3114,253,1421,1841,12,79,4,118,1725,346,162,1379,0.0,8.8,7.5,83.5,100,6.8,38.1,49.4,0.3,2.1,0.1,3.2,46.3,9.3,4.3,37.0,0.0
15,REGION 15: SAN ANGELO,49890,7647,4899,30999,18891,2917,12705,4776,25087,207,1863,3280,3684,3821,3663,3656,3666,3720,3580,3808,4223,4044,3540,3135,29201,1646,17386,318,38,1220,81,25712,24178,2792,3916,44226,578,471,264,2628,250,10866,40,24183,0.2,53148,966,1.8,7132,39000,18.3,7647,4022,1562,1250,687,126,52.6,20.4,16.3,9.0,1.6,2.4,2.6,1.1,0.6,0.5,0.3,0.3,0.4,1.6,7.3,6.1,6.0,2.2,0.9,0.0,0.8,0.2,0.5,0.5,11.8,34.8,3.3,58.5,0.2,0.6,0.1,2.4,62.1,37.9,50.3,9.8,15.3,25.5,9.6,5.8,7.8,5.6,88.6,1.2,0.9,0.5,5.3,0.5,0.4,3.7,6.6,7.4,7.7,7.3,7.3,7.3,7.5,7.2,7.6,8.5,8.1,7.1,6.3,51.5,48.5,72.7,49994,100,287,0.6,1863,3.7,3283,6.6,3685,7.4,3826,7.7,3665,7.3,3658,7.3,3668,7.3,3721,7.4,3580,7.2,3808,7.6,4224,8.4,4045,8.1,3544,7.1,3137,6.3,1646,3.3,29263,58.5,17425,34.9,82,0.2,318,0.6,38,0.1,1222,2.4,24203,48.4,25791,51.6,31031,62.1,18963,37.9,3916,7.8,4904,9.8,2792,5.6,250,0.5,578,1.2,471,0.9,264,0.5,44326,88.7,2628,5.3,25096,50.2,4781,9.6,2917,5.8,7742,15.5,20534,1254,16.4,21926,1334,16.4,21863,1398,15.6,293.4,10.8,27.1,2875.3,169.9,16.9,2547.8,150.8,16.9,3127.8,171.3,18.3,3104.2,178.3,17.4,3114.5,172.8,18.0,3119.3,176.3,17.7,3113.5,180.3,17.3,7736,450,17.2,23979,1636,14.7,48678,30164,4222,7720,6983,22,8,33,405,3853,2407,255,4938,557,1248,14.3,0.0,0.1,0.0,0.5,0.8,7.9,4.9,16.4,13.2,16.2,3714.2,700.6,246.5,133.1,1040.3,202174392.2,46711101.4,19448692.0,14144107.2,292.1,978.4,642.4,1024.9,622.7,153.7,12559003.6,46857752.6,33331517.7,59658419.4,39513097.6,10254601.2,73.3,2924.7,700.9,15.3,47.1,13.2,4794.4,35,164,7,25,1949.2,7783.9,37.1,12.3,1.0,8.7,106.7,1055.9,2511.8,17.7,850.4,2863.7,10.7,2887.7,280.8,65.7,132.3,17.3,271.3,59.0,784.8,3811.2,20.6,4207.5,7.3,12.3,3351.8,51614.5,30855.5,61.6,47.7,9.0,3.2,1.7,13.4,25.0,43.1,2.0,78.7,18.9,0.4,7.9,26.3,17.3,27.6,16.8,4.1,77.7,7.6,1.8,3.6,0.5,7.3,1.6,2.9,67.6,28.4,0.0,0.3,0.2,0.5,22.9,77.1,13.4,42998,47892,51889,58207,63453,66734,54433,66669,78914,106243,5.6,4.2,4.1,3.3,850,627,436,345,151,106,3431,0,3,467,423,2523,91,2054,1180,6,16,2,82,1745,365,193,1768,0.1,13.6,12.3,73.5,100,2.7,59.9,34.4,0.2,0.5,0.1,2.4,50.9,10.6,5.6,51.5,0.0
16,REGION 16: AMARILLO,79846,12113,14025,49938,29908,4093,21645,13812,39080,275,3910,5342,5570,5792,5856,5940,5771,5815,5891,6001,6573,6085,5833,5192,39673,4102,31734,1927,59,1993,358,41152,38694,5091,5125,59409,2471,1211,848,2157,281,18536,71,38155,0.2,84719,1920,2.3,9075,58778,15.4,12113,5730,2945,2378,930,130,47.3,24.3,19.6,7.7,1.1,3.2,2.8,1.4,0.7,0.3,0.2,0.2,0.4,0.3,3.6,8.9,5.3,2.7,0.6,0.8,0.6,0.7,0.5,0.8,5.9,39.7,5.1,49.7,0.4,2.4,0.1,2.5,62.5,37.5,48.9,17.6,15.2,27.1,17.3,5.1,6.4,6.4,74.4,3.1,1.5,1.1,2.7,0.4,0.3,4.9,6.7,7.0,7.3,7.3,7.4,7.2,7.3,7.4,7.5,8.2,7.6,7.3,6.5,51.5,48.5,78.3,80213,100,446,0.6,3929,4.9,5349,6.7,5583,7.0,5802,7.2,5863,7.3,5946,7.4,5779,7.2,5823,7.3,5899,7.4,6013,7.5,6583,8.2,6093,7.6,5840,7.3,5265,6.6,4116,5.1,39834,49.7,31913,39.8,361,0.5,1931,2.4,59,0.1,1999,2.5,38857,48.4,41356,51.6,50066,62.4,30147,37.6,5136,6.4,14061,17.5,5100,6.4,281,0.4,2474,3.1,1212,1.5,864,1.1,59661,74.4,2157,2.7,39188,48.9,13847,17.3,4107,5.1,12324,15.4,33219,2083,15.9,34281,2101,16.3,34458,2233,15.4,92.8,5.2,17.8,4471.8,259.2,17.3,4454.8,240.7,18.5,5015.9,265.0,18.9,5091.4,283.8,17.9,5163.5,280.9,18.4,4861.2,273.2,17.8,4783.5,272.8,17.5,12709,790,16.1,37594,2642,14.2,76446,47336,12167,12417,9361,43,9,208,829,4612,3349,311,7057,1409,1755,12.2,0.1,0.3,0.0,0.4,1.1,6.0,4.4,14.9,11.6,14.1,6174.2,905.9,457.9,183.5,1704.3,347720068.1,59656062.7,36591168.6,19620284.1,451.8,1600.3,1161.0,1712.0,958.7,290.3,19758778.6,78888142.6,63902639.5,103289533.8,62362567.8,19518405.7,168.6,4985.0,1000.8,19.7,30.8,1.0,7721.5,36,198,11,57,2828.3,12254.1,2.4,26.8,5.0,35.7,94.5,1096.6,4872.0,43.5,1423.4,4750.8,10.0,4399.2,429.9,166.2,373.6,12.4,585.7,207.3,1158.2,6242.3,18.6,6700.4,8.5,12.0,3782.6,80532.3,57023.4,63.0,50.4,7.4,3.7,1.5,13.9,23.1,30.9,2.7,80.7,16.2,0.3,7.3,25.9,18.8,27.7,15.5,4.7,71.3,7.0,2.7,6.1,0.2,9.5,3.4,1.5,78.9,17.8,0.1,0.4,0.6,0.7,23.1,76.9,12.9,43729,49295,55039,60332,65051,67240,56319,65856,79910,106894,6.6,5.5,4.7,4.3,1448,1210,877,803,220,185,5419,0,3,648,321,4447,259,2546,2332,30,128,7,117,2723,489,479,2242,0.1,12.0,5.9,82.1,100,4.8,47.0,43.0,0.6,2.4,0.1,2.2,50.2,9.0,8.8,41.4,0.0
17,REGION 17: LUBBOCK,81512,12531,6688,51366,30146,5800,22620,6848,38704,247,3921,5514,5845,6024,5874,5798,5791,5849,5865,6223,6755,6327,6147,5332,47737,5038,25582,1138,84,1724,209,41776,39736,5627,6746,63775,1000,736,883,1193,271,19798,54,40177,0.1,87186,2574,3.0,11032,65309,16.9,12531,6966,2233,1868,1250,214,55.6,17.8,14.9,10.0,1.7,2.8,3.3,1.7,1.3,0.7,0.4,0.6,0.8,0.5,4.5,8.1,4.5,1.9,0.9,0.8,0.7,0.3,0.3,1.3,5.9,31.4,6.2,58.6,0.3,1.4,0.1,2.1,63.0,37.0,47.5,8.2,15.4,27.8,8.4,7.1,8.3,6.9,78.2,1.2,0.9,1.1,1.5,0.3,0.3,4.8,6.8,7.2,7.4,7.2,7.1,7.1,7.2,7.2,7.6,8.3,7.8,7.5,6.5,51.3,48.7,80.6,81819,100,445,0.5,3932,4.8,5522,6.7,5856,7.2,6033,7.4,5880,7.2,5803,7.1,5795,7.1,5852,7.2,5867,7.2,6223,7.6,6763,8.3,6332,7.7,6158,7.5,5358,6.5,5061,6.2,47901,58.5,25692,31.4,210,0.3,1142,1.4,84,0.1,1729,2.1,39848,48.7,41971,51.3,51486,62.9,30333,37.1,6750,8.2,6691,8.2,5629,6.9,276,0.3,1008,1.2,736,0.9,889,1.1,64024,78.3,1193,1.5,38755,47.4,6851,8.4,5800,7.1,12752,15.6,33285,2044,16.3,35355,2248,15.7,35953,2433,14.8,160.0,7.3,21.9,4990.9,289.6,17.2,3860.5,234.6,16.5,5072.9,291.1,17.4,5288.4,309.4,17.1,5171.7,297.9,17.4,5289.2,297.2,17.8,5307.0,302.2,17.6,13510,803,16.8,39007,2820,13.8,80656,51625,5990,12961,13021,30,10,157,1573,7807,3097,347,9752,888,2413,16.1,0.0,0.2,0.0,0.4,2.0,9.7,3.8,18.9,14.8,18.6,6468.9,1222.6,439.1,196.8,1838.6,344341344.2,78746635.0,36089707.2,22420278.9,569.5,1677.2,1243.1,1685.2,996.4,297.5,24526505.7,77821513.1,62530222.8,95567965.0,63983996.5,19911141.2,119.3,4837.1,1466.3,46.1,96.0,16.2,8327.4,41,259,12,62,2358.8,12524.9,69.5,24.4,6.8,19.9,191.1,1446.5,4698.9,81.2,1581.6,4887.3,12.1,4664.5,448.3,95.4,352.3,33.3,673.9,201.2,1277.8,6445.2,19.8,7181.5,6.4,11.7,4846.6,83967.0,46311.4,66.5,51.6,9.8,3.5,1.6,14.7,18.8,38.7,1.8,74.8,22.7,0.7,8.8,25.9,19.2,26.1,15.4,4.6,72.1,6.9,1.5,5.4,0.5,10.4,3.1,3.0,72.6,22.4,0.1,0.4,0.3,1.3,24.4,75.6,12.6,43069,46399,50301,56712,64216,66918,53230,64409,82193,113932,6.1,5.0,4.8,4.2,1319,1093,1070,927,218,222,5565,16,0,723,141,4685,335,3251,1764,14,87,6,108,3094,585,242,2386,0.0,13.0,2.5,84.2,100,6.0,58.4,31.7,0.3,1.6,0.1,1.9,55.6,10.5,4.3,42.9,0.3
18,REGION 18: MIDLAND,99245,11594,19529,60368,38877,6533,22682,19133,54118,315,4008,7051,7378,7596,7367,7440,7271,7127,7232,7540,8823,7910,6904,5283,69917,4793,20863,1325,169,1931,247,50330,48915,4206,3950,85364,2054,2964,61,1487,114,20180,142,42493,0.3,98377,2382,2.4,12462,68200,18.3,11594,5584,2649,1773,1361,227,48.2,22.8,15.3,11.7,2.0,2.9,3.4,1.7,1.4,0.7,0.4,0.4,0.6,0.5,7.2,6.6,5.7,2.5,0.7,1.0,0.6,0.6,0.4,0.4,8.6,21.0,4.8,70.4,0.2,1.3,0.2,1.9,60.8,39.2,54.5,19.7,11.7,22.9,19.3,6.6,4.0,4.2,86.0,2.1,3.0,0.1,1.5,0.1,0.3,4.0,7.1,7.4,7.7,7.4,7.5,7.3,7.2,7.3,7.6,8.9,8.0,7.0,5.3,50.7,49.3,69.8,99391,100,438,0.4,4008,4.0,7053,7.1,7378,7.4,7597,7.6,7372,7.4,7441,7.5,7271,7.3,7128,7.2,7232,7.3,7541,7.6,8826,8.9,7911,8.0,6904,6.9,5291,5.3,4795,4.8,70013,70.4,20907,21.0,247,0.2,1325,1.3,169,0.2,1935,1.9,48957,49.3,50434,50.7,60420,60.8,38971,39.2,3951,4.0,19535,19.7,4207,4.2,116,0.1,2054,2.1,2970,3.0,61,0.1,85494,86.0,1487,1.5,54136,54.5,19139,19.3,6533,6.6,11725,11.8,34709,2214,15.7,34236,2158,15.9,35915,2387,15.0,66.7,3.6,18.4,4147.3,223.4,18.6,4146.0,219.6,18.9,4650.2,218.4,21.3,4671.8,220.5,21.2,4283.9,210.0,20.4,4450.0,222.1,20.0,4203.5,211.3,19.9,13227,830,15.9,39012,2564,15.2,89550,53300,16442,11198,15201,58,27,124,976,10628,3028,360,10114,3232,1850,17.0,0.1,0.1,0.0,0.4,1.1,11.9,3.4,19.0,19.7,16.5,5462.7,1203.8,353.6,145.4,1867.1,340791303.5,89933123.1,31689609.5,17758343.3,510.2,1565.4,1038.4,1297.4,808.5,242.6,28388473.2,88088104.2,63668669.6,85551495.4,57190296.4,17904264.6,138.0,4020.4,1267.7,36.5,47.2,3.0,7165.5,21,216,10,46,2947.8,11980.4,238.7,23.1,6.0,153.2,222.3,2005.1,2993.6,59.4,1340.7,4122.0,4.6,3833.4,331.0,324.2,210.0,126.4,531.8,148.8,1194.9,5507.6,21.7,6156.3,7.2,11.5,6759.8,71045.4,44383.7,59.8,45.6,10.0,3.0,1.2,15.6,24.6,56.4,2.5,73.6,23.2,0.7,9.3,28.7,19.0,23.8,14.8,4.4,70.2,6.1,5.9,3.8,2.3,9.7,2.7,4.1,54.8,36.7,0.1,0.4,2.8,1.1,24.5,75.5,18.2,55637,56271,61312,65938,70734,73811,62385,74707,89617,122141,5.6,4.1,4.4,3.7,893,653,878,730,160,199,5390,3,0,849,109,4429,216,3826,1184,15,75,7,67,2497,411,643,2944,0.0,15.8,2.0,82.2,100,4.0,71.0,22.0,0.3,1.4,0.1,1.2,46.3,7.6,11.9,54.6,0.1
19,REGION 19: EL PASO,163121,22140,57951,124444,38677,13755,50265,59442,96400,438,8572,9577,10313,10840,10914,10899,11206,11525,11794,12207,15286,14176,13297,12077,147861,3352,8522,1072,337,1715,262,83299,79822,5150,9280,158898,1900,1583,585,15922,164,43796,220,85970,0.3,174015,3655,2.1,23433,129278,18.1,22140,9572,5215,3943,3139,271,43.2,23.6,17.8,14.2,1.2,0.8,2.1,1.2,0.4,0.4,0.2,0.1,0.3,0.2,12.7,8.0,4.4,2.5,0.7,0.8,0.3,0.3,0.2,0.3,21.0,5.2,2.1,90.6,0.2,0.7,0.2,1.1,76.3,23.7,59.1,35.5,13.6,30.8,36.4,8.4,5.7,3.2,97.4,1.2,1.0,0.4,9.8,0.1,0.3,5.3,5.9,6.3,6.6,6.7,6.7,6.9,7.1,7.2,7.5,9.4,8.7,8.2,7.4,51.1,48.9,79.9,163415,100,572,0.4,8579,5.2,9587,5.9,10331,6.3,10845,6.6,10922,6.7,10903,6.7,11214,6.9,11526,7.1,11795,7.2,12210,7.5,15291,9.4,14184,8.7,13314,8.1,12142,7.4,3356,2.1,148130,90.6,8539,5.2,262,0.2,1074,0.7,337,0.2,1717,1.1,79933,48.9,83482,51.1,124619,76.3,38796,23.7,9294,5.7,57990,35.5,5151,3.2,165,0.1,1903,1.2,1584,1.0,588,0.4,159174,97.4,15932,9.7,96498,59.1,59475,36.4,13761,8.4,22269,13.6,82285,4727,17.4,83473,4824,17.3,86161,5230,16.5,388.0,6.8,57.0,4995.0,279.4,17.9,6556.2,366.5,17.9,8051.1,328.2,24.5,7173.0,352.5,20.4,6540.5,332.7,19.7,6220.8,334.5,18.6,5610.4,304.0,18.5,34553,1666,20.7,89486,5930,15.1,162306,123737,56254,22948,25883,65,72,131,994,22521,1716,384,19554,8977,3834,15.9,0.0,0.1,0.0,0.2,0.6,13.9,1.1,15.8,16.0,16.7,10072.2,2841.5,822.8,248.2,2046.2,678639537.4,205987091.0,72878309.7,28184206.9,559.6,2050.6,1990.6,3459.3,1745.8,266.2,28518415.2,132140279.3,132492578.3,239236890.2,126172477.6,20078896.7,176.8,6891.9,2928.8,74.6,0.0,0.0,13984.6,16,462,60,132,7229.9,23260.7,5.2,12.1,3.8,86.1,183.6,8483.9,1248.2,54.5,3033.1,7039.0,0.0,7108.4,523.1,1212.8,66.4,50.4,886.2,224.8,1442.3,11039.4,13.1,10810.2,10.3,12.7,21002.8,137730.5,111719.9,60.1,43.3,12.2,3.5,1.1,8.8,31.1,90.3,1.8,68.4,29.1,0.7,5.6,20.4,19.8,34.3,17.3,2.6,70.6,5.2,12.0,0.7,0.5,8.8,2.2,1.8,12.4,84.2,0.0,0.1,0.9,0.5,30.1,69.9,16.2,50958,64439,66559,69158,72273,75424,67378,72493,88572,113571,5.8,5.4,5.6,5.1,1411,1313,2382,2194,243,429,12716,0,8,690,715,11294,218,11705,570,24,83,21,95,9038,1014,2993,6887,0.1,5.4,5.6,88.8,100,1.7,92.0,4.5,0.2,0.7,0.2,0.7,71.1,8.0,23.5,54.2,0.0
20,REGION 20: SAN ANTONIO,502919,76787,79655,300292,202627,38827,119230,82276,271116,2002,22593,33924,35944,37482,37075,36876,36672,36861,36701,37186,42504,39157,35554,32388,337947,31479,100951,15211,798,15373,1160,257677,245242,26013,37585,287363,6254,10424,818,40500,1733,100491,762,246123,0.3,533306,11036,2.1,75718,392207,19.3,76787,36576,14500,13804,10485,1422,47.6,18.9,18.0,13.7,1.9,1.2,1.8,1.1,0.6,0.3,0.3,0.5,0.6,0.7,9.3,2.9,1.9,1.2,0.6,0.3,0.2,0.4,0.6,0.6,14.4,20.1,6.3,67.2,0.2,3.0,0.2,3.1,59.7,40.3,53.9,15.8,15.3,23.7,16.4,7.7,7.5,5.2,57.1,1.2,2.1,0.2,8.1,0.3,0.4,4.5,6.7,7.1,7.5,7.4,7.3,7.3,7.3,7.3,7.4,8.5,7.8,7.1,6.4,51.2,48.8,67.2,504360,100,2746,0.5,22935,4.5,33944,6.7,35960,7.1,37503,7.4,37098,7.4,36891,7.3,36677,7.3,36871,7.3,36710,7.3,37194,7.4,42520,8.4,39163,7.8,35571,7.1,32577,6.5,31530,6.3,338878,67.2,101378,20.1,1160,0.2,15224,3.0,799,0.2,15391,3.1,245766,48.7,258594,51.3,300743,59.6,203617,40.4,37600,7.5,79723,15.8,26023,5.2,1739,0.3,6260,1.2,10430,2.1,820,0.2,288004,57.1,40518,8.0,271536,53.8,82309,16.3,38830,7.7,77726,15.4,214385,11637,18.4,207966,11279,18.4,208987,12294,17.0,627.9,27.1,23.2,22603.2,1226.4,18.4,22493.2,1184.3,19.0,28383.3,1319.2,21.5,27598.4,1414.6,19.5,27730.2,1425.0,19.5,27556.0,1407.8,19.6,27945.0,1466.4,19.1,89848,4869,18.5,222954,13943,16.0,497929,301388,71929,79285,91312,300,202,2070,10244,61478,14149,2869,63768,13308,15458,18.3,0.1,0.4,0.0,0.6,2.1,12.3,2.8,21.2,18.5,19.5,33309.8,8479.1,2180.8,629.1,7733.8,2049115656.9,593533636.7,184342334.8,75293616.8,2557.6,8914.1,6938.1,9583.4,4589.2,727.5,137639116.6,514059508.9,420466275.0,612888091.9,311585866.5,52476798.0,868.6,22979.3,9235.8,226.1,61.9,6.0,44598.8,78,1247,24,408,17380.7,69713.4,91.5,60.3,32.5,341.5,1655.8,16213.8,14642.6,363.1,8307.2,25002.6,24.1,23091.0,1568.7,2135.3,1020.3,389.3,3806.2,1301.1,6405.7,33095.0,19.4,35573.2,6.8,11.0,44515.6,389781.5,242706.3,64.0,47.8,12.2,3.1,0.9,11.1,24.9,63.9,2.6,69.0,27.7,0.7,7.7,26.8,20.8,28.8,13.8,2.2,69.3,4.7,6.4,3.1,1.2,11.4,3.9,5.0,44.0,48.7,0.1,0.2,1.0,1.1,24.9,75.1,15.1,53815,57668,60603,63953,67895,72137,61517,70000,84530,119686,5.8,5.0,4.7,3.9,4714,4015,5783,4768,807,1232,33895,8,48,4914,1030,27830,2035,22682,7385,81,756,63,893,17782,3427,2835,14998,0.1,14.5,3.0,82.1,100,6.0,66.9,21.8,0.2,2.2,0.2,2.6,52.5,10.1,8.4,44.2,0.0
